# data_sources: CollegeFootballData.com API (live pull); ESPN CFB, Sports-Reference CFB, Pro-Football-Reference/Stathead (verification & comparables)
# last_updated: 2026-09-08
# scope: All FBS skill-position players (QB, RB, WR, TE, ATH) with stats accrued in their college careers
# note: comparable stat summaries are approximate; verify on Sports-Reference before relying on them
player_id,full_name,espn_id,school,conference,position,class_year,height_in,weight_lb,hometown,season_year,games_played,games_started,pass_att,pass_comp,pass_cmp_pct,pass_yds,pass_td,pass_int,pass_yds_per_att,passer_rating,rush_att,rush_yds,rush_td,rush_yds_per_att,rec,rec_yds,rec_td,rec_yds_per_rec,nfl_comparable_name,nfl_comparable_position,nfl_comparable_college,nfl_comparable_college_season_year,nfl_comparable_college_stats_summary,similarity_notes,data_status
4870900,Dylan Lonergan,,Boston College,ACC,QB,SR,74,210,"Snellville, GA",2025,,,284.0,190.0,66.9,2025.0,12.0,5.0,7.13,137.2,36.0,-37.0,1.0,-1.03,1.0,-1.0,0.0,-1.0,Trevor Lawrence,QB,Clemson,2020,"~3,153 pass yds, 24 TD, 5 INT, 69% cmp; ~203 rush yds, 8 rush TD (approx.)",Auto-match (approx. library): efficient franchise-type in shortened season. Verify exact line on Sports-Reference.,CFBD_SYNC
5307005,Mason McKenzie,,Boston College,ACC,QB,JR,73,200,"Caledonia, MI",2026,1,,35.0,18.0,51.4,223.0,1.0,1.0,6.37,108.7,20.0,78.0,0.0,3.9,,,,,Brock Purdy,QB,Iowa State,2020,"~2,750 pass yds, 19 TD, 9 INT, 66% cmp; ~382 rush yds, 8 rush TD (approx.)",Auto-match (approx. library): moderate-volume efficient game manager. Verify exact line on Sports-Reference.,CFBD_SYNC
5164317,Shaker Reisig,,Boston College,ACC,QB,FR,72,194,"Tulsa, OK",2025,,,19.0,10.0,52.6,141.0,1.0,2.0,7.42,111.3,7.0,1.0,0.0,0.14,,,,,Brock Purdy,QB,Iowa State,2020,"~2,750 pass yds, 19 TD, 9 INT, 66% cmp; ~382 rush yds, 8 rush TD (approx.)",Auto-match (approx. library): moderate-volume efficient game manager. Verify exact line on Sports-Reference.,CFBD_SYNC
4773919,Tommy Castellanos,,Boston College,ACC,QB,SR,70,190,"Waycross, GA",2024,,,161.0,99.0,61.5,1366.0,18.0,5.0,8.48,163.4,93.0,194.0,1.0,2.09,,,,,Brock Purdy,QB,Iowa State,2020,"~2,750 pass yds, 19 TD, 9 INT, 66% cmp; ~382 rush yds, 8 rush TD (approx.)",Auto-match (approx. library): moderate-volume efficient game manager. Verify exact line on Sports-Reference.,CFBD_SYNC
4773919,Tommy Castellanos,,Boston College,ACC,QB,SR,70,190,"Waycross, GA",2023,,,330.0,189.0,57.3,2270.0,15.0,14.0,6.88,121.6,215.0,1113.0,13.0,5.18,2.0,-11.0,0.0,-5.5,Dak Prescott,QB,Mississippi State,2014,"~3,449 pass yds, 27 TD, 11 INT, 61% cmp; ~986 rush yds, 14 rush TD (approx.)","Auto-match (approx. library): power-run dual-threat, SEC volume. Verify exact line on Sports-Reference.",CFBD_SYNC
5110101,EJ Caminong,,California,ACC,QB,SO,74,220,"Seattle, WA",2024,,,19.0,6.0,31.6,57.0,0.0,0.0,3.0,56.8,10.0,18.0,0.0,1.8,,,,,Josh Allen,QB,Wyoming,2016,"~3,203 pass yds, 28 TD, 15 INT, 56% cmp; ~523 rush yds, 7 rush TD (approx.)","Auto-match (approx. library): raw big-arm G5 dual-threat, high INT volume. Verify exact line on Sports-Reference.",CFBD_SYNC
5054036,Jackson Brousseau,,California,ACC,QB,JR,76,225,"Lehi, UT",2026,1,,6.0,2.0,33.3,20.0,0.0,0.0,3.33,61.3,,,,,,,,,Josh Allen,QB,Wyoming,2016,"~3,203 pass yds, 28 TD, 15 INT, 56% cmp; ~523 rush yds, 7 rush TD (approx.)","Auto-match (approx. library): raw big-arm G5 dual-threat, high INT volume. Verify exact line on Sports-Reference.",CFBD_SYNC
5164313,Jaron-Keawe Sagapolutele,,California,ACC,QB,SO,75,225,"Ewa Beach, HI",2026,1,,41.0,24.0,58.5,271.0,2.0,2.0,6.61,120.4,4.0,-16.0,0.0,-4.0,,,,,Brock Purdy,QB,Iowa State,2020,"~2,750 pass yds, 19 TD, 9 INT, 66% cmp; ~382 rush yds, 8 rush TD (approx.)",Auto-match (approx. library): moderate-volume efficient game manager. Verify exact line on Sports-Reference.,CFBD_SYNC
5164313,Jaron-Keawe Sagapolutele,,California,ACC,QB,SO,75,225,"Ewa Beach, HI",2025,,,491.0,315.0,64.2,3446.0,18.0,9.0,7.02,131.5,60.0,-120.0,4.0,-2.0,,,,,Justin Herbert,QB,Oregon,2019,"~3,471 pass yds, 32 TD, 6 INT, 67% cmp; ~50 rush yds, 4 rush TD (approx.)","Auto-match (approx. library): big-arm pro-style starter, moderate college volume. Verify exact line on Sports-Reference.",CFBD_SYNC
5210003,Chris Denson,,Clemson,ACC,QB,SO,74,195,"Plant City, FL",2025,,,4.0,4.0,100.0,22.0,1.0,0.0,5.5,228.7,7.0,108.0,1.0,15.43,,,,,Russell Wilson,QB,Wisconsin,2011,"~3,175 pass yds, 33 TD, 4 INT, 73% cmp; ~338 rush yds, 6 rush TD (approx.)","Auto-match (approx. library): hyper-efficient veteran transfer, moderate volume. Verify exact line on Sports-Reference.",CFBD_SYNC
4899369,Christopher Vizzina,,Clemson,ACC,QB,SR,76,210,"Birmingham, AL",2026,1,,16.0,10.0,62.5,83.0,0.0,1.0,5.19,93.6,5.0,4.0,0.0,0.8,,,,,Brock Purdy,QB,Iowa State,2020,"~2,750 pass yds, 19 TD, 9 INT, 66% cmp; ~382 rush yds, 8 rush TD (approx.)",Auto-match (approx. library): moderate-volume efficient game manager. Verify exact line on Sports-Reference.,CFBD_SYNC
4899369,Christopher Vizzina,,Clemson,ACC,QB,SR,76,210,"Birmingham, AL",2025,,,71.0,45.0,63.4,406.0,4.0,1.0,5.72,127.2,25.0,41.0,0.0,1.64,,,,,Brock Purdy,QB,Iowa State,2020,"~2,750 pass yds, 19 TD, 9 INT, 66% cmp; ~382 rush yds, 8 rush TD (approx.)",Auto-match (approx. library): moderate-volume efficient game manager. Verify exact line on Sports-Reference.,CFBD_SYNC
4899369,Christopher Vizzina,,Clemson,ACC,QB,SR,76,210,"Birmingham, AL",2024,,,34.0,19.0,55.9,190.0,0.0,0.0,5.59,102.8,13.0,68.0,1.0,5.23,,,,,Brock Purdy,QB,Iowa State,2020,"~2,750 pass yds, 19 TD, 9 INT, 66% cmp; ~382 rush yds, 8 rush TD (approx.)",Auto-match (approx. library): moderate-volume efficient game manager. Verify exact line on Sports-Reference.,CFBD_SYNC
5159078,Tait Reynolds,,Clemson,ACC,QB,FR,74,215,"Queen Creek, AZ",2026,1,,6.0,4.0,66.7,22.0,0.0,0.0,3.67,97.5,5.0,-9.0,0.0,-1.8,,,,,Trevor Lawrence,QB,Clemson,2020,"~3,153 pass yds, 24 TD, 5 INT, 69% cmp; ~203 rush yds, 8 rush TD (approx.)",Auto-match (approx. library): efficient franchise-type in shortened season. Verify exact line on Sports-Reference.,CFBD_SYNC
5081434,Trent Pearman,,Clemson,ACC,QB,SR,72,190,"Clemson, SC",2025,,,5.0,2.0,40.0,35.0,0.0,0.0,7.0,98.8,2.0,1.0,0.0,0.5,,,,,Brock Purdy,QB,Iowa State,2020,"~2,750 pass yds, 19 TD, 9 INT, 66% cmp; ~382 rush yds, 8 rush TD (approx.)",Auto-match (approx. library): moderate-volume efficient game manager. Verify exact line on Sports-Reference.,CFBD_SYNC
5081434,Trent Pearman,,Clemson,ACC,QB,SR,72,190,"Clemson, SC",2024,,,5.0,2.0,40.0,8.0,0.0,1.0,1.6,13.4,3.0,16.0,0.0,5.33,,,,,Brock Purdy,QB,Iowa State,2020,"~2,750 pass yds, 19 TD, 9 INT, 66% cmp; ~382 rush yds, 8 rush TD (approx.)",Auto-match (approx. library): moderate-volume efficient game manager. Verify exact line on Sports-Reference.,CFBD_SYNC
5185699,Dan Mahan,,Duke,ACC,QB,FR,74,200,"Burlington, NC",2026,1,,1.0,0.0,0.0,0.0,0.0,0.0,0.0,0.0,2.0,8.0,0.0,4.0,,,,,Josh Allen,QB,Wyoming,2016,"~3,203 pass yds, 28 TD, 15 INT, 56% cmp; ~523 rush yds, 7 rush TD (approx.)","Auto-match (approx. library): raw big-arm G5 dual-threat, high INT volume. Verify exact line on Sports-Reference.",CFBD_SYNC
5121169,Darian Mensah,,Duke,ACC,QB,JR,75,205,"San Luis Obispo, CA",2025,,,500.0,334.0,66.8,3973.0,34.0,6.0,7.95,153.6,59.0,-32.0,1.0,-0.54,1.0,-11.0,0.0,-11.0,C.J. Stroud,QB,Ohio State,2022,"~3,688 pass yds, 41 TD, 6 INT, 66% cmp; ~108 rush yds, 1 rush TD (approx.)","Auto-match (approx. library): precision pocket passer, elite TD:INT. Verify exact line on Sports-Reference.",CFBD_SYNC
4915837,Grayson Loftis,,Duke,ACC,QB,JR,75,215,"Gaffney, SC",2024,,,,,,,,,,,2.0,4.0,0.0,2.0,,,,,Josh Allen,QB,Wyoming,2016,"~3,203 pass yds, 28 TD, 15 INT, 56% cmp; ~523 rush yds, 7 rush TD (approx.)","Auto-match (approx. library): raw big-arm G5 dual-threat, high INT volume. Verify exact line on Sports-Reference.",CFBD_SYNC
4915837,Grayson Loftis,,Duke,ACC,QB,JR,75,215,"Gaffney, SC",2023,,,163.0,91.0,55.8,1006.0,8.0,4.0,6.17,119.0,20.0,17.0,1.0,0.85,,,,,Brock Purdy,QB,Iowa State,2020,"~2,750 pass yds, 19 TD, 9 INT, 66% cmp; ~382 rush yds, 8 rush TD (approx.)",Auto-match (approx. library): moderate-volume efficient game manager. Verify exact line on Sports-Reference.,CFBD_SYNC
4685252,Henry Belin IV,,Duke,ACC,QB,SR,75,225,"New York, NY",2025,,,5.0,2.0,40.0,22.0,0.0,0.0,4.4,77.0,5.0,41.0,0.0,8.2,,,,,Brock Purdy,QB,Iowa State,2020,"~2,750 pass yds, 19 TD, 9 INT, 66% cmp; ~382 rush yds, 8 rush TD (approx.)",Auto-match (approx. library): moderate-volume efficient game manager. Verify exact line on Sports-Reference.,CFBD_SYNC
4685252,Henry Belin IV,,Duke,ACC,QB,SR,75,225,"New York, NY",2024,,,45.0,26.0,57.8,243.0,2.0,1.0,5.4,113.4,11.0,39.0,0.0,3.55,,,,,Brock Purdy,QB,Iowa State,2020,"~2,750 pass yds, 19 TD, 9 INT, 66% cmp; ~382 rush yds, 8 rush TD (approx.)",Auto-match (approx. library): moderate-volume efficient game manager. Verify exact line on Sports-Reference.,CFBD_SYNC
4685252,Henry Belin IV,,Duke,ACC,QB,SR,75,225,"New York, NY",2023,,,26.0,13.0,50.0,232.0,3.0,1.0,8.92,155.3,8.0,28.0,1.0,3.5,,,,,Brock Purdy,QB,Iowa State,2020,"~2,750 pass yds, 19 TD, 9 INT, 66% cmp; ~382 rush yds, 8 rush TD (approx.)",Auto-match (approx. library): moderate-volume efficient game manager. Verify exact line on Sports-Reference.,CFBD_SYNC
4685252,Henry Belin IV,,Duke,ACC,QB,SR,75,225,"New York, NY",2022,,,6.0,5.0,83.3,43.0,0.0,0.0,7.17,143.5,3.0,-16.0,0.0,-5.33,,,,,Trevor Lawrence,QB,Clemson,2020,"~3,153 pass yds, 24 TD, 5 INT, 69% cmp; ~203 rush yds, 8 rush TD (approx.)",Auto-match (approx. library): efficient franchise-type in shortened season. Verify exact line on Sports-Reference.,CFBD_SYNC
4685497,Maalik Murphy,,Duke,ACC,QB,SR,77,238,"Inglewood, CA",2024,,,421.0,254.0,60.3,2932.0,26.0,12.0,6.96,133.5,19.0,-79.0,2.0,-4.16,,,,,Justin Herbert,QB,Oregon,2019,"~3,471 pass yds, 32 TD, 6 INT, 67% cmp; ~50 rush yds, 4 rush TD (approx.)","Auto-match (approx. library): big-arm pro-style starter, moderate college volume. Verify exact line on Sports-Reference.",CFBD_SYNC
4694149,Walker Eget,,Duke,ACC,QB,SR,75,235,"Santa Clarita, CA",2026,1,,26.0,13.0,50.0,131.0,0.0,0.0,5.04,92.3,1.0,-9.0,0.0,-9.0,,,,,Brock Purdy,QB,Iowa State,2020,"~2,750 pass yds, 19 TD, 9 INT, 66% cmp; ~382 rush yds, 8 rush TD (approx.)",Auto-match (approx. library): moderate-volume efficient game manager. Verify exact line on Sports-Reference.,CFBD_SYNC
4838679,Ashton Daniels,,Florida State,ACC,QB,SR,74,225,"Buford, GA",2026,2,,50.0,29.0,58.0,325.0,2.0,1.0,6.5,121.8,23.0,95.0,2.0,4.13,,,,,Brock Purdy,QB,Iowa State,2020,"~2,750 pass yds, 19 TD, 9 INT, 66% cmp; ~382 rush yds, 8 rush TD (approx.)",Auto-match (approx. library): moderate-volume efficient game manager. Verify exact line on Sports-Reference.,CFBD_SYNC
4920158,Brock Glenn,,Florida State,ACC,QB,JR,74,225,"Covington, TN",2025,,,10.0,6.0,60.0,69.0,2.0,0.0,6.9,184.0,7.0,43.0,0.0,6.14,,,,,Brock Purdy,QB,Iowa State,2020,"~2,750 pass yds, 19 TD, 9 INT, 66% cmp; ~382 rush yds, 8 rush TD (approx.)",Auto-match (approx. library): moderate-volume efficient game manager. Verify exact line on Sports-Reference.,CFBD_SYNC
4920158,Brock Glenn,,Florida State,ACC,QB,JR,74,225,"Covington, TN",2024,,,114.0,51.0,44.7,597.0,4.0,5.0,5.24,91.5,35.0,97.0,0.0,2.77,,,,,Josh Allen,QB,Wyoming,2016,"~3,203 pass yds, 28 TD, 15 INT, 56% cmp; ~523 rush yds, 7 rush TD (approx.)","Auto-match (approx. library): raw big-arm G5 dual-threat, high INT volume. Verify exact line on Sports-Reference.",CFBD_SYNC
4920158,Brock Glenn,,Florida State,ACC,QB,JR,74,225,"Covington, TN",2023,,,51.0,19.0,37.3,229.0,0.0,2.0,4.49,67.1,19.0,22.0,1.0,1.16,,,,,Josh Allen,QB,Wyoming,2016,"~3,203 pass yds, 28 TD, 15 INT, 56% cmp; ~523 rush yds, 7 rush TD (approx.)","Auto-match (approx. library): raw big-arm G5 dual-threat, high INT volume. Verify exact line on Sports-Reference.",CFBD_SYNC
5141661,Kevin Sperry,,Florida State,ACC,QB,FR,73,210,"Denton, TX",2025,,,17.0,12.0,70.6,194.0,2.0,0.0,11.41,205.3,7.0,27.0,0.0,3.86,,,,,Trevor Lawrence,QB,Clemson,2020,"~3,153 pass yds, 24 TD, 5 INT, 69% cmp; ~203 rush yds, 8 rush TD (approx.)",Auto-match (approx. library): efficient franchise-type in shortened season. Verify exact line on Sports-Reference.,CFBD_SYNC
5079542,Luke Kromenhoek,,Florida State,ACC,QB,SO,76,220,"Savannah, GA",2024,,,84.0,44.0,52.4,502.0,3.0,2.0,5.98,109.6,63.0,113.0,0.0,1.79,,,,,Brock Purdy,QB,Iowa State,2020,"~2,750 pass yds, 19 TD, 9 INT, 66% cmp; ~382 rush yds, 8 rush TD (approx.)",Auto-match (approx. library): moderate-volume efficient game manager. Verify exact line on Sports-Reference.,CFBD_SYNC
5150835,Michael Grant,,Florida State,ACC,QB,JR,75,216,"Tallahassee, FL",2025,,,1.0,1.0,100.0,14.0,0.0,0.0,14.0,217.6,1.0,-9.0,0.0,-9.0,,,,,Russell Wilson,QB,Wisconsin,2011,"~3,175 pass yds, 33 TD, 4 INT, 73% cmp; ~338 rush yds, 6 rush TD (approx.)","Auto-match (approx. library): hyper-efficient veteran transfer, moderate volume. Verify exact line on Sports-Reference.",CFBD_SYNC
4773919,Tommy Castellanos,,Florida State,ACC,QB,SR,70,190,"Waycross, GA",2025,,,309.0,180.0,58.3,2760.0,15.0,9.0,8.93,143.5,137.0,557.0,9.0,4.07,,,,,Brock Purdy,QB,Iowa State,2020,"~2,750 pass yds, 19 TD, 9 INT, 66% cmp; ~382 rush yds, 8 rush TD (approx.)",Auto-match (approx. library): moderate-volume efficient game manager. Verify exact line on Sports-Reference.,CFBD_SYNC
5126470,Trever Jackson,,Florida State,ACC,QB,SO,75,202,"Winter Garden, FL",2024,,,,,,,,,,,1.0,2.0,0.0,2.0,,,,,Josh Allen,QB,Wyoming,2016,"~3,203 pass yds, 28 TD, 15 INT, 56% cmp; ~523 rush yds, 7 rush TD (approx.)","Auto-match (approx. library): raw big-arm G5 dual-threat, high INT volume. Verify exact line on Sports-Reference.",CFBD_SYNC
5132812,Aaron Philo,,Georgia Tech,ACC,QB,JR,73,207,"Bogart, GA",2025,,,28.0,21.0,75.0,373.0,1.0,1.0,13.32,191.5,4.0,19.0,0.0,4.75,,,,,Trevor Lawrence,QB,Clemson,2020,"~3,153 pass yds, 24 TD, 5 INT, 69% cmp; ~203 rush yds, 8 rush TD (approx.)",Auto-match (approx. library): efficient franchise-type in shortened season. Verify exact line on Sports-Reference.,CFBD_SYNC
5132812,Aaron Philo,,Georgia Tech,ACC,QB,JR,73,207,"Bogart, GA",2024,,,74.0,38.0,51.4,565.0,1.0,2.0,7.64,114.5,12.0,76.0,1.0,6.33,,,,,Brock Purdy,QB,Iowa State,2020,"~2,750 pass yds, 19 TD, 9 INT, 66% cmp; ~382 rush yds, 8 rush TD (approx.)",Auto-match (approx. library): moderate-volume efficient game manager. Verify exact line on Sports-Reference.,CFBD_SYNC
5191162,Alberto Mendoza,,Georgia Tech,ACC,QB,JR,74,215,"Miami, FL",2026,1,,23.0,17.0,73.9,237.0,0.0,0.0,10.3,160.5,3.0,-22.0,0.0,-7.33,,,,,Trevor Lawrence,QB,Clemson,2020,"~3,153 pass yds, 24 TD, 5 INT, 69% cmp; ~203 rush yds, 8 rush TD (approx.)",Auto-match (approx. library): efficient franchise-type in shortened season. Verify exact line on Sports-Reference.,CFBD_SYNC
5146575,Graham Knowles,,Georgia Tech,ACC,QB,JR,79,230,"Southlake, TX",2025,,,1.0,1.0,100.0,84.0,1.0,0.0,84.0,1135.6,,,,,,,,,Russell Wilson,QB,Wisconsin,2011,"~3,175 pass yds, 33 TD, 4 INT, 73% cmp; ~338 rush yds, 6 rush TD (approx.)","Auto-match (approx. library): hyper-efficient veteran transfer, moderate volume. Verify exact line on Sports-Reference.",CFBD_SYNC
5126464,Deuce Adams,,Louisville,ACC,QB,SO,74,204,"Austin, TX",2025,,,21.0,15.0,71.4,112.0,0.0,0.0,5.33,116.2,14.0,33.0,0.0,2.36,,,,,Trevor Lawrence,QB,Clemson,2020,"~3,153 pass yds, 24 TD, 5 INT, 69% cmp; ~203 rush yds, 8 rush TD (approx.)",Auto-match (approx. library): efficient franchise-type in shortened season. Verify exact line on Sports-Reference.,CFBD_SYNC
5126464,Deuce Adams,,Louisville,ACC,QB,SO,74,204,"Austin, TX",2024,,,,,,,,,,,1.0,1.0,0.0,1.0,,,,,Josh Allen,QB,Wyoming,2016,"~3,203 pass yds, 28 TD, 15 INT, 56% cmp; ~523 rush yds, 7 rush TD (approx.)","Auto-match (approx. library): raw big-arm G5 dual-threat, high INT volume. Verify exact line on Sports-Reference.",CFBD_SYNC
5078278,Lincoln Kienholz,,Louisville,ACC,QB,JR,74,215,"Pierre, SD",2026,1,,29.0,18.0,62.1,307.0,2.0,0.0,10.59,173.8,14.0,69.0,1.0,4.93,,,,,Brock Purdy,QB,Iowa State,2020,"~2,750 pass yds, 19 TD, 9 INT, 66% cmp; ~382 rush yds, 8 rush TD (approx.)",Auto-match (approx. library): moderate-volume efficient game manager. Verify exact line on Sports-Reference.,CFBD_SYNC
5121169,Darian Mensah,,Miami,ACC,QB,JR,75,205,"San Luis Obispo, CA",2026,1,,30.0,27.0,90.0,401.0,5.0,0.0,13.37,257.3,1.0,5.0,0.0,5.0,,,,,Russell Wilson,QB,Wisconsin,2011,"~3,175 pass yds, 33 TD, 4 INT, 73% cmp; ~338 rush yds, 6 rush TD (approx.)","Auto-match (approx. library): hyper-efficient veteran transfer, moderate volume. Verify exact line on Sports-Reference.",CFBD_SYNC
5075800,Emory Williams,,Miami,ACC,QB,SR,77,225,"Milton, FL",2025,,,19.0,13.0,68.4,156.0,0.0,0.0,8.21,137.4,4.0,19.0,0.0,4.75,,,,,Trevor Lawrence,QB,Clemson,2020,"~3,153 pass yds, 24 TD, 5 INT, 69% cmp; ~203 rush yds, 8 rush TD (approx.)",Auto-match (approx. library): efficient franchise-type in shortened season. Verify exact line on Sports-Reference.,CFBD_SYNC
5075800,Emory Williams,,Miami,ACC,QB,SR,77,225,"Milton, FL",2024,,,26.0,16.0,61.5,187.0,1.0,1.0,7.19,127.0,,,,,,,,,Brock Purdy,QB,Iowa State,2020,"~2,750 pass yds, 19 TD, 9 INT, 66% cmp; ~382 rush yds, 8 rush TD (approx.)",Auto-match (approx. library): moderate-volume efficient game manager. Verify exact line on Sports-Reference.,CFBD_SYNC
5075800,Emory Williams,,Miami,ACC,QB,SR,77,225,"Milton, FL",2023,,,71.0,44.0,62.0,470.0,3.0,1.0,6.62,128.7,7.0,-17.0,0.0,-2.43,,,,,Brock Purdy,QB,Iowa State,2020,"~2,750 pass yds, 19 TD, 9 INT, 66% cmp; ~382 rush yds, 8 rush TD (approx.)",Auto-match (approx. library): moderate-volume efficient game manager. Verify exact line on Sports-Reference.,CFBD_SYNC
4685291,Jacurri Brown,,Miami,ACC,QB,SR,76,227,"Valdosta, GA",2023,,,31.0,20.0,64.5,181.0,1.0,1.0,5.84,117.8,15.0,57.0,2.0,3.8,,,,,Brock Purdy,QB,Iowa State,2020,"~2,750 pass yds, 19 TD, 9 INT, 66% cmp; ~382 rush yds, 8 rush TD (approx.)",Auto-match (approx. library): moderate-volume efficient game manager. Verify exact line on Sports-Reference.,CFBD_SYNC
4685291,Jacurri Brown,,Miami,ACC,QB,SR,76,227,"Valdosta, GA",2022,,,47.0,27.0,57.4,230.0,3.0,3.0,4.89,106.9,54.0,223.0,0.0,4.13,1.0,9.0,0.0,9.0,Brock Purdy,QB,Iowa State,2020,"~2,750 pass yds, 19 TD, 9 INT, 66% cmp; ~382 rush yds, 8 rush TD (approx.)",Auto-match (approx. library): moderate-volume efficient game manager. Verify exact line on Sports-Reference.,CFBD_SYNC
5141605,Luke Nickel,,Miami,ACC,QB,FR,74,220,"Alpharetta, GA",2026,1,,5.0,3.0,60.0,27.0,0.0,1.0,5.4,65.4,,,,,,,,,Brock Purdy,QB,Iowa State,2020,"~2,750 pass yds, 19 TD, 9 INT, 66% cmp; ~382 rush yds, 8 rush TD (approx.)",Auto-match (approx. library): moderate-volume efficient game manager. Verify exact line on Sports-Reference.,CFBD_SYNC
5141605,Luke Nickel,,Miami,ACC,QB,FR,74,220,"Alpharetta, GA",2025,,,1.0,0.0,0.0,0.0,0.0,0.0,0.0,0.0,,,,,,,,,Josh Allen,QB,Wyoming,2016,"~3,203 pass yds, 28 TD, 15 INT, 56% cmp; ~523 rush yds, 7 rush TD (approx.)","Auto-match (approx. library): raw big-arm G5 dual-threat, high INT volume. Verify exact line on Sports-Reference.",CFBD_SYNC
4875866,Reese Poffenbarger,,Miami,ACC,QB,SR,73,215,"Middletown, MD",2024,,,7.0,6.0,85.7,20.0,0.0,0.0,2.86,109.7,5.0,12.0,0.0,2.4,,,,,Russell Wilson,QB,Wisconsin,2011,"~3,175 pass yds, 33 TD, 4 INT, 73% cmp; ~338 rush yds, 6 rush TD (approx.)","Auto-match (approx. library): hyper-efficient veteran transfer, moderate volume. Verify exact line on Sports-Reference.",CFBD_SYNC
5079301,CJ Bailey,,NC State,ACC,QB,JR,78,213,"Miami, FL",2026,1,,23.0,12.0,52.2,84.0,0.0,1.0,3.65,74.2,10.0,33.0,0.0,3.3,,,,,Brock Purdy,QB,Iowa State,2020,"~2,750 pass yds, 19 TD, 9 INT, 66% cmp; ~382 rush yds, 8 rush TD (approx.)",Auto-match (approx. library): moderate-volume efficient game manager. Verify exact line on Sports-Reference.,CFBD_SYNC
5079301,CJ Bailey,,NC State,ACC,QB,JR,78,213,"Miami, FL",2025,,,397.0,273.0,68.8,3105.0,25.0,9.0,7.82,150.7,89.0,215.0,6.0,2.42,1.0,-4.0,0.0,-4.0,Trevor Lawrence,QB,Clemson,2020,"~3,153 pass yds, 24 TD, 5 INT, 69% cmp; ~203 rush yds, 8 rush TD (approx.)",Auto-match (approx. library): efficient franchise-type in shortened season. Verify exact line on Sports-Reference.,CFBD_SYNC
5079301,CJ Bailey,,NC State,ACC,QB,JR,78,213,"Miami, FL",2024,,,302.0,196.0,64.9,2412.0,17.0,10.0,7.99,143.9,99.0,279.0,5.0,2.82,1.0,-6.0,0.0,-6.0,Brock Purdy,QB,Iowa State,2020,"~2,750 pass yds, 19 TD, 9 INT, 66% cmp; ~382 rush yds, 8 rush TD (approx.)",Auto-match (approx. library): moderate-volume efficient game manager. Verify exact line on Sports-Reference.,CFBD_SYNC
4685488,MJ Morris,,NC State,ACC,QB,SR,73,201,"Carrollton, GA",2023,,,113.0,63.0,55.8,719.0,7.0,5.0,6.36,120.8,32.0,15.0,0.0,0.47,,,,,Brock Purdy,QB,Iowa State,2020,"~2,750 pass yds, 19 TD, 9 INT, 66% cmp; ~382 rush yds, 8 rush TD (approx.)",Auto-match (approx. library): moderate-volume efficient game manager. Verify exact line on Sports-Reference.,CFBD_SYNC
4685488,MJ Morris,,NC State,ACC,QB,SR,73,201,"Carrollton, GA",2022,,,86.0,52.0,60.5,648.0,7.0,1.0,7.53,148.3,49.0,88.0,1.0,1.8,0.0,3.0,0.0,,Brock Purdy,QB,Iowa State,2020,"~2,750 pass yds, 19 TD, 9 INT, 66% cmp; ~382 rush yds, 8 rush TD (approx.)",Auto-match (approx. library): moderate-volume efficient game manager. Verify exact line on Sports-Reference.,CFBD_SYNC
5148611,Will Wilson,,NC State,ACC,QB,SO,73,230,"Columbia, SC",2026,1,,4.0,3.0,75.0,8.0,0.0,0.0,2.0,91.8,6.0,21.0,1.0,3.5,,,,,Trevor Lawrence,QB,Clemson,2020,"~3,153 pass yds, 24 TD, 5 INT, 69% cmp; ~203 rush yds, 8 rush TD (approx.)",Auto-match (approx. library): efficient franchise-type in shortened season. Verify exact line on Sports-Reference.,CFBD_SYNC
5148611,Will Wilson,,NC State,ACC,QB,SO,73,230,"Columbia, SC",2025,,,5.0,3.0,60.0,16.0,0.0,1.0,3.2,46.9,43.0,146.0,10.0,3.4,,,,,Brock Purdy,QB,Iowa State,2020,"~2,750 pass yds, 19 TD, 9 INT, 66% cmp; ~382 rush yds, 8 rush TD (approx.)",Auto-match (approx. library): moderate-volume efficient game manager. Verify exact line on Sports-Reference.,CFBD_SYNC
5213239,Au'Tori Newkirk,,North Carolina,ACC,QB,FR,75,200,"Norfolk, VA",2025,,,6.0,3.0,50.0,23.0,1.0,1.0,3.83,103.9,1.0,13.0,0.0,13.0,,,,,Brock Purdy,QB,Iowa State,2020,"~2,750 pass yds, 19 TD, 9 INT, 66% cmp; ~382 rush yds, 8 rush TD (approx.)",Auto-match (approx. library): moderate-volume efficient game manager. Verify exact line on Sports-Reference.,CFBD_SYNC
4592532,Billy Edwards Jr.,,North Carolina,ACC,QB,SR,75,228,"Springfield, VA",2026,1,,28.0,16.0,57.1,232.0,0.0,0.0,8.29,126.7,7.0,-4.0,0.0,-0.57,,,,,Brock Purdy,QB,Iowa State,2020,"~2,750 pass yds, 19 TD, 9 INT, 66% cmp; ~382 rush yds, 8 rush TD (approx.)",Auto-match (approx. library): moderate-volume efficient game manager. Verify exact line on Sports-Reference.,CFBD_SYNC
4801306,Conner Harrell,,North Carolina,ACC,QB,SR,74,210,"Alabaster, AL",2024,,,37.0,21.0,56.8,282.0,2.0,1.0,7.62,133.2,16.0,55.0,1.0,3.44,,,,,Brock Purdy,QB,Iowa State,2020,"~2,750 pass yds, 19 TD, 9 INT, 66% cmp; ~382 rush yds, 8 rush TD (approx.)",Auto-match (approx. library): moderate-volume efficient game manager. Verify exact line on Sports-Reference.,CFBD_SYNC
4801306,Conner Harrell,,North Carolina,ACC,QB,SR,74,210,"Alabaster, AL",2023,,,33.0,22.0,66.7,270.0,2.0,2.0,8.18,143.3,22.0,75.0,1.0,3.41,,,,,Brock Purdy,QB,Iowa State,2020,"~2,750 pass yds, 19 TD, 9 INT, 66% cmp; ~382 rush yds, 8 rush TD (approx.)",Auto-match (approx. library): moderate-volume efficient game manager. Verify exact line on Sports-Reference.,CFBD_SYNC
4920227,Gio Lopez,,North Carolina,ACC,QB,JR,72,203,"Madison, AL",2025,,,261.0,170.0,65.1,1747.0,10.0,5.0,6.69,130.2,86.0,133.0,3.0,1.55,0.0,-6.0,0.0,,Brock Purdy,QB,Iowa State,2020,"~2,750 pass yds, 19 TD, 9 INT, 66% cmp; ~382 rush yds, 8 rush TD (approx.)",Auto-match (approx. library): moderate-volume efficient game manager. Verify exact line on Sports-Reference.,CFBD_SYNC
4685740,Max Johnson,,North Carolina,ACC,QB,SR,77,220,"Athens, GA",2025,,,87.0,54.0,62.1,437.0,2.0,0.0,5.02,111.8,9.0,38.0,0.0,4.22,,,,,Brock Purdy,QB,Iowa State,2020,"~2,750 pass yds, 19 TD, 9 INT, 66% cmp; ~382 rush yds, 8 rush TD (approx.)",Auto-match (approx. library): moderate-volume efficient game manager. Verify exact line on Sports-Reference.,CFBD_SYNC
4685740,Max Johnson,,North Carolina,ACC,QB,SR,77,220,"Athens, GA",2024,,,19.0,12.0,63.2,71.0,0.0,1.0,3.74,84.0,6.0,10.0,1.0,1.67,,,,,Brock Purdy,QB,Iowa State,2020,"~2,750 pass yds, 19 TD, 9 INT, 66% cmp; ~382 rush yds, 8 rush TD (approx.)",Auto-match (approx. library): moderate-volume efficient game manager. Verify exact line on Sports-Reference.,CFBD_SYNC
5144313,Michael Merdinger,,North Carolina,ACC,QB,JR,73,205,"Fort Lauderdale, FL",2024,,,12.0,9.0,75.0,86.0,0.0,1.0,7.17,118.5,5.0,-31.0,0.0,-6.2,,,,,Trevor Lawrence,QB,Clemson,2020,"~3,153 pass yds, 24 TD, 5 INT, 69% cmp; ~203 rush yds, 8 rush TD (approx.)",Auto-match (approx. library): efficient franchise-type in shortened season. Verify exact line on Sports-Reference.,CFBD_SYNC
5089540,Cole Gonzales,,Pittsburgh,ACC,QB,SR,72,200,"Ocala, FL",2025,,,22.0,11.0,50.0,118.0,1.0,1.0,5.36,101.0,2.0,1.0,0.0,0.5,,,,,Brock Purdy,QB,Iowa State,2020,"~2,750 pass yds, 19 TD, 9 INT, 66% cmp; ~382 rush yds, 8 rush TD (approx.)",Auto-match (approx. library): moderate-volume efficient game manager. Verify exact line on Sports-Reference.,CFBD_SYNC
4870819,Eli Holstein,,Pittsburgh,ACC,QB,SR,76,234,"Zachary, LA",2025,,,125.0,77.0,61.6,1081.0,12.0,6.0,8.65,156.3,36.0,88.0,1.0,2.44,,,,,Brock Purdy,QB,Iowa State,2020,"~2,750 pass yds, 19 TD, 9 INT, 66% cmp; ~382 rush yds, 8 rush TD (approx.)",Auto-match (approx. library): moderate-volume efficient game manager. Verify exact line on Sports-Reference.,CFBD_SYNC
4870819,Eli Holstein,,Pittsburgh,ACC,QB,SR,76,234,"Zachary, LA",2024,,,290.0,179.0,61.7,2225.0,17.0,7.0,7.67,140.7,81.0,328.0,3.0,4.05,,,,,Brock Purdy,QB,Iowa State,2020,"~2,750 pass yds, 19 TD, 9 INT, 66% cmp; ~382 rush yds, 8 rush TD (approx.)",Auto-match (approx. library): moderate-volume efficient game manager. Verify exact line on Sports-Reference.,CFBD_SYNC
4714300,Holden Geriner,,Pittsburgh,ACC,QB,SR,75,215,"Savannah, GA",2026,1,,3.0,3.0,100.0,27.0,0.0,0.0,9.0,175.6,1.0,5.0,0.0,5.0,,,,,Russell Wilson,QB,Wisconsin,2011,"~3,175 pass yds, 33 TD, 4 INT, 73% cmp; ~338 rush yds, 6 rush TD (approx.)","Auto-match (approx. library): hyper-efficient veteran transfer, moderate volume. Verify exact line on Sports-Reference.",CFBD_SYNC
5155864,Julian Dugger,,Pittsburgh,ACC,QB,SO,75,207,"Pittsburgh, PA",2024,,,13.0,7.0,53.8,72.0,2.0,1.0,5.54,135.8,21.0,88.0,1.0,4.19,,,,,Brock Purdy,QB,Iowa State,2020,"~2,750 pass yds, 19 TD, 9 INT, 66% cmp; ~382 rush yds, 8 rush TD (approx.)",Auto-match (approx. library): moderate-volume efficient game manager. Verify exact line on Sports-Reference.,CFBD_SYNC
5208095,Mason Heintschel,,Pittsburgh,ACC,QB,SO,74,215,"Oregon, OH",2026,1,,41.0,31.0,75.6,453.0,7.0,0.0,11.05,224.8,5.0,23.0,0.0,4.6,,,,,Trevor Lawrence,QB,Clemson,2020,"~3,153 pass yds, 24 TD, 5 INT, 69% cmp; ~203 rush yds, 8 rush TD (approx.)",Auto-match (approx. library): efficient franchise-type in shortened season. Verify exact line on Sports-Reference.,CFBD_SYNC
5208095,Mason Heintschel,,Pittsburgh,ACC,QB,SO,74,215,"Oregon, OH",2025,,,316.0,201.0,63.6,2357.0,16.0,8.0,7.46,137.9,86.0,88.0,2.0,1.02,,,,,Brock Purdy,QB,Iowa State,2020,"~2,750 pass yds, 19 TD, 9 INT, 66% cmp; ~382 rush yds, 8 rush TD (approx.)",Auto-match (approx. library): moderate-volume efficient game manager. Verify exact line on Sports-Reference.,CFBD_SYNC
5084086,Charlie Fiser,,SMU,ACC,QB,SR,73,186,"Little Rock, AR",2025,,,4.0,4.0,100.0,30.0,0.0,0.0,7.5,163.0,1.0,2.0,0.0,2.0,,,,,Russell Wilson,QB,Wisconsin,2011,"~3,175 pass yds, 33 TD, 4 INT, 73% cmp; ~338 rush yds, 6 rush TD (approx.)","Auto-match (approx. library): hyper-efficient veteran transfer, moderate volume. Verify exact line on Sports-Reference.",CFBD_SYNC
5075392,Keldric Luster,,SMU,ACC,QB,JR,70,248,"McKinney, TX",2024,,,3.0,1.0,33.3,0.0,0.0,0.0,0.0,33.3,11.0,50.0,0.0,4.55,,,,,Josh Allen,QB,Wyoming,2016,"~3,203 pass yds, 28 TD, 15 INT, 56% cmp; ~523 rush yds, 7 rush TD (approx.)","Auto-match (approx. library): raw big-arm G5 dual-threat, high INT volume. Verify exact line on Sports-Reference.",CFBD_SYNC
5084084,Kevin Jennings,,SMU,ACC,QB,SR,72,192,"Oak Cliff, TX",2026,1,,36.0,26.0,72.2,430.0,3.0,2.0,11.94,188.9,5.0,33.0,0.0,6.6,,,,,Trevor Lawrence,QB,Clemson,2020,"~3,153 pass yds, 24 TD, 5 INT, 69% cmp; ~203 rush yds, 8 rush TD (approx.)",Auto-match (approx. library): efficient franchise-type in shortened season. Verify exact line on Sports-Reference.,CFBD_SYNC
5084084,Kevin Jennings,,SMU,ACC,QB,SR,72,192,"Oak Cliff, TX",2025,,,454.0,300.0,66.1,3641.0,26.0,13.0,8.02,146.6,70.0,54.0,4.0,0.77,,,,,Michael Penix Jr.,QB,Washington,2023,"~4,903 pass yds, 36 TD, 11 INT, 65% cmp; ~8 rush yds, 3 rush TD (approx.)","Auto-match (approx. library): vertical high-volume passer, deep-ball driven. Verify exact line on Sports-Reference.",CFBD_SYNC
5084084,Kevin Jennings,,SMU,ACC,QB,SR,72,192,"Oak Cliff, TX",2024,,,381.0,248.0,65.1,3189.0,23.0,11.0,8.37,149.5,101.0,354.0,5.0,3.5,,,,,Brock Purdy,QB,Iowa State,2020,"~2,750 pass yds, 19 TD, 9 INT, 66% cmp; ~382 rush yds, 8 rush TD (approx.)",Auto-match (approx. library): moderate-volume efficient game manager. Verify exact line on Sports-Reference.,CFBD_SYNC
5141487,Ty Hawkins,,SMU,ACC,QB,FR,72,203,"San Antonio, TX",2025,,,1.0,1.0,100.0,9.0,0.0,0.0,9.0,175.6,3.0,21.0,0.0,7.0,,,,,Russell Wilson,QB,Wisconsin,2011,"~3,175 pass yds, 33 TD, 4 INT, 73% cmp; ~338 rush yds, 6 rush TD (approx.)","Auto-match (approx. library): hyper-efficient veteran transfer, moderate volume. Verify exact line on Sports-Reference.",CFBD_SYNC
4838679,Ashton Daniels,,Stanford,ACC,QB,SR,74,225,"Buford, GA",2024,,,271.0,170.0,62.7,1700.0,10.0,12.0,6.27,118.7,148.0,669.0,3.0,4.52,,,,,Brock Purdy,QB,Iowa State,2020,"~2,750 pass yds, 19 TD, 9 INT, 66% cmp; ~382 rush yds, 8 rush TD (approx.)",Auto-match (approx. library): moderate-volume efficient game manager. Verify exact line on Sports-Reference.,CFBD_SYNC
4914482,Charlie Mirer,,Stanford,ACC,QB,SR,78,235,"Rancho Santa Fe, CA",2025,,,3.0,2.0,66.7,22.0,1.0,0.0,7.33,238.3,2.0,23.0,0.0,11.5,,,,,Trevor Lawrence,QB,Clemson,2020,"~3,153 pass yds, 24 TD, 5 INT, 69% cmp; ~203 rush yds, 8 rush TD (approx.)",Auto-match (approx. library): efficient franchise-type in shortened season. Verify exact line on Sports-Reference.,CFBD_SYNC
4878681,Davis Warren,,Stanford,ACC,QB,SR,74,195,"Manhattan Beach, CA",2026,2,,75.0,43.0,57.3,524.0,1.0,0.0,6.99,120.4,6.0,11.0,0.0,1.83,,,,,Brock Purdy,QB,Iowa State,2020,"~2,750 pass yds, 19 TD, 9 INT, 66% cmp; ~382 rush yds, 8 rush TD (approx.)",Auto-match (approx. library): moderate-volume efficient game manager. Verify exact line on Sports-Reference.,CFBD_SYNC
5079318,Elijah Brown,,Stanford,ACC,QB,SO,74,205,"Huntington Beach, CA",2025,,,127.0,74.0,58.3,829.0,4.0,2.0,6.53,120.3,17.0,-96.0,0.0,-5.65,,,,,Brock Purdy,QB,Iowa State,2020,"~2,750 pass yds, 19 TD, 9 INT, 66% cmp; ~382 rush yds, 8 rush TD (approx.)",Auto-match (approx. library): moderate-volume efficient game manager. Verify exact line on Sports-Reference.,CFBD_SYNC
5079318,Elijah Brown,,Stanford,ACC,QB,SO,74,205,"Huntington Beach, CA",2024,,,48.0,28.0,58.3,274.0,2.0,3.0,5.71,107.5,14.0,-23.0,0.0,-1.64,,,,,Brock Purdy,QB,Iowa State,2020,"~2,750 pass yds, 19 TD, 9 INT, 66% cmp; ~382 rush yds, 8 rush TD (approx.)",Auto-match (approx. library): moderate-volume efficient game manager. Verify exact line on Sports-Reference.,CFBD_SYNC
5211073,Michael Mitchell Jr.,,Stanford,ACC,QB,FR,71,185,"San Francisco, CA",2026,1,,1.0,1.0,100.0,7.0,0.0,0.0,7.0,158.8,,,,,,,,,Russell Wilson,QB,Wisconsin,2011,"~3,175 pass yds, 33 TD, 4 INT, 73% cmp; ~338 rush yds, 6 rush TD (approx.)","Auto-match (approx. library): hyper-efficient veteran transfer, moderate volume. Verify exact line on Sports-Reference.",CFBD_SYNC
5153782,Amari Odom,,Syracuse,ACC,QB,JR,76,205,"Inglewood, CA",2026,1,,3.0,2.0,66.7,12.0,1.0,0.0,4.0,210.3,1.0,2.0,0.0,2.0,,,,,Trevor Lawrence,QB,Clemson,2020,"~3,153 pass yds, 24 TD, 5 INT, 69% cmp; ~203 rush yds, 8 rush TD (approx.)",Auto-match (approx. library): efficient franchise-type in shortened season. Verify exact line on Sports-Reference.,CFBD_SYNC
4432691,Carlos Del Rio-Wilson,,Syracuse,ACC,QB,SR,74,225,"Atlanta, GA",2023,,,51.0,26.0,51.0,282.0,3.0,6.0,5.53,93.3,21.0,105.0,1.0,5.0,,,,,Brock Purdy,QB,Iowa State,2020,"~2,750 pass yds, 19 TD, 9 INT, 66% cmp; ~382 rush yds, 8 rush TD (approx.)",Auto-match (approx. library): moderate-volume efficient game manager. Verify exact line on Sports-Reference.,CFBD_SYNC
4432691,Carlos Del Rio-Wilson,,Syracuse,ACC,QB,SR,74,225,"Atlanta, GA",2022,,,51.0,22.0,43.1,342.0,1.0,2.0,6.71,98.1,25.0,43.0,0.0,1.72,,,,,Brock Purdy,QB,Iowa State,2020,"~2,750 pass yds, 19 TD, 9 INT, 66% cmp; ~382 rush yds, 8 rush TD (approx.)",Auto-match (approx. library): moderate-volume efficient game manager. Verify exact line on Sports-Reference.,CFBD_SYNC
5297026,Joseph Filardi,,Syracuse,ACC,QB,SO,73,195,"Dix Hills, NY",2025,,,65.0,31.0,47.7,226.0,1.0,3.0,3.48,72.7,30.0,87.0,1.0,2.9,,,,,Brock Purdy,QB,Iowa State,2020,"~2,750 pass yds, 19 TD, 9 INT, 66% cmp; ~382 rush yds, 8 rush TD (approx.)",Auto-match (approx. library): moderate-volume efficient game manager. Verify exact line on Sports-Reference.,CFBD_SYNC
5208138,Luke Carney,,Syracuse,ACC,QB,SO,74,205,"Mesquite, TX",2025,,,7.0,5.0,71.4,22.0,0.0,0.0,3.14,97.8,10.0,28.0,1.0,2.8,,,,,Trevor Lawrence,QB,Clemson,2020,"~3,153 pass yds, 24 TD, 5 INT, 69% cmp; ~203 rush yds, 8 rush TD (approx.)",Auto-match (approx. library): efficient franchise-type in shortened season. Verify exact line on Sports-Reference.,CFBD_SYNC
4870928,Malachi Nelson,,Syracuse,ACC,QB,JR,75,193,"Los Alamitos, CA",2026,1,,2.0,0.0,0.0,0.0,0.0,0.0,0.0,0.0,,,,,,,,,Josh Allen,QB,Wyoming,2016,"~3,203 pass yds, 28 TD, 15 INT, 56% cmp; ~523 rush yds, 7 rush TD (approx.)","Auto-match (approx. library): raw big-arm G5 dual-threat, high INT volume. Verify exact line on Sports-Reference.",CFBD_SYNC
4870645,Rickie Collins,,Syracuse,ACC,QB,JR,74,222,"Baton Rouge, LA",2025,,,181.0,97.0,53.6,1042.0,6.0,10.0,5.76,101.8,54.0,126.0,1.0,2.33,,,,,Brock Purdy,QB,Iowa State,2020,"~2,750 pass yds, 19 TD, 9 INT, 66% cmp; ~382 rush yds, 8 rush TD (approx.)",Auto-match (approx. library): moderate-volume efficient game manager. Verify exact line on Sports-Reference.,CFBD_SYNC
4685694,Steve Angeli,,Syracuse,ACC,QB,SR,75,212,"Westfield, NJ",2026,1,,29.0,20.0,69.0,263.0,3.0,0.0,9.07,179.3,3.0,-14.0,0.0,-4.67,,,,,Trevor Lawrence,QB,Clemson,2020,"~3,153 pass yds, 24 TD, 5 INT, 69% cmp; ~203 rush yds, 8 rush TD (approx.)",Auto-match (approx. library): efficient franchise-type in shortened season. Verify exact line on Sports-Reference.,CFBD_SYNC
4685694,Steve Angeli,,Syracuse,ACC,QB,SR,75,212,"Westfield, NJ",2025,,,155.0,97.0,62.6,1317.0,10.0,2.0,8.5,152.7,23.0,-32.0,1.0,-1.39,,,,,Trevor Lawrence,QB,Clemson,2020,"~3,153 pass yds, 24 TD, 5 INT, 69% cmp; ~203 rush yds, 8 rush TD (approx.)",Auto-match (approx. library): efficient franchise-type in shortened season. Verify exact line on Sports-Reference.,CFBD_SYNC
5044387,Anthony Colandrea,,Virginia,ACC,QB,SR,72,205,"St. Petersburg, FL",2024,,,320.0,198.0,61.9,2125.0,13.0,11.0,6.64,124.2,128.0,277.0,2.0,2.16,1.0,27.0,0.0,27.0,Brock Purdy,QB,Iowa State,2020,"~2,750 pass yds, 19 TD, 9 INT, 66% cmp; ~382 rush yds, 8 rush TD (approx.)",Auto-match (approx. library): moderate-volume efficient game manager. Verify exact line on Sports-Reference.,CFBD_SYNC
5044387,Anthony Colandrea,,Virginia,ACC,QB,SR,72,205,"St. Petersburg, FL",2023,,,246.0,154.0,62.6,1958.0,13.0,9.0,7.96,139.6,73.0,225.0,0.0,3.08,,,,,Brock Purdy,QB,Iowa State,2020,"~2,750 pass yds, 19 TD, 9 INT, 66% cmp; ~382 rush yds, 8 rush TD (approx.)",Auto-match (approx. library): moderate-volume efficient game manager. Verify exact line on Sports-Reference.,CFBD_SYNC
4685696,Beau Pribula,,Virginia,ACC,QB,SR,74,209,"York, PA",2026,1,,11.0,9.0,81.8,155.0,2.0,0.0,14.09,260.2,15.0,110.0,0.0,7.33,,,,,Trevor Lawrence,QB,Clemson,2020,"~3,153 pass yds, 24 TD, 5 INT, 69% cmp; ~203 rush yds, 8 rush TD (approx.)",Auto-match (approx. library): efficient franchise-type in shortened season. Verify exact line on Sports-Reference.,CFBD_SYNC
5145789,Cole Geer,,Virginia,ACC,QB,SO,73,209,"Griswold, CT",2025,,,2.0,2.0,100.0,8.0,0.0,0.0,4.0,133.6,3.0,15.0,0.0,5.0,,,,,Russell Wilson,QB,Wisconsin,2011,"~3,175 pass yds, 33 TD, 4 INT, 73% cmp; ~338 rush yds, 6 rush TD (approx.)","Auto-match (approx. library): hyper-efficient veteran transfer, moderate volume. Verify exact line on Sports-Reference.",CFBD_SYNC
5126471,Daniel Kaelin,,Virginia,ACC,QB,SO,75,220,"Elkhorn, NE",2025,,,52.0,30.0,57.7,339.0,1.0,1.0,6.52,115.0,12.0,72.0,0.0,6.0,,,,,Brock Purdy,QB,Iowa State,2020,"~2,750 pass yds, 19 TD, 9 INT, 66% cmp; ~382 rush yds, 8 rush TD (approx.)",Auto-match (approx. library): moderate-volume efficient game manager. Verify exact line on Sports-Reference.,CFBD_SYNC
5081197,Grady Brosterhous,,Virginia,ACC,QB,SR,75,210,"Charlotte, NC",2024,,,,,,,,,,,10.0,14.0,4.0,1.4,,,,,Josh Allen,QB,Wyoming,2016,"~3,203 pass yds, 28 TD, 15 INT, 56% cmp; ~523 rush yds, 7 rush TD (approx.)","Auto-match (approx. library): raw big-arm G5 dual-threat, high INT volume. Verify exact line on Sports-Reference.",CFBD_SYNC
5081197,Grady Brosterhous,,Virginia,ACC,QB,SR,75,210,"Charlotte, NC",2023,,,1.0,1.0,100.0,21.0,0.0,0.0,21.0,276.4,4.0,7.0,0.0,1.75,,,,,Russell Wilson,QB,Wisconsin,2011,"~3,175 pass yds, 33 TD, 4 INT, 73% cmp; ~338 rush yds, 6 rush TD (approx.)","Auto-match (approx. library): hyper-efficient veteran transfer, moderate volume. Verify exact line on Sports-Reference.",CFBD_SYNC
5141366,Bryce Baker,,Virginia Tech,ACC,QB,FR,74,212,"Kernersville, NC",2026,1,,12.0,10.0,83.3,127.0,1.0,0.0,10.58,199.7,,,,,,,,,Trevor Lawrence,QB,Clemson,2020,"~3,153 pass yds, 24 TD, 5 INT, 69% cmp; ~203 rush yds, 8 rush TD (approx.)",Auto-match (approx. library): efficient franchise-type in shortened season. Verify exact line on Sports-Reference.,CFBD_SYNC
5144078,Ethan Grunkemeyer,,Virginia Tech,ACC,QB,SO,74,218,"Lewis Center, OH",2026,1,,20.0,17.0,85.0,224.0,2.0,0.0,11.2,212.1,2.0,6.0,0.0,3.0,,,,,Russell Wilson,QB,Wisconsin,2011,"~3,175 pass yds, 33 TD, 4 INT, 73% cmp; ~338 rush yds, 6 rush TD (approx.)","Auto-match (approx. library): hyper-efficient veteran transfer, moderate volume. Verify exact line on Sports-Reference.",CFBD_SYNC
4920153,William Watson III,,Virginia Tech,ACC,QB,SR,72,210,"Springfield, MA",2025,,,4.0,2.0,50.0,77.0,0.0,0.0,19.25,211.7,9.0,22.0,1.0,2.44,,,,,Brock Purdy,QB,Iowa State,2020,"~2,750 pass yds, 19 TD, 9 INT, 66% cmp; ~382 rush yds, 8 rush TD (approx.)",Auto-match (approx. library): moderate-volume efficient game manager. Verify exact line on Sports-Reference.,CFBD_SYNC
4920153,William Watson III,,Virginia Tech,ACC,QB,SR,72,210,"Springfield, MA",2024,,,58.0,34.0,58.6,481.0,1.0,2.0,8.29,127.1,40.0,19.0,1.0,0.47,,,,,Brock Purdy,QB,Iowa State,2020,"~2,750 pass yds, 19 TD, 9 INT, 66% cmp; ~382 rush yds, 8 rush TD (approx.)",Auto-match (approx. library): moderate-volume efficient game manager. Verify exact line on Sports-Reference.,CFBD_SYNC
4920153,William Watson III,,Virginia Tech,ACC,QB,SR,72,210,"Springfield, MA",2023,,,1.0,0.0,0.0,0.0,0.0,0.0,0.0,0.0,5.0,40.0,0.0,8.0,,,,,Josh Allen,QB,Wyoming,2016,"~3,203 pass yds, 28 TD, 15 INT, 56% cmp; ~523 rush yds, 7 rush TD (approx.)","Auto-match (approx. library): raw big-arm G5 dual-threat, high INT volume. Verify exact line on Sports-Reference.",CFBD_SYNC
5138131,Deshawn Purdie,,Wake Forest,ACC,QB,JR,76,228,"Baltimore, MD",2025,,,82.0,41.0,50.0,618.0,6.0,3.0,7.54,130.1,11.0,-11.0,0.0,-1.0,,,,,Brock Purdy,QB,Iowa State,2020,"~2,750 pass yds, 19 TD, 9 INT, 66% cmp; ~382 rush yds, 8 rush TD (approx.)",Auto-match (approx. library): moderate-volume efficient game manager. Verify exact line on Sports-Reference.,CFBD_SYNC
4920227,Gio Lopez,,Wake Forest,ACC,QB,JR,72,203,"Madison, AL",2026,1,,32.0,21.0,65.6,350.0,3.0,0.0,10.94,188.4,7.0,39.0,0.0,5.57,,,,,Trevor Lawrence,QB,Clemson,2020,"~3,153 pass yds, 24 TD, 5 INT, 69% cmp; ~203 rush yds, 8 rush TD (approx.)",Auto-match (approx. library): efficient franchise-type in shortened season. Verify exact line on Sports-Reference.,CFBD_SYNC
4433829,Mitch Griffis,,Wake Forest,ACC,QB,SR,72,195,"Ashburn, VA",2023,,,207.0,123.0,59.4,1539.0,9.0,8.0,7.43,128.5,106.0,128.0,2.0,1.21,,,,,Brock Purdy,QB,Iowa State,2020,"~2,750 pass yds, 19 TD, 9 INT, 66% cmp; ~382 rush yds, 8 rush TD (approx.)",Auto-match (approx. library): moderate-volume efficient game manager. Verify exact line on Sports-Reference.,CFBD_SYNC
4433829,Mitch Griffis,,Wake Forest,ACC,QB,SR,72,195,"Ashburn, VA",2022,,,41.0,29.0,70.7,348.0,5.0,1.0,8.49,177.4,15.0,16.0,0.0,1.07,,,,,Trevor Lawrence,QB,Clemson,2020,"~3,153 pass yds, 24 TD, 5 INT, 69% cmp; ~203 rush yds, 8 rush TD (approx.)",Auto-match (approx. library): efficient franchise-type in shortened season. Verify exact line on Sports-Reference.,CFBD_SYNC
4433829,Mitch Griffis,,Wake Forest,ACC,QB,SR,72,195,"Ashburn, VA",2021,,,2.0,0.0,0.0,0.0,0.0,0.0,0.0,0.0,,,,,,,,,Josh Allen,QB,Wyoming,2016,"~3,203 pass yds, 28 TD, 15 INT, 56% cmp; ~523 rush yds, 7 rush TD (approx.)","Auto-match (approx. library): raw big-arm G5 dual-threat, high INT volume. Verify exact line on Sports-Reference.",CFBD_SYNC
5141634,Steele Pizzella,,Wake Forest,ACC,QB,FR,71,180,"Simi Valley, CA",2026,1,,3.0,1.0,33.3,6.0,0.0,0.0,2.0,50.1,1.0,-7.0,0.0,-7.0,,,,,Josh Allen,QB,Wyoming,2016,"~3,203 pass yds, 28 TD, 15 INT, 56% cmp; ~523 rush yds, 7 rush TD (approx.)","Auto-match (approx. library): raw big-arm G5 dual-threat, high INT volume. Verify exact line on Sports-Reference.",CFBD_SYNC
5141634,Steele Pizzella,,Wake Forest,ACC,QB,FR,71,180,"Simi Valley, CA",2025,,,1.0,0.0,0.0,0.0,0.0,0.0,0.0,0.0,1.0,-1.0,0.0,-1.0,,,,,Josh Allen,QB,Wyoming,2016,"~3,203 pass yds, 28 TD, 15 INT, 56% cmp; ~523 rush yds, 7 rush TD (approx.)","Auto-match (approx. library): raw big-arm G5 dual-threat, high INT volume. Verify exact line on Sports-Reference.",CFBD_SYNC
5079508,Austin Mack,,Alabama,SEC,QB,SR,78,237,"Folsom, CA",2026,1,,2.0,1.0,50.0,4.0,0.0,0.0,2.0,66.8,1.0,6.0,0.0,6.0,,,,,Brock Purdy,QB,Iowa State,2020,"~2,750 pass yds, 19 TD, 9 INT, 66% cmp; ~382 rush yds, 8 rush TD (approx.)",Auto-match (approx. library): moderate-volume efficient game manager. Verify exact line on Sports-Reference.,CFBD_SYNC
5079508,Austin Mack,,Alabama,SEC,QB,SR,78,237,"Folsom, CA",2025,,,32.0,24.0,75.0,228.0,2.0,0.0,7.12,155.5,9.0,22.0,1.0,2.44,,,,,Trevor Lawrence,QB,Clemson,2020,"~3,153 pass yds, 24 TD, 5 INT, 69% cmp; ~203 rush yds, 8 rush TD (approx.)",Auto-match (approx. library): efficient franchise-type in shortened season. Verify exact line on Sports-Reference.,CFBD_SYNC
5079508,Austin Mack,,Alabama,SEC,QB,SR,78,237,"Folsom, CA",2024,,,3.0,2.0,66.7,39.0,1.0,0.0,13.0,285.9,,,,,,,,,Trevor Lawrence,QB,Clemson,2020,"~3,153 pass yds, 24 TD, 5 INT, 69% cmp; ~203 rush yds, 8 rush TD (approx.)",Auto-match (approx. library): efficient franchise-type in shortened season. Verify exact line on Sports-Reference.,CFBD_SYNC
4870900,Dylan Lonergan,,Alabama,SEC,QB,SR,74,210,"Snellville, GA",2024,,,6.0,5.0,83.3,23.0,0.0,0.0,3.83,115.5,1.0,16.0,0.0,16.0,,,,,Trevor Lawrence,QB,Clemson,2020,"~3,153 pass yds, 24 TD, 5 INT, 69% cmp; ~203 rush yds, 8 rush TD (approx.)",Auto-match (approx. library): efficient franchise-type in shortened season. Verify exact line on Sports-Reference.,CFBD_SYNC
4870900,Dylan Lonergan,,Alabama,SEC,QB,SR,74,210,"Snellville, GA",2023,,,2.0,2.0,100.0,12.0,0.0,0.0,6.0,150.4,1.0,5.0,0.0,5.0,,,,,Russell Wilson,QB,Wisconsin,2011,"~3,175 pass yds, 33 TD, 4 INT, 73% cmp; ~338 rush yds, 6 rush TD (approx.)","Auto-match (approx. library): hyper-efficient veteran transfer, moderate volume. Verify exact line on Sports-Reference.",CFBD_SYNC
5293574,John Gazzaniga,,Alabama,SEC,QB,SO,79,241,"Rancho Santa Margarita, CA",2025,,,,,,,,,,,1.0,1.0,0.0,1.0,,,,,Josh Allen,QB,Wyoming,2016,"~3,203 pass yds, 28 TD, 15 INT, 56% cmp; ~523 rush yds, 7 rush TD (approx.)","Auto-match (approx. library): raw big-arm G5 dual-threat, high INT volume. Verify exact line on Sports-Reference.",CFBD_SYNC
5141629,Keelon Russell,,Alabama,SEC,QB,SO,75,207,"Duncanville, TX",2026,1,,30.0,18.0,60.0,256.0,0.0,0.0,8.53,131.7,13.0,86.0,1.0,6.62,1.0,-10.0,0.0,-10.0,Brock Purdy,QB,Iowa State,2020,"~2,750 pass yds, 19 TD, 9 INT, 66% cmp; ~382 rush yds, 8 rush TD (approx.)",Auto-match (approx. library): moderate-volume efficient game manager. Verify exact line on Sports-Reference.,CFBD_SYNC
5141629,Keelon Russell,,Alabama,SEC,QB,SO,75,207,"Duncanville, TX",2025,,,15.0,11.0,73.3,143.0,2.0,0.0,9.53,197.4,3.0,17.0,0.0,5.67,,,,,Trevor Lawrence,QB,Clemson,2020,"~3,153 pass yds, 24 TD, 5 INT, 69% cmp; ~203 rush yds, 8 rush TD (approx.)",Auto-match (approx. library): efficient franchise-type in shortened season. Verify exact line on Sports-Reference.,CFBD_SYNC
5079516,KJ Jackson,,Arkansas,SEC,QB,JR,76,225,"Montgomery, AL",2026,1,,35.0,24.0,68.6,267.0,3.0,1.0,7.63,155.2,10.0,27.0,0.0,2.7,,,,,Trevor Lawrence,QB,Clemson,2020,"~3,153 pass yds, 24 TD, 5 INT, 69% cmp; ~203 rush yds, 8 rush TD (approx.)",Auto-match (approx. library): efficient franchise-type in shortened season. Verify exact line on Sports-Reference.,CFBD_SYNC
5079516,KJ Jackson,,Arkansas,SEC,QB,JR,76,225,"Montgomery, AL",2025,,,54.0,33.0,61.1,441.0,3.0,0.0,8.17,148.0,11.0,52.0,2.0,4.73,,,,,Brock Purdy,QB,Iowa State,2020,"~2,750 pass yds, 19 TD, 9 INT, 66% cmp; ~382 rush yds, 8 rush TD (approx.)",Auto-match (approx. library): moderate-volume efficient game manager. Verify exact line on Sports-Reference.,CFBD_SYNC
5079516,KJ Jackson,,Arkansas,SEC,QB,JR,76,225,"Montgomery, AL",2024,,,4.0,4.0,100.0,59.0,0.0,0.0,14.75,223.9,1.0,3.0,0.0,3.0,,,,,Russell Wilson,QB,Wisconsin,2011,"~3,175 pass yds, 33 TD, 4 INT, 73% cmp; ~338 rush yds, 6 rush TD (approx.)","Auto-match (approx. library): hyper-efficient veteran transfer, moderate volume. Verify exact line on Sports-Reference.",CFBD_SYNC
4870999,Malachi Singleton,,Arkansas,SEC,QB,SR,73,225,"Kennesaw, GA",2024,,,28.0,21.0,75.0,358.0,1.0,0.0,12.79,194.2,16.0,67.0,3.0,4.19,,,,,Trevor Lawrence,QB,Clemson,2020,"~3,153 pass yds, 24 TD, 5 INT, 69% cmp; ~203 rush yds, 8 rush TD (approx.)",Auto-match (approx. library): efficient franchise-type in shortened season. Verify exact line on Sports-Reference.,CFBD_SYNC
5126470,Trever Jackson,,Arkansas,SEC,QB,SO,75,202,"Winter Garden, FL",2025,,,1.0,0.0,0.0,0.0,0.0,0.0,0.0,0.0,,,,,,,,,Josh Allen,QB,Wyoming,2016,"~3,203 pass yds, 28 TD, 15 INT, 56% cmp; ~523 rush yds, 7 rush TD (approx.)","Auto-match (approx. library): raw big-arm G5 dual-threat, high INT volume. Verify exact line on Sports-Reference.",CFBD_SYNC
4838679,Ashton Daniels,,Auburn,SEC,QB,SR,74,225,"Buford, GA",2025,,,119.0,68.0,57.1,797.0,3.0,2.0,6.7,118.4,63.0,280.0,2.0,4.44,,,,,Brock Purdy,QB,Iowa State,2020,"~2,750 pass yds, 19 TD, 9 INT, 66% cmp; ~382 rush yds, 8 rush TD (approx.)",Auto-match (approx. library): moderate-volume efficient game manager. Verify exact line on Sports-Reference.,CFBD_SYNC
4880272,Byrum Brown,,Auburn,SEC,QB,SR,75,235,"Raleigh, NC",2026,1,,35.0,26.0,74.3,259.0,0.0,3.0,7.4,119.3,21.0,27.0,1.0,1.29,,,,,Trevor Lawrence,QB,Clemson,2020,"~3,153 pass yds, 24 TD, 5 INT, 69% cmp; ~203 rush yds, 8 rush TD (approx.)",Auto-match (approx. library): efficient franchise-type in shortened season. Verify exact line on Sports-Reference.,CFBD_SYNC
5141506,Deuce Knight,,Auburn,SEC,QB,FR,77,225,"Lucedale, MS",2025,,,25.0,17.0,68.0,259.0,2.0,0.0,10.36,181.4,13.0,178.0,4.0,13.69,,,,,Trevor Lawrence,QB,Clemson,2020,"~3,153 pass yds, 24 TD, 5 INT, 69% cmp; ~203 rush yds, 8 rush TD (approx.)",Auto-match (approx. library): efficient franchise-type in shortened season. Verify exact line on Sports-Reference.,CFBD_SYNC
5089314,Hank Brown,,Auburn,SEC,QB,SR,76,218,"Nashville, TN",2024,,,43.0,27.0,62.8,403.0,6.0,3.0,9.37,173.6,3.0,10.0,0.0,3.33,,,,,Brock Purdy,QB,Iowa State,2020,"~2,750 pass yds, 19 TD, 9 INT, 66% cmp; ~382 rush yds, 8 rush TD (approx.)",Auto-match (approx. library): moderate-volume efficient game manager. Verify exact line on Sports-Reference.,CFBD_SYNC
5089314,Hank Brown,,Auburn,SEC,QB,SR,76,218,"Nashville, TN",2023,,,9.0,7.0,77.8,132.0,0.0,0.0,14.67,201.0,,,,,,,,,Trevor Lawrence,QB,Clemson,2020,"~3,153 pass yds, 24 TD, 5 INT, 69% cmp; ~203 rush yds, 8 rush TD (approx.)",Auto-match (approx. library): efficient franchise-type in shortened season. Verify exact line on Sports-Reference.,CFBD_SYNC
4714300,Holden Geriner,,Auburn,SEC,QB,SR,75,215,"Savannah, GA",2024,,,2.0,2.0,100.0,33.0,0.0,0.0,16.5,238.6,1.0,6.0,0.0,6.0,,,,,Russell Wilson,QB,Wisconsin,2011,"~3,175 pass yds, 33 TD, 4 INT, 73% cmp; ~338 rush yds, 6 rush TD (approx.)","Auto-match (approx. library): hyper-efficient veteran transfer, moderate volume. Verify exact line on Sports-Reference.",CFBD_SYNC
4714300,Holden Geriner,,Auburn,SEC,QB,SR,75,215,"Savannah, GA",2023,,,15.0,5.0,33.3,75.0,0.0,1.0,5.0,62.0,2.0,-12.0,0.0,-6.0,,,,,Josh Allen,QB,Wyoming,2016,"~3,203 pass yds, 28 TD, 15 INT, 56% cmp; ~523 rush yds, 7 rush TD (approx.)","Auto-match (approx. library): raw big-arm G5 dual-threat, high INT volume. Verify exact line on Sports-Reference.",CFBD_SYNC
4714300,Holden Geriner,,Auburn,SEC,QB,SR,75,215,"Savannah, GA",2022,,,3.0,2.0,66.7,8.0,0.0,0.0,2.67,89.1,2.0,-17.0,0.0,-8.5,,,,,Trevor Lawrence,QB,Clemson,2020,"~3,153 pass yds, 24 TD, 5 INT, 69% cmp; ~203 rush yds, 8 rush TD (approx.)",Auto-match (approx. library): efficient franchise-type in shortened season. Verify exact line on Sports-Reference.,CFBD_SYNC
4870607,Jackson Arnold,,Auburn,SEC,QB,SR,73,220,"Denton, TX",2025,,,215.0,136.0,63.3,1309.0,6.0,2.0,6.09,121.7,112.0,311.0,8.0,2.78,,,,,Brock Purdy,QB,Iowa State,2020,"~2,750 pass yds, 19 TD, 9 INT, 66% cmp; ~382 rush yds, 8 rush TD (approx.)",Auto-match (approx. library): moderate-volume efficient game manager. Verify exact line on Sports-Reference.,CFBD_SYNC
5132812,Aaron Philo,,Florida,SEC,QB,JR,73,207,"Bogart, GA",2026,1,,21.0,16.0,76.2,275.0,3.0,1.0,13.1,223.8,6.0,20.0,1.0,3.33,,,,,Trevor Lawrence,QB,Clemson,2020,"~3,153 pass yds, 24 TD, 5 INT, 69% cmp; ~203 rush yds, 8 rush TD (approx.)",Auto-match (approx. library): efficient franchise-type in shortened season. Verify exact line on Sports-Reference.,CFBD_SYNC
5155039,Aidan Warner,,Florida,SEC,QB,SR,75,202,"Winter Park, FL",2024,,,50.0,21.0,42.0,228.0,0.0,3.0,4.56,68.3,8.0,-8.0,1.0,-1.0,,,,,Brock Purdy,QB,Iowa State,2020,"~2,750 pass yds, 19 TD, 9 INT, 66% cmp; ~382 rush yds, 8 rush TD (approx.)",Auto-match (approx. library): moderate-volume efficient game manager. Verify exact line on Sports-Reference.,CFBD_SYNC
5079555,DJ Lagway,,Florida,SEC,QB,JR,75,237,"Willis, TX",2025,,,337.0,213.0,63.2,2264.0,16.0,14.0,6.72,127.0,71.0,136.0,1.0,1.92,,,,,Brock Purdy,QB,Iowa State,2020,"~2,750 pass yds, 19 TD, 9 INT, 66% cmp; ~382 rush yds, 8 rush TD (approx.)",Auto-match (approx. library): moderate-volume efficient game manager. Verify exact line on Sports-Reference.,CFBD_SYNC
5079555,DJ Lagway,,Florida,SEC,QB,JR,75,237,"Willis, TX",2024,,,192.0,115.0,59.9,1915.0,12.0,9.0,9.97,154.9,51.0,101.0,0.0,1.98,,,,,Brock Purdy,QB,Iowa State,2020,"~2,750 pass yds, 19 TD, 9 INT, 66% cmp; ~382 rush yds, 8 rush TD (approx.)",Auto-match (approx. library): moderate-volume efficient game manager. Verify exact line on Sports-Reference.,CFBD_SYNC
4875125,Max Brown,,Florida,SEC,QB,SR,74,230,"Tulsa, OK",2023,,,28.0,19.0,67.9,192.0,0.0,1.0,6.86,118.3,23.0,37.0,0.0,1.61,,,,,Brock Purdy,QB,Iowa State,2020,"~2,750 pass yds, 19 TD, 9 INT, 66% cmp; ~382 rush yds, 8 rush TD (approx.)",Auto-match (approx. library): moderate-volume efficient game manager. Verify exact line on Sports-Reference.,CFBD_SYNC
5295814,Tramell Jones Jr.,,Florida,SEC,QB,SO,72,196,"Jacksonville, FL",2026,1,,5.0,4.0,80.0,68.0,1.0,0.0,13.6,260.2,2.0,3.0,0.0,1.5,,,,,Trevor Lawrence,QB,Clemson,2020,"~3,153 pass yds, 24 TD, 5 INT, 69% cmp; ~203 rush yds, 8 rush TD (approx.)",Auto-match (approx. library): efficient franchise-type in shortened season. Verify exact line on Sports-Reference.,CFBD_SYNC
5295814,Tramell Jones Jr.,,Florida,SEC,QB,SO,72,196,"Jacksonville, FL",2025,,,35.0,21.0,60.0,191.0,2.0,0.0,5.46,124.7,8.0,10.0,0.0,1.25,,,,,Brock Purdy,QB,Iowa State,2020,"~2,750 pass yds, 19 TD, 9 INT, 66% cmp; ~382 rush yds, 8 rush TD (approx.)",Auto-match (approx. library): moderate-volume efficient game manager. Verify exact line on Sports-Reference.,CFBD_SYNC
4685578,Gunner Stockton,,Georgia,SEC,QB,SR,73,215,"Tiger, GA",2026,1,,16.0,15.0,93.8,202.0,3.0,0.0,12.62,261.7,,,,,,,,,Russell Wilson,QB,Wisconsin,2011,"~3,175 pass yds, 33 TD, 4 INT, 73% cmp; ~338 rush yds, 6 rush TD (approx.)","Auto-match (approx. library): hyper-efficient veteran transfer, moderate volume. Verify exact line on Sports-Reference.",CFBD_SYNC
4685578,Gunner Stockton,,Georgia,SEC,QB,SR,73,215,"Tiger, GA",2025,,,386.0,269.0,69.7,2894.0,24.0,5.0,7.5,150.6,129.0,462.0,10.0,3.58,,,,,Trevor Lawrence,QB,Clemson,2020,"~3,153 pass yds, 24 TD, 5 INT, 69% cmp; ~203 rush yds, 8 rush TD (approx.)",Auto-match (approx. library): efficient franchise-type in shortened season. Verify exact line on Sports-Reference.,CFBD_SYNC
4685578,Gunner Stockton,,Georgia,SEC,QB,SR,73,215,"Tiger, GA",2024,,,64.0,45.0,70.3,440.0,1.0,1.0,6.88,130.1,21.0,-13.0,0.0,-0.62,,,,,Trevor Lawrence,QB,Clemson,2020,"~3,153 pass yds, 24 TD, 5 INT, 69% cmp; ~203 rush yds, 8 rush TD (approx.)",Auto-match (approx. library): efficient franchise-type in shortened season. Verify exact line on Sports-Reference.,CFBD_SYNC
4685578,Gunner Stockton,,Georgia,SEC,QB,SR,73,215,"Tiger, GA",2023,,,19.0,12.0,63.2,148.0,2.0,1.0,7.79,152.8,11.0,63.0,0.0,5.73,,,,,Brock Purdy,QB,Iowa State,2020,"~2,750 pass yds, 19 TD, 9 INT, 66% cmp; ~382 rush yds, 8 rush TD (approx.)",Auto-match (approx. library): moderate-volume efficient game manager. Verify exact line on Sports-Reference.,CFBD_SYNC
5229348,Hezekiah Millender,,Georgia,SEC,QB,SO,75,205,"Goodyear, AZ",2026,1,,1.0,1.0,100.0,17.0,0.0,0.0,17.0,242.8,2.0,22.0,0.0,11.0,,,,,Russell Wilson,QB,Wisconsin,2011,"~3,175 pass yds, 33 TD, 4 INT, 73% cmp; ~338 rush yds, 6 rush TD (approx.)","Auto-match (approx. library): hyper-efficient veteran transfer, moderate volume. Verify exact line on Sports-Reference.",CFBD_SYNC
5141602,Ryan Montgomery,,Georgia,SEC,QB,SO,75,215,"Findlay, OH",2026,1,,2.0,2.0,100.0,60.0,1.0,0.0,30.0,517.0,,,,,,,,,Russell Wilson,QB,Wisconsin,2011,"~3,175 pass yds, 33 TD, 4 INT, 73% cmp; ~338 rush yds, 6 rush TD (approx.)","Auto-match (approx. library): hyper-efficient veteran transfer, moderate volume. Verify exact line on Sports-Reference.",CFBD_SYNC
5141602,Ryan Montgomery,,Georgia,SEC,QB,SO,75,215,"Findlay, OH",2025,,,1.0,1.0,100.0,12.0,0.0,0.0,12.0,200.8,,,,,,,,,Russell Wilson,QB,Wisconsin,2011,"~3,175 pass yds, 33 TD, 4 INT, 73% cmp; ~338 rush yds, 6 rush TD (approx.)","Auto-match (approx. library): hyper-efficient veteran transfer, moderate volume. Verify exact line on Sports-Reference.",CFBD_SYNC
5079679,Ryan Puglisi,,Georgia,SEC,QB,JR,75,210,"Paxton, MA",2026,1,,13.0,7.0,53.8,109.0,1.0,0.0,8.38,149.7,,,,,,,,,Brock Purdy,QB,Iowa State,2020,"~2,750 pass yds, 19 TD, 9 INT, 66% cmp; ~382 rush yds, 8 rush TD (approx.)",Auto-match (approx. library): moderate-volume efficient game manager. Verify exact line on Sports-Reference.,CFBD_SYNC
5079679,Ryan Puglisi,,Georgia,SEC,QB,JR,75,210,"Paxton, MA",2025,,,27.0,16.0,59.3,161.0,1.0,2.0,5.96,106.8,5.0,13.0,0.0,2.6,,,,,Brock Purdy,QB,Iowa State,2020,"~2,750 pass yds, 19 TD, 9 INT, 66% cmp; ~382 rush yds, 8 rush TD (approx.)",Auto-match (approx. library): moderate-volume efficient game manager. Verify exact line on Sports-Reference.,CFBD_SYNC
5164333,Brennen Ward,,Kentucky,SEC,QB,SO,76,227,"Gahanna, OH",2025,,,6.0,3.0,50.0,25.0,0.0,0.0,4.17,85.0,,,,,,,,,Brock Purdy,QB,Iowa State,2020,"~2,750 pass yds, 19 TD, 9 INT, 66% cmp; ~382 rush yds, 8 rush TD (approx.)",Auto-match (approx. library): moderate-volume efficient game manager. Verify exact line on Sports-Reference.,CFBD_SYNC
4879824,Callum Wither,,Kentucky,SEC,QB,SR,76,217,"Toronto, ON",2026,1,,,,,,,,,,1.0,3.0,0.0,3.0,,,,,Josh Allen,QB,Wyoming,2016,"~3,203 pass yds, 28 TD, 15 INT, 56% cmp; ~523 rush yds, 7 rush TD (approx.)","Auto-match (approx. library): raw big-arm G5 dual-threat, high INT volume. Verify exact line on Sports-Reference.",CFBD_SYNC
5141378,Cutter Boley,,Kentucky,SEC,QB,JR,77,220,"Hodgenville, KY",2025,,,301.0,198.0,65.8,2160.0,15.0,12.0,7.18,134.5,66.0,85.0,2.0,1.29,,,,,Brock Purdy,QB,Iowa State,2020,"~2,750 pass yds, 19 TD, 9 INT, 66% cmp; ~382 rush yds, 8 rush TD (approx.)",Auto-match (approx. library): moderate-volume efficient game manager. Verify exact line on Sports-Reference.,CFBD_SYNC
5141378,Cutter Boley,,Kentucky,SEC,QB,JR,77,220,"Hodgenville, KY",2024,,,53.0,26.0,49.1,338.0,2.0,4.0,6.38,100.0,10.0,-43.0,0.0,-4.3,,,,,Brock Purdy,QB,Iowa State,2020,"~2,750 pass yds, 19 TD, 9 INT, 66% cmp; ~382 rush yds, 8 rush TD (approx.)",Auto-match (approx. library): moderate-volume efficient game manager. Verify exact line on Sports-Reference.,CFBD_SYNC
4918099,Kenny Minchey,,Kentucky,SEC,QB,SR,74,211,"Hendersonville, TN",2026,1,,27.0,18.0,66.7,301.0,4.0,0.0,11.15,209.2,1.0,17.0,0.0,17.0,,,,,Trevor Lawrence,QB,Clemson,2020,"~3,153 pass yds, 24 TD, 5 INT, 69% cmp; ~203 rush yds, 8 rush TD (approx.)",Auto-match (approx. library): efficient franchise-type in shortened season. Verify exact line on Sports-Reference.,CFBD_SYNC
5081405,AJ Swann,,LSU,SEC,QB,SR,74,220,"Canton, GA",2024,,,4.0,2.0,50.0,10.0,0.0,0.0,2.5,71.0,,,,,,,,,Brock Purdy,QB,Iowa State,2020,"~2,750 pass yds, 19 TD, 9 INT, 66% cmp; ~382 rush yds, 8 rush TD (approx.)",Auto-match (approx. library): moderate-volume efficient game manager. Verify exact line on Sports-Reference.,CFBD_SYNC
5141563,Husan Longstreet,,LSU,SEC,QB,FR,73,195,"Corona, CA",2026,1,,1.0,1.0,100.0,33.0,0.0,0.0,33.0,377.2,1.0,3.0,0.0,3.0,,,,,Russell Wilson,QB,Wisconsin,2011,"~3,175 pass yds, 33 TD, 4 INT, 73% cmp; ~338 rush yds, 6 rush TD (approx.)","Auto-match (approx. library): hyper-efficient veteran transfer, moderate volume. Verify exact line on Sports-Reference.",CFBD_SYNC
5224789,Landen Clark,,LSU,SEC,QB,SO,72,195,"Radford, VA",2026,1,,7.0,5.0,71.4,72.0,1.0,0.0,10.29,205.0,4.0,23.0,0.0,5.75,,,,,Trevor Lawrence,QB,Clemson,2020,"~3,153 pass yds, 24 TD, 5 INT, 69% cmp; ~203 rush yds, 8 rush TD (approx.)",Auto-match (approx. library): efficient franchise-type in shortened season. Verify exact line on Sports-Reference.,CFBD_SYNC
4685740,Max Johnson,,LSU,SEC,QB,SR,77,220,"Athens, GA",2021,,,373.0,225.0,60.3,2815.0,27.0,6.0,7.55,144.4,78.0,-41.0,1.0,-0.53,,,,,Justin Herbert,QB,Oregon,2019,"~3,471 pass yds, 32 TD, 6 INT, 67% cmp; ~50 rush yds, 4 rush TD (approx.)","Auto-match (approx. library): big-arm pro-style starter, moderate college volume. Verify exact line on Sports-Reference.",CFBD_SYNC
5079620,Michael Van Buren Jr.,,LSU,SEC,QB,JR,72,195,"Bowie, MD",2025,,,151.0,94.0,62.3,1010.0,8.0,2.0,6.69,133.3,48.0,129.0,1.0,2.69,1.0,10.0,0.0,10.0,Brock Purdy,QB,Iowa State,2020,"~2,750 pass yds, 19 TD, 9 INT, 66% cmp; ~382 rush yds, 8 rush TD (approx.)",Auto-match (approx. library): moderate-volume efficient game manager. Verify exact line on Sports-Reference.,CFBD_SYNC
4870645,Rickie Collins,,LSU,SEC,QB,JR,74,222,"Baton Rouge, LA",2024,,,5.0,5.0,100.0,35.0,0.0,0.0,7.0,158.8,4.0,18.0,0.0,4.5,,,,,Russell Wilson,QB,Wisconsin,2011,"~3,175 pass yds, 33 TD, 4 INT, 73% cmp; ~338 rush yds, 6 rush TD (approx.)","Auto-match (approx. library): hyper-efficient veteran transfer, moderate volume. Verify exact line on Sports-Reference.",CFBD_SYNC
4870645,Rickie Collins,,LSU,SEC,QB,JR,74,222,"Baton Rouge, LA",2023,,,2.0,2.0,100.0,3.0,0.0,0.0,1.5,112.6,3.0,19.0,0.0,6.33,,,,,Russell Wilson,QB,Wisconsin,2011,"~3,175 pass yds, 33 TD, 4 INT, 73% cmp; ~338 rush yds, 6 rush TD (approx.)","Auto-match (approx. library): hyper-efficient veteran transfer, moderate volume. Verify exact line on Sports-Reference.",CFBD_SYNC
5078810,Sam Leavitt,,LSU,SEC,QB,JR,74,216,"West Linn, OR",2026,1,,28.0,16.0,57.1,230.0,1.0,1.0,8.21,130.8,12.0,113.0,2.0,9.42,,,,,Brock Purdy,QB,Iowa State,2020,"~2,750 pass yds, 19 TD, 9 INT, 66% cmp; ~382 rush yds, 8 rush TD (approx.)",Auto-match (approx. library): moderate-volume efficient game manager. Verify exact line on Sports-Reference.,CFBD_SYNC
4685391,Walker Howard,,LSU,SEC,QB,SR,72,195,"Lafayette, LA",2022,,,4.0,2.0,50.0,7.0,0.0,0.0,1.75,64.7,6.0,33.0,0.0,5.5,,,,,Brock Purdy,QB,Iowa State,2020,"~2,750 pass yds, 19 TD, 9 INT, 66% cmp; ~382 rush yds, 8 rush TD (approx.)",Auto-match (approx. library): moderate-volume efficient game manager. Verify exact line on Sports-Reference.,CFBD_SYNC
5177084,Kamario Taylor,,Mississippi State,SEC,QB,SO,76,230,"Macon, MS",2026,1,,34.0,22.0,64.7,354.0,4.0,0.0,10.41,191.0,6.0,59.0,1.0,9.83,,,,,Trevor Lawrence,QB,Clemson,2020,"~3,153 pass yds, 24 TD, 5 INT, 69% cmp; ~203 rush yds, 8 rush TD (approx.)",Auto-match (approx. library): efficient franchise-type in shortened season. Verify exact line on Sports-Reference.,CFBD_SYNC
5177084,Kamario Taylor,,Mississippi State,SEC,QB,SO,76,230,"Macon, MS",2025,,,77.0,43.0,55.8,629.0,5.0,1.0,8.17,143.3,82.0,458.0,8.0,5.59,,,,,Brock Purdy,QB,Iowa State,2020,"~2,750 pass yds, 19 TD, 9 INT, 66% cmp; ~382 rush yds, 8 rush TD (approx.)",Auto-match (approx. library): moderate-volume efficient game manager. Verify exact line on Sports-Reference.,CFBD_SYNC
5079542,Luke Kromenhoek,,Mississippi State,SEC,QB,SO,76,220,"Savannah, GA",2025,,,9.0,5.0,55.6,73.0,0.0,0.0,8.11,123.7,8.0,25.0,1.0,3.12,,,,,Brock Purdy,QB,Iowa State,2020,"~2,750 pass yds, 19 TD, 9 INT, 66% cmp; ~382 rush yds, 8 rush TD (approx.)",Auto-match (approx. library): moderate-volume efficient game manager. Verify exact line on Sports-Reference.,CFBD_SYNC
5079620,Michael Van Buren Jr.,,Mississippi State,SEC,QB,JR,72,195,"Bowie, MD",2024,,,256.0,140.0,54.7,1886.0,11.0,7.0,7.37,125.3,69.0,-12.0,5.0,-0.17,,,,,Brock Purdy,QB,Iowa State,2020,"~2,750 pass yds, 19 TD, 9 INT, 66% cmp; ~382 rush yds, 8 rush TD (approx.)",Auto-match (approx. library): moderate-volume efficient game manager. Verify exact line on Sports-Reference.,CFBD_SYNC
5294646,Parker Puckett,,Mississippi State,SEC,QB,FR,72,180,"Flowood, MS",2026,1,,8.0,5.0,62.5,63.0,0.0,0.0,7.88,128.7,2.0,24.0,0.0,12.0,,,,,Brock Purdy,QB,Iowa State,2020,"~2,750 pass yds, 19 TD, 9 INT, 66% cmp; ~382 rush yds, 8 rush TD (approx.)",Auto-match (approx. library): moderate-volume efficient game manager. Verify exact line on Sports-Reference.,CFBD_SYNC
5141684,Austin Simmons,,Missouri,SEC,QB,SR,76,220,"Miami, FL",2026,1,,19.0,17.0,89.5,252.0,4.0,0.0,13.26,270.4,2.0,-2.0,0.0,-1.0,,,,,Russell Wilson,QB,Wisconsin,2011,"~3,175 pass yds, 33 TD, 4 INT, 73% cmp; ~338 rush yds, 6 rush TD (approx.)","Auto-match (approx. library): hyper-efficient veteran transfer, moderate volume. Verify exact line on Sports-Reference.",CFBD_SYNC
4685696,Beau Pribula,,Missouri,SEC,QB,SR,74,209,"York, PA",2025,,,270.0,182.0,67.4,1946.0,11.0,9.0,7.21,134.7,95.0,297.0,6.0,3.13,,,,,Brock Purdy,QB,Iowa State,2020,"~2,750 pass yds, 19 TD, 9 INT, 66% cmp; ~382 rush yds, 8 rush TD (approx.)",Auto-match (approx. library): moderate-volume efficient game manager. Verify exact line on Sports-Reference.,CFBD_SYNC
5081162,Brett Brown,,Missouri,SEC,QB,SR,73,185,"Brentwood, TN",2025,,,1.0,0.0,0.0,0.0,0.0,0.0,0.0,0.0,1.0,5.0,0.0,5.0,,,,,Josh Allen,QB,Wyoming,2016,"~3,203 pass yds, 28 TD, 15 INT, 56% cmp; ~523 rush yds, 7 rush TD (approx.)","Auto-match (approx. library): raw big-arm G5 dual-threat, high INT volume. Verify exact line on Sports-Reference.",CFBD_SYNC
5195300,Matt Zollers,,Missouri,SEC,QB,SO,76,215,"Royersford, PA",2026,1,,12.0,8.0,66.7,87.0,0.0,0.0,7.25,127.6,6.0,26.0,1.0,4.33,,,,,Trevor Lawrence,QB,Clemson,2020,"~3,153 pass yds, 24 TD, 5 INT, 69% cmp; ~203 rush yds, 8 rush TD (approx.)",Auto-match (approx. library): efficient franchise-type in shortened season. Verify exact line on Sports-Reference.,CFBD_SYNC
5195300,Matt Zollers,,Missouri,SEC,QB,SO,76,215,"Royersford, PA",2025,,,88.0,47.0,53.4,503.0,4.0,2.0,5.72,111.9,16.0,-23.0,0.0,-1.44,,,,,Brock Purdy,QB,Iowa State,2020,"~2,750 pass yds, 19 TD, 9 INT, 66% cmp; ~382 rush yds, 8 rush TD (approx.)",Auto-match (approx. library): moderate-volume efficient game manager. Verify exact line on Sports-Reference.,CFBD_SYNC
4755664,Nick Evers,,Missouri,SEC,QB,SR,75,195,"Flower Mound, TX",2026,1,,2.0,1.0,50.0,18.0,0.0,0.0,9.0,125.6,,,,,,,,,Brock Purdy,QB,Iowa State,2020,"~2,750 pass yds, 19 TD, 9 INT, 66% cmp; ~382 rush yds, 8 rush TD (approx.)",Auto-match (approx. library): moderate-volume efficient game manager. Verify exact line on Sports-Reference.,CFBD_SYNC
5245123,Bowe Bentley,,Oklahoma,SEC,QB,FR,73,208,"Celina, TX",2026,1,,1.0,0.0,0.0,0.0,0.0,0.0,0.0,0.0,1.0,-2.0,0.0,-2.0,,,,,Josh Allen,QB,Wyoming,2016,"~3,203 pass yds, 28 TD, 15 INT, 56% cmp; ~523 rush yds, 7 rush TD (approx.)","Auto-match (approx. library): raw big-arm G5 dual-threat, high INT volume. Verify exact line on Sports-Reference.",CFBD_SYNC
4870607,Jackson Arnold,,Oklahoma,SEC,QB,SR,73,220,"Denton, TX",2024,,,246.0,154.0,62.6,1421.0,12.0,3.0,5.78,124.8,150.0,444.0,3.0,2.96,2.0,16.0,1.0,8.0,Brock Purdy,QB,Iowa State,2020,"~2,750 pass yds, 19 TD, 9 INT, 66% cmp; ~382 rush yds, 8 rush TD (approx.)",Auto-match (approx. library): moderate-volume efficient game manager. Verify exact line on Sports-Reference.,CFBD_SYNC
4915980,John Mateer,,Oklahoma,SEC,QB,SR,73,224,"Little Elm, TX",2026,1,,17.0,11.0,64.7,225.0,3.0,0.0,13.24,234.1,3.0,7.0,0.0,2.33,,,,,Trevor Lawrence,QB,Clemson,2020,"~3,153 pass yds, 24 TD, 5 INT, 69% cmp; ~203 rush yds, 8 rush TD (approx.)",Auto-match (approx. library): efficient franchise-type in shortened season. Verify exact line on Sports-Reference.,CFBD_SYNC
4915980,John Mateer,,Oklahoma,SEC,QB,SR,73,224,"Little Elm, TX",2025,,,397.0,247.0,62.2,2885.0,14.0,11.0,7.27,129.4,149.0,431.0,8.0,2.89,,,,,Brock Purdy,QB,Iowa State,2020,"~2,750 pass yds, 19 TD, 9 INT, 66% cmp; ~382 rush yds, 8 rush TD (approx.)",Auto-match (approx. library): moderate-volume efficient game manager. Verify exact line on Sports-Reference.,CFBD_SYNC
5079465,Michael Hawkins Jr.,,Oklahoma,SEC,QB,SO,73,205,"Dallas, TX",2025,,,27.0,15.0,55.6,167.0,3.0,0.0,6.19,144.2,15.0,58.0,1.0,3.87,,,,,Brock Purdy,QB,Iowa State,2020,"~2,750 pass yds, 19 TD, 9 INT, 66% cmp; ~382 rush yds, 8 rush TD (approx.)",Auto-match (approx. library): moderate-volume efficient game manager. Verify exact line on Sports-Reference.,CFBD_SYNC
5079465,Michael Hawkins Jr.,,Oklahoma,SEC,QB,SO,73,205,"Dallas, TX",2024,,,120.0,76.0,63.3,783.0,3.0,2.0,6.53,123.1,69.0,204.0,1.0,2.96,,,,,Brock Purdy,QB,Iowa State,2020,"~2,750 pass yds, 19 TD, 9 INT, 66% cmp; ~382 rush yds, 8 rush TD (approx.)",Auto-match (approx. library): moderate-volume efficient game manager. Verify exact line on Sports-Reference.,CFBD_SYNC
5224237,Whitt Newbauer,,Oklahoma,SEC,QB,SO,78,237,"Raleigh, NC",2026,1,,1.0,1.0,100.0,6.0,0.0,0.0,6.0,150.4,2.0,3.0,1.0,1.5,,,,,Russell Wilson,QB,Wisconsin,2011,"~3,175 pass yds, 33 TD, 4 INT, 73% cmp; ~338 rush yds, 6 rush TD (approx.)","Auto-match (approx. library): hyper-efficient veteran transfer, moderate volume. Verify exact line on Sports-Reference.",CFBD_SYNC
5224237,Whitt Newbauer,,Oklahoma,SEC,QB,SO,78,237,"Raleigh, NC",2025,,,4.0,2.0,50.0,6.0,0.0,0.0,1.5,62.6,3.0,10.0,0.0,3.33,,,,,Brock Purdy,QB,Iowa State,2020,"~2,750 pass yds, 19 TD, 9 INT, 66% cmp; ~382 rush yds, 8 rush TD (approx.)",Auto-match (approx. library): moderate-volume efficient game manager. Verify exact line on Sports-Reference.,CFBD_SYNC
5084295,AJ Maddox,,Ole Miss,SEC,QB,SO,73,195,"Hattiesburg, MS",2025,,,1.0,1.0,100.0,19.0,0.0,0.0,19.0,259.6,1.0,8.0,0.0,8.0,,,,,Russell Wilson,QB,Wisconsin,2011,"~3,175 pass yds, 33 TD, 4 INT, 73% cmp; ~338 rush yds, 6 rush TD (approx.)","Auto-match (approx. library): hyper-efficient veteran transfer, moderate volume. Verify exact line on Sports-Reference.",CFBD_SYNC
5141684,Austin Simmons,,Ole Miss,SEC,QB,SR,76,220,"Miami, FL",2025,,,75.0,45.0,60.0,744.0,4.0,5.0,9.92,147.6,22.0,71.0,1.0,3.23,,,,,Brock Purdy,QB,Iowa State,2020,"~2,750 pass yds, 19 TD, 9 INT, 66% cmp; ~382 rush yds, 8 rush TD (approx.)",Auto-match (approx. library): moderate-volume efficient game manager. Verify exact line on Sports-Reference.,CFBD_SYNC
5141684,Austin Simmons,,Ole Miss,SEC,QB,SR,76,220,"Miami, FL",2024,,,32.0,19.0,59.4,282.0,2.0,0.0,8.81,154.0,5.0,14.0,0.0,2.8,,,,,Brock Purdy,QB,Iowa State,2020,"~2,750 pass yds, 19 TD, 9 INT, 66% cmp; ~382 rush yds, 8 rush TD (approx.)",Auto-match (approx. library): moderate-volume efficient game manager. Verify exact line on Sports-Reference.,CFBD_SYNC
4911529,Trinidad Chambliss,,Ole Miss,SEC,QB,SR,72,205,"Grand Rapids, MI",2026,1,,36.0,21.0,58.3,336.0,3.0,1.0,9.33,158.7,10.0,50.0,1.0,5.0,,,,,Brock Purdy,QB,Iowa State,2020,"~2,750 pass yds, 19 TD, 9 INT, 66% cmp; ~382 rush yds, 8 rush TD (approx.)",Auto-match (approx. library): moderate-volume efficient game manager. Verify exact line on Sports-Reference.,CFBD_SYNC
4911529,Trinidad Chambliss,,Ole Miss,SEC,QB,SR,72,205,"Grand Rapids, MI",2025,,,445.0,294.0,66.1,3937.0,22.0,3.0,8.85,155.4,133.0,527.0,8.0,3.96,1.0,8.0,0.0,8.0,Trevor Lawrence,QB,Clemson,2020,"~3,153 pass yds, 24 TD, 5 INT, 69% cmp; ~203 rush yds, 8 rush TD (approx.)",Auto-match (approx. library): efficient franchise-type in shortened season. Verify exact line on Sports-Reference.,CFBD_SYNC
4685391,Walker Howard,,Ole Miss,SEC,QB,SR,72,195,"Lafayette, LA",2024,,,2.0,0.0,0.0,0.0,0.0,0.0,0.0,0.0,,,,,,,,,Josh Allen,QB,Wyoming,2016,"~3,203 pass yds, 28 TD, 15 INT, 56% cmp; ~523 rush yds, 7 rush TD (approx.)","Auto-match (approx. library): raw big-arm G5 dual-threat, high INT volume. Verify exact line on Sports-Reference.",CFBD_SYNC
4685391,Walker Howard,,Ole Miss,SEC,QB,SR,72,195,"Lafayette, LA",2023,,,4.0,3.0,75.0,56.0,0.0,0.0,14.0,192.6,,,,,,,,,Trevor Lawrence,QB,Clemson,2020,"~3,153 pass yds, 24 TD, 5 INT, 69% cmp; ~203 rush yds, 8 rush TD (approx.)",Auto-match (approx. library): efficient franchise-type in shortened season. Verify exact line on Sports-Reference.,CFBD_SYNC
5079548,Air Noland,,South Carolina,SEC,QB,SO,74,214,"College Park, GA",2025,,,3.0,2.0,66.7,13.0,0.0,0.0,4.33,103.1,1.0,4.0,0.0,4.0,,,,,Trevor Lawrence,QB,Clemson,2020,"~3,153 pass yds, 24 TD, 5 INT, 69% cmp; ~203 rush yds, 8 rush TD (approx.)",Auto-match (approx. library): efficient franchise-type in shortened season. Verify exact line on Sports-Reference.,CFBD_SYNC
5164334,Cutter Woods,,South Carolina,SEC,QB,FR,75,215,"Anderson, SC",2026,1,,8.0,6.0,75.0,73.0,1.0,0.0,9.12,192.9,,,,,,,,,Trevor Lawrence,QB,Clemson,2020,"~3,153 pass yds, 24 TD, 5 INT, 69% cmp; ~203 rush yds, 8 rush TD (approx.)",Auto-match (approx. library): efficient franchise-type in shortened season. Verify exact line on Sports-Reference.,CFBD_SYNC
5164334,Cutter Woods,,South Carolina,SEC,QB,FR,75,215,"Anderson, SC",2025,,,11.0,8.0,72.7,69.0,0.0,1.0,6.27,107.2,3.0,18.0,0.0,6.0,,,,,Trevor Lawrence,QB,Clemson,2020,"~3,153 pass yds, 24 TD, 5 INT, 69% cmp; ~203 rush yds, 8 rush TD (approx.)",Auto-match (approx. library): efficient franchise-type in shortened season. Verify exact line on Sports-Reference.,CFBD_SYNC
4875127,LaNorris Sellers,,South Carolina,SEC,QB,JR,75,238,"Florence, SC",2026,1,,23.0,19.0,82.6,270.0,3.0,0.0,11.74,224.3,2.0,1.0,0.0,0.5,,,,,Trevor Lawrence,QB,Clemson,2020,"~3,153 pass yds, 24 TD, 5 INT, 69% cmp; ~203 rush yds, 8 rush TD (approx.)",Auto-match (approx. library): efficient franchise-type in shortened season. Verify exact line on Sports-Reference.,CFBD_SYNC
4875127,LaNorris Sellers,,South Carolina,SEC,QB,JR,75,238,"Florence, SC",2025,,,293.0,178.0,60.8,2437.0,13.0,8.0,8.32,139.8,149.0,270.0,5.0,1.81,1.0,21.0,0.0,21.0,Brock Purdy,QB,Iowa State,2020,"~2,750 pass yds, 19 TD, 9 INT, 66% cmp; ~382 rush yds, 8 rush TD (approx.)",Auto-match (approx. library): moderate-volume efficient game manager. Verify exact line on Sports-Reference.,CFBD_SYNC
4875127,LaNorris Sellers,,South Carolina,SEC,QB,JR,75,238,"Florence, SC",2024,,,300.0,197.0,65.7,2527.0,18.0,7.0,8.42,151.6,165.0,681.0,7.0,4.13,,,,,Brock Purdy,QB,Iowa State,2020,"~2,750 pass yds, 19 TD, 9 INT, 66% cmp; ~382 rush yds, 8 rush TD (approx.)",Auto-match (approx. library): moderate-volume efficient game manager. Verify exact line on Sports-Reference.,CFBD_SYNC
4875127,LaNorris Sellers,,South Carolina,SEC,QB,JR,75,238,"Florence, SC",2023,,,4.0,4.0,100.0,86.0,2.0,0.0,21.5,445.6,5.0,51.0,1.0,10.2,,,,,Russell Wilson,QB,Wisconsin,2011,"~3,175 pass yds, 33 TD, 4 INT, 73% cmp; ~338 rush yds, 6 rush TD (approx.)","Auto-match (approx. library): hyper-efficient veteran transfer, moderate volume. Verify exact line on Sports-Reference.",CFBD_SYNC
5151218,Lucian Anderson III,,South Carolina,SEC,QB,JR,75,216,"Athens, GA",2026,1,,2.0,2.0,100.0,24.0,0.0,0.0,12.0,200.8,,,,,,,,,Russell Wilson,QB,Wisconsin,2011,"~3,175 pass yds, 33 TD, 4 INT, 73% cmp; ~338 rush yds, 6 rush TD (approx.)","Auto-match (approx. library): hyper-efficient veteran transfer, moderate volume. Verify exact line on Sports-Reference.",CFBD_SYNC
5158973,Faizon Brandon,,Tennessee,SEC,QB,FR,76,225,"Greensboro, NC",2026,1,,17.0,13.0,76.5,226.0,3.0,0.0,13.29,246.4,10.0,68.0,2.0,6.8,,,,,Trevor Lawrence,QB,Clemson,2020,"~3,153 pass yds, 24 TD, 5 INT, 69% cmp; ~203 rush yds, 8 rush TD (approx.)",Auto-match (approx. library): efficient franchise-type in shortened season. Verify exact line on Sports-Reference.,CFBD_SYNC
5141571,George MacIntyre,,Tennessee,SEC,QB,FR,78,208,"Franklin, TN",2026,1,,7.0,5.0,71.4,56.0,1.0,0.0,8.0,185.8,,,,,,,,,Trevor Lawrence,QB,Clemson,2020,"~3,153 pass yds, 24 TD, 5 INT, 69% cmp; ~203 rush yds, 8 rush TD (approx.)",Auto-match (approx. library): efficient franchise-type in shortened season. Verify exact line on Sports-Reference.,CFBD_SYNC
5141571,George MacIntyre,,Tennessee,SEC,QB,FR,78,208,"Franklin, TN",2025,,,9.0,7.0,77.8,69.0,0.0,0.0,7.67,142.2,,,,,,,,,Trevor Lawrence,QB,Clemson,2020,"~3,153 pass yds, 24 TD, 5 INT, 69% cmp; ~203 rush yds, 8 rush TD (approx.)",Auto-match (approx. library): efficient franchise-type in shortened season. Verify exact line on Sports-Reference.,CFBD_SYNC
5079531,Jake Merklinger,,Tennessee,SEC,QB,FR,75,215,"Savannah, GA",2025,,,24.0,13.0,54.2,173.0,2.0,0.0,7.21,142.2,4.0,16.0,0.0,4.0,,,,,Brock Purdy,QB,Iowa State,2020,"~2,750 pass yds, 19 TD, 9 INT, 66% cmp; ~382 rush yds, 8 rush TD (approx.)",Auto-match (approx. library): moderate-volume efficient game manager. Verify exact line on Sports-Reference.,CFBD_SYNC
5079531,Jake Merklinger,,Tennessee,SEC,QB,FR,75,215,"Savannah, GA",2024,,,9.0,6.0,66.7,48.0,0.0,0.0,5.33,111.5,7.0,22.0,0.0,3.14,,,,,Trevor Lawrence,QB,Clemson,2020,"~3,153 pass yds, 24 TD, 5 INT, 69% cmp; ~203 rush yds, 8 rush TD (approx.)",Auto-match (approx. library): efficient franchise-type in shortened season. Verify exact line on Sports-Reference.,CFBD_SYNC
5293958,Mason Phillips,,Tennessee,SEC,QB,FR,73,188,"Kodak, TN",2025,,,,,,,,,,,2.0,18.0,0.0,9.0,,,,,Josh Allen,QB,Wyoming,2016,"~3,203 pass yds, 28 TD, 15 INT, 56% cmp; ~523 rush yds, 7 rush TD (approx.)","Auto-match (approx. library): raw big-arm G5 dual-threat, high INT volume. Verify exact line on Sports-Reference.",CFBD_SYNC
4870799,Nico Iamaleava,,Tennessee,SEC,QB,JR,77,215,"Long Beach, CA",2024,,,334.0,213.0,63.8,2616.0,19.0,5.0,7.83,145.3,109.0,364.0,3.0,3.34,,,,,Brock Purdy,QB,Iowa State,2020,"~2,750 pass yds, 19 TD, 9 INT, 66% cmp; ~382 rush yds, 8 rush TD (approx.)",Auto-match (approx. library): moderate-volume efficient game manager. Verify exact line on Sports-Reference.,CFBD_SYNC
4870799,Nico Iamaleava,,Tennessee,SEC,QB,JR,77,215,"Long Beach, CA",2023,,,45.0,28.0,62.2,314.0,2.0,0.0,6.98,135.5,20.0,71.0,3.0,3.55,,,,,Brock Purdy,QB,Iowa State,2020,"~2,750 pass yds, 19 TD, 9 INT, 66% cmp; ~382 rush yds, 8 rush TD (approx.)",Auto-match (approx. library): moderate-volume efficient game manager. Verify exact line on Sports-Reference.,CFBD_SYNC
4917093,Ryan Staub,,Tennessee,SEC,QB,JR,73,204,"Stevenson Ranch, CA",2026,1,,3.0,3.0,100.0,27.0,0.0,0.0,9.0,175.6,,,,,,,,,Russell Wilson,QB,Wisconsin,2011,"~3,175 pass yds, 33 TD, 4 INT, 73% cmp; ~338 rush yds, 6 rush TD (approx.)","Auto-match (approx. library): hyper-efficient veteran transfer, moderate volume. Verify exact line on Sports-Reference.",CFBD_SYNC
4801307,Tayven Jackson,,Tennessee,SEC,QB,SR,76,212,"Greenwood, IN",2022,,,4.0,3.0,75.0,37.0,0.0,0.0,9.25,152.7,4.0,10.0,1.0,2.5,,,,,Trevor Lawrence,QB,Clemson,2020,"~3,153 pass yds, 24 TD, 5 INT, 69% cmp; ~203 rush yds, 8 rush TD (approx.)",Auto-match (approx. library): efficient franchise-type in shortened season. Verify exact line on Sports-Reference.,CFBD_SYNC
4870906,Arch Manning,,Texas,SEC,QB,JR,76,222,"New Orleans, LA",2026,1,,27.0,20.0,74.1,305.0,4.0,1.0,11.3,210.4,3.0,6.0,0.0,2.0,,,,,Trevor Lawrence,QB,Clemson,2020,"~3,153 pass yds, 24 TD, 5 INT, 69% cmp; ~203 rush yds, 8 rush TD (approx.)",Auto-match (approx. library): efficient franchise-type in shortened season. Verify exact line on Sports-Reference.,CFBD_SYNC
4870906,Arch Manning,,Texas,SEC,QB,JR,76,222,"New Orleans, LA",2025,,,404.0,248.0,61.4,3163.0,26.0,7.0,7.83,144.9,92.0,399.0,10.0,4.34,1.0,4.0,1.0,4.0,Brock Purdy,QB,Iowa State,2020,"~2,750 pass yds, 19 TD, 9 INT, 66% cmp; ~382 rush yds, 8 rush TD (approx.)",Auto-match (approx. library): moderate-volume efficient game manager. Verify exact line on Sports-Reference.,CFBD_SYNC
4870906,Arch Manning,,Texas,SEC,QB,JR,76,222,"New Orleans, LA",2024,,,90.0,61.0,67.8,938.0,9.0,2.0,10.42,183.9,25.0,108.0,4.0,4.32,,,,,Trevor Lawrence,QB,Clemson,2020,"~3,153 pass yds, 24 TD, 5 INT, 69% cmp; ~203 rush yds, 8 rush TD (approx.)",Auto-match (approx. library): efficient franchise-type in shortened season. Verify exact line on Sports-Reference.,CFBD_SYNC
5141509,Karle Lacey Jr.,,Texas,SEC,QB,FR,72,188,"Saraland, AL",2026,1,,7.0,6.0,85.7,55.0,0.0,0.0,7.86,151.7,2.0,3.0,0.0,1.5,,,,,Russell Wilson,QB,Wisconsin,2011,"~3,175 pass yds, 33 TD, 4 INT, 73% cmp; ~338 rush yds, 6 rush TD (approx.)","Auto-match (approx. library): hyper-efficient veteran transfer, moderate volume. Verify exact line on Sports-Reference.",CFBD_SYNC
5141509,Karle Lacey Jr.,,Texas,SEC,QB,FR,72,188,"Saraland, AL",2025,,,1.0,1.0,100.0,7.0,0.0,0.0,7.0,158.8,,,,,,,,,Russell Wilson,QB,Wisconsin,2011,"~3,175 pass yds, 33 TD, 4 INT, 73% cmp; ~338 rush yds, 6 rush TD (approx.)","Auto-match (approx. library): hyper-efficient veteran transfer, moderate volume. Verify exact line on Sports-Reference.",CFBD_SYNC
5123665,Trey Owens,,Texas,SEC,QB,JR,77,220,"Houston, TX",2024,,,4.0,2.0,50.0,19.0,0.0,0.0,4.75,89.9,1.0,3.0,0.0,3.0,,,,,Brock Purdy,QB,Iowa State,2020,"~2,750 pass yds, 19 TD, 9 INT, 66% cmp; ~382 rush yds, 8 rush TD (approx.)",Auto-match (approx. library): moderate-volume efficient game manager. Verify exact line on Sports-Reference.,CFBD_SYNC
5295969,Brady Hart,,Texas A&M,SEC,QB,SO,76,200,"Cocoa, FL",2026,1,,8.0,4.0,50.0,36.0,1.0,0.0,4.5,129.1,1.0,4.0,0.0,4.0,,,,,Brock Purdy,QB,Iowa State,2020,"~2,750 pass yds, 19 TD, 9 INT, 66% cmp; ~382 rush yds, 8 rush TD (approx.)",Auto-match (approx. library): moderate-volume efficient game manager. Verify exact line on Sports-Reference.,CFBD_SYNC
5295969,Brady Hart,,Texas A&M,SEC,QB,SO,76,200,"Cocoa, FL",2025,,,10.0,5.0,50.0,62.0,0.0,0.0,6.2,102.1,1.0,9.0,0.0,9.0,,,,,Brock Purdy,QB,Iowa State,2020,"~2,750 pass yds, 19 TD, 9 INT, 66% cmp; ~382 rush yds, 8 rush TD (approx.)",Auto-match (approx. library): moderate-volume efficient game manager. Verify exact line on Sports-Reference.,CFBD_SYNC
4685574,Conner Weigman,,Texas A&M,SEC,QB,SR,75,210,"Cypress, TX",2024,,,114.0,64.0,56.1,819.0,3.0,5.0,7.18,116.4,28.0,101.0,0.0,3.61,,,,,Brock Purdy,QB,Iowa State,2020,"~2,750 pass yds, 19 TD, 9 INT, 66% cmp; ~382 rush yds, 8 rush TD (approx.)",Auto-match (approx. library): moderate-volume efficient game manager. Verify exact line on Sports-Reference.,CFBD_SYNC
4685574,Conner Weigman,,Texas A&M,SEC,QB,SR,75,210,"Cypress, TX",2023,,,119.0,82.0,68.9,979.0,8.0,2.0,8.23,156.8,12.0,63.0,2.0,5.25,,,,,Trevor Lawrence,QB,Clemson,2020,"~3,153 pass yds, 24 TD, 5 INT, 69% cmp; ~203 rush yds, 8 rush TD (approx.)",Auto-match (approx. library): efficient franchise-type in shortened season. Verify exact line on Sports-Reference.,CFBD_SYNC
4685574,Conner Weigman,,Texas A&M,SEC,QB,SR,75,210,"Cypress, TX",2022,,,132.0,73.0,55.3,896.0,8.0,0.0,6.79,132.3,27.0,97.0,0.0,3.59,,,,,Brock Purdy,QB,Iowa State,2020,"~2,750 pass yds, 19 TD, 9 INT, 66% cmp; ~382 rush yds, 8 rush TD (approx.)",Auto-match (approx. library): moderate-volume efficient game manager. Verify exact line on Sports-Reference.,CFBD_SYNC
4602923,Jaylen Henderson,,Texas A&M,SEC,QB,SR,75,227,"Los Angeles, CA",2023,,,78.0,53.0,67.9,715.0,6.0,2.0,9.17,165.2,41.0,104.0,2.0,2.54,,,,,Trevor Lawrence,QB,Clemson,2020,"~3,153 pass yds, 24 TD, 5 INT, 69% cmp; ~203 rush yds, 8 rush TD (approx.)",Auto-match (approx. library): efficient franchise-type in shortened season. Verify exact line on Sports-Reference.,CFBD_SYNC
4870971,Marcel Reed,,Texas A&M,SEC,QB,SR,73,185,"Nashville, TN",2026,1,,30.0,21.0,70.0,233.0,2.0,0.0,7.77,157.2,7.0,20.0,0.0,2.86,,,,,Trevor Lawrence,QB,Clemson,2020,"~3,153 pass yds, 24 TD, 5 INT, 69% cmp; ~203 rush yds, 8 rush TD (approx.)",Auto-match (approx. library): efficient franchise-type in shortened season. Verify exact line on Sports-Reference.,CFBD_SYNC
4870971,Marcel Reed,,Texas A&M,SEC,QB,SR,73,185,"Nashville, TN",2025,,,377.0,234.0,62.1,3169.0,25.0,12.0,8.41,148.2,104.0,493.0,6.0,4.74,,,,,Josh Allen,QB,Wyoming,2016,"~3,203 pass yds, 28 TD, 15 INT, 56% cmp; ~523 rush yds, 7 rush TD (approx.)","Auto-match (approx. library): raw big-arm G5 dual-threat, high INT volume. Verify exact line on Sports-Reference.",CFBD_SYNC
4870971,Marcel Reed,,Texas A&M,SEC,QB,SR,73,185,"Nashville, TN",2024,,,240.0,147.0,61.2,1864.0,15.0,6.0,7.77,142.1,116.0,547.0,7.0,4.72,0.0,4.0,0.0,,Brock Purdy,QB,Iowa State,2020,"~2,750 pass yds, 19 TD, 9 INT, 66% cmp; ~382 rush yds, 8 rush TD (approx.)",Auto-match (approx. library): moderate-volume efficient game manager. Verify exact line on Sports-Reference.,CFBD_SYNC
4870971,Marcel Reed,,Texas A&M,SEC,QB,SR,73,185,"Nashville, TN",2023,,,36.0,21.0,58.3,374.0,1.0,1.0,10.39,149.2,13.0,45.0,1.0,3.46,,,,,Brock Purdy,QB,Iowa State,2020,"~2,750 pass yds, 19 TD, 9 INT, 66% cmp; ~382 rush yds, 8 rush TD (approx.)",Auto-match (approx. library): moderate-volume efficient game manager. Verify exact line on Sports-Reference.,CFBD_SYNC
4685740,Max Johnson,,Texas A&M,SEC,QB,SR,77,220,"Athens, GA",2023,,,190.0,118.0,62.1,1452.0,9.0,5.0,7.64,136.7,51.0,27.0,2.0,0.53,,,,,Brock Purdy,QB,Iowa State,2020,"~2,750 pass yds, 19 TD, 9 INT, 66% cmp; ~382 rush yds, 8 rush TD (approx.)",Auto-match (approx. library): moderate-volume efficient game manager. Verify exact line on Sports-Reference.,CFBD_SYNC
4685740,Max Johnson,,Texas A&M,SEC,QB,SR,77,220,"Athens, GA",2022,,,71.0,43.0,60.6,517.0,3.0,0.0,7.28,135.7,29.0,58.0,0.0,2.0,,,,,Brock Purdy,QB,Iowa State,2020,"~2,750 pass yds, 19 TD, 9 INT, 66% cmp; ~382 rush yds, 8 rush TD (approx.)",Auto-match (approx. library): moderate-volume efficient game manager. Verify exact line on Sports-Reference.,CFBD_SYNC
5145396,Miles O'Neill,,Texas A&M,SEC,QB,SO,77,220,"Marblehead, MA",2025,,,14.0,7.0,50.0,120.0,1.0,2.0,8.57,117.0,7.0,9.0,0.0,1.29,,,,,Brock Purdy,QB,Iowa State,2020,"~2,750 pass yds, 19 TD, 9 INT, 66% cmp; ~382 rush yds, 8 rush TD (approx.)",Auto-match (approx. library): moderate-volume efficient game manager. Verify exact line on Sports-Reference.,CFBD_SYNC
5145396,Miles O'Neill,,Texas A&M,SEC,QB,SO,77,220,"Marblehead, MA",2024,,,6.0,5.0,83.3,51.0,1.0,0.0,8.5,209.7,,,,,,,,,Trevor Lawrence,QB,Clemson,2020,"~3,153 pass yds, 24 TD, 5 INT, 69% cmp; ~203 rush yds, 8 rush TD (approx.)",Auto-match (approx. library): efficient franchise-type in shortened season. Verify exact line on Sports-Reference.,CFBD_SYNC
5081405,AJ Swann,,Vanderbilt,SEC,QB,SR,74,220,"Canton, GA",2023,,,196.0,106.0,54.1,1418.0,12.0,7.0,7.23,127.9,28.0,11.0,1.0,0.39,,,,,Brock Purdy,QB,Iowa State,2020,"~2,750 pass yds, 19 TD, 9 INT, 66% cmp; ~382 rush yds, 8 rush TD (approx.)",Auto-match (approx. library): moderate-volume efficient game manager. Verify exact line on Sports-Reference.,CFBD_SYNC
5081405,AJ Swann,,Vanderbilt,SEC,QB,SR,74,220,"Canton, GA",2022,,,198.0,115.0,58.1,1274.0,10.0,2.0,6.43,126.8,21.0,-76.0,0.0,-3.62,,,,,Justin Herbert,QB,Oregon,2019,"~3,471 pass yds, 32 TD, 6 INT, 67% cmp; ~50 rush yds, 4 rush TD (approx.)","Auto-match (approx. library): big-arm pro-style starter, moderate college volume. Verify exact line on Sports-Reference.",CFBD_SYNC
5121691,Blaze Berlowitz,,Vanderbilt,SEC,QB,SR,75,200,"Cushing, OK",2026,1,,16.0,11.0,68.8,149.0,0.0,0.0,9.31,147.0,11.0,45.0,1.0,4.09,,,,,Trevor Lawrence,QB,Clemson,2020,"~3,153 pass yds, 24 TD, 5 INT, 69% cmp; ~203 rush yds, 8 rush TD (approx.)",Auto-match (approx. library): efficient franchise-type in shortened season. Verify exact line on Sports-Reference.,CFBD_SYNC
5121691,Blaze Berlowitz,,Vanderbilt,SEC,QB,SR,75,200,"Cushing, OK",2025,,,17.0,9.0,52.9,131.0,1.0,0.0,7.71,137.1,11.0,81.0,1.0,7.36,,,,,Brock Purdy,QB,Iowa State,2020,"~2,750 pass yds, 19 TD, 9 INT, 66% cmp; ~382 rush yds, 8 rush TD (approx.)",Auto-match (approx. library): moderate-volume efficient game manager. Verify exact line on Sports-Reference.,CFBD_SYNC
4713649,Drew Dickey,,Vanderbilt,SEC,QB,SR,73,211,"Austin, TX",2025,,,2.0,1.0,50.0,28.0,0.0,0.0,14.0,167.6,3.0,13.0,1.0,4.33,,,,,Brock Purdy,QB,Iowa State,2020,"~2,750 pass yds, 19 TD, 9 INT, 66% cmp; ~382 rush yds, 8 rush TD (approx.)",Auto-match (approx. library): moderate-volume efficient game manager. Verify exact line on Sports-Reference.,CFBD_SYNC
5158948,Jared Curtis,,Vanderbilt,SEC,QB,FR,75,230,"Nashville, TN",2026,1,,9.0,7.0,77.8,60.0,0.0,0.0,6.67,133.8,3.0,22.0,0.0,7.33,,,,,Trevor Lawrence,QB,Clemson,2020,"~3,153 pass yds, 24 TD, 5 INT, 69% cmp; ~203 rush yds, 8 rush TD (approx.)",Auto-match (approx. library): efficient franchise-type in shortened season. Verify exact line on Sports-Reference.,CFBD_SYNC
5126473,Whit Muschamp,,Vanderbilt,SEC,QB,JR,73,195,"Columbia, SC",2025,,,3.0,2.0,66.7,40.0,0.0,0.0,13.33,178.7,1.0,8.0,0.0,8.0,,,,,Trevor Lawrence,QB,Clemson,2020,"~3,153 pass yds, 24 TD, 5 INT, 69% cmp; ~203 rush yds, 8 rush TD (approx.)",Auto-match (approx. library): efficient franchise-type in shortened season. Verify exact line on Sports-Reference.,CFBD_SYNC
5160640,Anthony Ferrucci,,Boston College,ACC,RB,JR,67,195,"Fishers, IN",2025,,,,,,,,,,,4.0,14.0,0.0,3.5,,,,,Josh Jacobs,RB,Alabama,2018,"~640 rush yds, 11 rush TD on 120 att; ~20 rec, 247 yds, 3 TD (approx.)","Auto-match (approx. library): low-volume committee back, high TD efficiency. Verify exact line on Sports-Reference.",CFBD_SYNC
5160640,Anthony Ferrucci,,Boston College,ACC,RB,JR,67,195,"Fishers, IN",2023,,,,,,,,,,,1.0,4.0,0.0,4.0,,,,,Josh Jacobs,RB,Alabama,2018,"~640 rush yds, 11 rush TD on 120 att; ~20 rec, 247 yds, 3 TD (approx.)","Auto-match (approx. library): low-volume committee back, high TD efficiency. Verify exact line on Sports-Reference.",CFBD_SYNC
5208592,Bo MacCormack III,,Boston College,ACC,RB,SO,70,200,"Westford, MA",2026,1,,,,,,,,,,7.0,40.0,0.0,5.71,1.0,12.0,0.0,12.0,Josh Jacobs,RB,Alabama,2018,"~640 rush yds, 11 rush TD on 120 att; ~20 rec, 247 yds, 3 TD (approx.)","Auto-match (approx. library): low-volume committee back, high TD efficiency. Verify exact line on Sports-Reference.",CFBD_SYNC
5208592,Bo MacCormack III,,Boston College,ACC,RB,SO,70,200,"Westford, MA",2025,,,,,,,,,,,15.0,43.0,1.0,2.87,2.0,14.0,0.0,7.0,Josh Jacobs,RB,Alabama,2018,"~640 rush yds, 11 rush TD on 120 att; ~20 rec, 247 yds, 3 TD (approx.)","Auto-match (approx. library): low-volume committee back, high TD efficiency. Verify exact line on Sports-Reference.",CFBD_SYNC
4869582,Cam Barfield,,Boston College,ACC,RB,SR,67,190,"Las Vegas, NV",2023,,,,,,,,,,,11.0,14.0,0.0,1.27,1.0,-1.0,0.0,-1.0,Josh Jacobs,RB,Alabama,2018,"~640 rush yds, 11 rush TD on 120 att; ~20 rec, 247 yds, 3 TD (approx.)","Auto-match (approx. library): low-volume committee back, high TD efficiency. Verify exact line on Sports-Reference.",CFBD_SYNC
4869582,Cam Barfield,,Boston College,ACC,RB,SR,67,190,"Las Vegas, NV",2022,,,,,,,,,,,25.0,53.0,0.0,2.12,3.0,-1.0,0.0,-0.33,Josh Jacobs,RB,Alabama,2018,"~640 rush yds, 11 rush TD on 120 att; ~20 rec, 247 yds, 3 TD (approx.)","Auto-match (approx. library): low-volume committee back, high TD efficiency. Verify exact line on Sports-Reference.",CFBD_SYNC
5076122,Evan Dickens,,Boston College,ACC,RB,JR,70,195,"Marietta, GA",2026,1,,,,,,,,,,11.0,47.0,1.0,4.27,1.0,27.0,0.0,27.0,Josh Jacobs,RB,Alabama,2018,"~640 rush yds, 11 rush TD on 120 att; ~20 rec, 247 yds, 3 TD (approx.)","Auto-match (approx. library): low-volume committee back, high TD efficiency. Verify exact line on Sports-Reference.",CFBD_SYNC
5211163,Mekhi Dodd,,Boston College,ACC,RB,FR,72,210,"Mattapan, MA",2025,,,,,,,,,,,7.0,12.0,0.0,1.71,1.0,3.0,0.0,3.0,Josh Jacobs,RB,Alabama,2018,"~640 rush yds, 11 rush TD on 120 att; ~20 rec, 247 yds, 3 TD (approx.)","Auto-match (approx. library): low-volume committee back, high TD efficiency. Verify exact line on Sports-Reference.",CFBD_SYNC
5146724,Turbo Richard,,Boston College,ACC,RB,JR,69,204,"Charlotte, NC",2025,,,,,,,,,,,145.0,749.0,9.0,5.17,30.0,213.0,2.0,7.1,James Cook,RB,Georgia,2021,"~728 rush yds, 7 rush TD on 113 att; ~27 rec, 284 yds, 4 TD (approx.)","Auto-match (approx. library): satellite back in committee, per-touch juice. Verify exact line on Sports-Reference.",CFBD_SYNC
5146724,Turbo Richard,,Boston College,ACC,RB,JR,69,204,"Charlotte, NC",2024,,,,,,,,,,,55.0,278.0,2.0,5.05,2.0,62.0,0.0,31.0,Josh Jacobs,RB,Alabama,2018,"~640 rush yds, 11 rush TD on 120 att; ~20 rec, 247 yds, 3 TD (approx.)","Auto-match (approx. library): low-volume committee back, high TD efficiency. Verify exact line on Sports-Reference.",CFBD_SYNC
5147861,Adam Mohammed,,California,ACC,RB,JR,72,220,"Glendale, AZ",2026,1,,,,,,,,,,28.0,120.0,1.0,4.29,7.0,46.0,0.0,6.57,Josh Jacobs,RB,Alabama,2018,"~640 rush yds, 11 rush TD on 120 att; ~20 rec, 247 yds, 3 TD (approx.)","Auto-match (approx. library): low-volume committee back, high TD efficiency. Verify exact line on Sports-Reference.",CFBD_SYNC
5164327,Anthony League,,California,ACC,RB,FR,72,215,"Long Beach, CA",2026,1,,,,,,,,,,1.0,1.0,0.0,1.0,,,,,Josh Jacobs,RB,Alabama,2018,"~640 rush yds, 11 rush TD on 120 att; ~20 rec, 247 yds, 3 TD (approx.)","Auto-match (approx. library): low-volume committee back, high TD efficiency. Verify exact line on Sports-Reference.",CFBD_SYNC
5164327,Anthony League,,California,ACC,RB,FR,72,215,"Long Beach, CA",2025,,,,,,,,,,,11.0,38.0,1.0,3.45,2.0,11.0,0.0,5.5,Josh Jacobs,RB,Alabama,2018,"~640 rush yds, 11 rush TD on 120 att; ~20 rec, 247 yds, 3 TD (approx.)","Auto-match (approx. library): low-volume committee back, high TD efficiency. Verify exact line on Sports-Reference.",CFBD_SYNC
5192899,Ashten Emory,,California,ACC,RB,SO,71,210,"Dallas, TX",2026,1,,,,,,,,,,1.0,6.0,0.0,6.0,,,,,Josh Jacobs,RB,Alabama,2018,"~640 rush yds, 11 rush TD on 120 att; ~20 rec, 247 yds, 3 TD (approx.)","Auto-match (approx. library): low-volume committee back, high TD efficiency. Verify exact line on Sports-Reference.",CFBD_SYNC
5078422,Brandon High Jr.,,California,ACC,RB,JR,70,215,"Spring, TX",2025,,,,,,,,,,,23.0,98.0,1.0,4.26,1.0,5.0,0.0,5.0,Josh Jacobs,RB,Alabama,2018,"~640 rush yds, 11 rush TD on 120 att; ~20 rec, 247 yds, 3 TD (approx.)","Auto-match (approx. library): low-volume committee back, high TD efficiency. Verify exact line on Sports-Reference.",CFBD_SYNC
5148905,Carter Vargas,,California,ACC,RB,SO,71,205,"Santa Maria, CA",2026,1,,,,,,,,,,4.0,14.0,0.0,3.5,2.0,6.0,0.0,3.0,Josh Jacobs,RB,Alabama,2018,"~640 rush yds, 11 rush TD on 120 att; ~20 rec, 247 yds, 3 TD (approx.)","Auto-match (approx. library): low-volume committee back, high TD efficiency. Verify exact line on Sports-Reference.",CFBD_SYNC
5161137,Dean-Taylor Chapman,,California,ACC,RB,JR,69,185,"San Leandro, CA",2025,,,,,,,,,,,1.0,5.0,0.0,5.0,,,,,Josh Jacobs,RB,Alabama,2018,"~640 rush yds, 11 rush TD on 120 att; ~20 rec, 247 yds, 3 TD (approx.)","Auto-match (approx. library): low-volume committee back, high TD efficiency. Verify exact line on Sports-Reference.",CFBD_SYNC
5114332,Jaivian Thomas,,California,ACC,RB,SR,70,198,"Oakland, CA",2024,,,,,,,,,,,100.0,626.0,7.0,6.26,11.0,91.0,0.0,8.27,Josh Jacobs,RB,Alabama,2018,"~640 rush yds, 11 rush TD on 120 att; ~20 rec, 247 yds, 3 TD (approx.)","Auto-match (approx. library): low-volume committee back, high TD efficiency. Verify exact line on Sports-Reference.",CFBD_SYNC
4899368,Kendrick Raphael,,California,ACC,RB,SR,71,200,"Naples, FL",2025,,,,,,,,,,,233.0,952.0,13.0,4.09,34.0,245.0,1.0,7.21,Kyren Williams,RB,Notre Dame,2021,"~1002 rush yds, 14 rush TD on 204 att; ~42 rec, 359 yds, 3 TD (approx.)","Auto-match (approx. library): three-down volume, heavy receiving usage. Verify exact line on Sports-Reference.",CFBD_SYNC
5159948,Chris Johnson Jr.,,Clemson,ACC,RB,SR,72,190,"Fort Lauderdale, FL",2026,1,,,,,,,,,,3.0,0.0,0.0,0.0,,,,,Josh Jacobs,RB,Alabama,2018,"~640 rush yds, 11 rush TD on 120 att; ~20 rec, 247 yds, 3 TD (approx.)","Auto-match (approx. library): low-volume committee back, high TD efficiency. Verify exact line on Sports-Reference.",CFBD_SYNC
5079438,David Eziomume,,Clemson,ACC,RB,JR,72,215,"Acworth, GA",2026,1,,,,,,,,,,1.0,11.0,1.0,11.0,,,,,Josh Jacobs,RB,Alabama,2018,"~640 rush yds, 11 rush TD on 120 att; ~20 rec, 247 yds, 3 TD (approx.)","Auto-match (approx. library): low-volume committee back, high TD efficiency. Verify exact line on Sports-Reference.",CFBD_SYNC
5079438,David Eziomume,,Clemson,ACC,RB,JR,72,215,"Acworth, GA",2025,,,,,,,,,,,16.0,71.0,0.0,4.44,3.0,10.0,0.0,3.33,Josh Jacobs,RB,Alabama,2018,"~640 rush yds, 11 rush TD on 120 att; ~20 rec, 247 yds, 3 TD (approx.)","Auto-match (approx. library): low-volume committee back, high TD efficiency. Verify exact line on Sports-Reference.",CFBD_SYNC
5079438,David Eziomume,,Clemson,ACC,RB,JR,72,215,"Acworth, GA",2024,,,,,,,,,,,10.0,62.0,0.0,6.2,,,,,Josh Jacobs,RB,Alabama,2018,"~640 rush yds, 11 rush TD on 120 att; ~20 rec, 247 yds, 3 TD (approx.)","Auto-match (approx. library): low-volume committee back, high TD efficiency. Verify exact line on Sports-Reference.",CFBD_SYNC
5141422,Gideon Davidson,,Clemson,ACC,RB,SO,72,200,"Lynchburg, VA",2026,1,,,,,,,,,,7.0,20.0,0.0,2.86,,,,,Josh Jacobs,RB,Alabama,2018,"~640 rush yds, 11 rush TD on 120 att; ~20 rec, 247 yds, 3 TD (approx.)","Auto-match (approx. library): low-volume committee back, high TD efficiency. Verify exact line on Sports-Reference.",CFBD_SYNC
5141422,Gideon Davidson,,Clemson,ACC,RB,SO,72,200,"Lynchburg, VA",2025,,,,,,,,,,,60.0,260.0,0.0,4.33,11.0,93.0,0.0,8.45,James Cook,RB,Georgia,2021,"~728 rush yds, 7 rush TD on 113 att; ~27 rec, 284 yds, 4 TD (approx.)","Auto-match (approx. library): satellite back in committee, per-touch juice. Verify exact line on Sports-Reference.",CFBD_SYNC
5093141,Jarvis Green,,Clemson,ACC,RB,SR,69,205,"Irmo, SC",2026,1,,,,,,,,,,4.0,21.0,0.0,5.25,,,,,Josh Jacobs,RB,Alabama,2018,"~640 rush yds, 11 rush TD on 120 att; ~20 rec, 247 yds, 3 TD (approx.)","Auto-match (approx. library): low-volume committee back, high TD efficiency. Verify exact line on Sports-Reference.",CFBD_SYNC
5093141,Jarvis Green,,Clemson,ACC,RB,SR,69,205,"Irmo, SC",2024,,,,,,,,,,,9.0,53.0,0.0,5.89,2.0,35.0,1.0,17.5,Josh Jacobs,RB,Alabama,2018,"~640 rush yds, 11 rush TD on 120 att; ~20 rec, 247 yds, 3 TD (approx.)","Auto-match (approx. library): low-volume committee back, high TD efficiency. Verify exact line on Sports-Reference.",CFBD_SYNC
5093141,Jarvis Green,,Clemson,ACC,RB,SR,69,205,"Irmo, SC",2023,,,,,,,,,,,3.0,4.0,0.0,1.33,,,,,Josh Jacobs,RB,Alabama,2018,"~640 rush yds, 11 rush TD on 120 att; ~20 rec, 247 yds, 3 TD (approx.)","Auto-match (approx. library): low-volume committee back, high TD efficiency. Verify exact line on Sports-Reference.",CFBD_SYNC
5150556,Jay Haynes,,Clemson,ACC,RB,SR,71,200,"Roanoke, AL",2024,,,,,,,,,,,43.0,295.0,3.0,6.86,7.0,32.0,0.0,4.57,Josh Jacobs,RB,Alabama,2018,"~640 rush yds, 11 rush TD on 120 att; ~20 rec, 247 yds, 3 TD (approx.)","Auto-match (approx. library): low-volume committee back, high TD efficiency. Verify exact line on Sports-Reference.",CFBD_SYNC
5150556,Jay Haynes,,Clemson,ACC,RB,SR,71,200,"Roanoke, AL",2023,,,,,,,,,,,6.0,35.0,1.0,5.83,2.0,20.0,1.0,10.0,Josh Jacobs,RB,Alabama,2018,"~640 rush yds, 11 rush TD on 120 att; ~20 rec, 247 yds, 3 TD (approx.)","Auto-match (approx. library): low-volume committee back, high TD efficiency. Verify exact line on Sports-Reference.",CFBD_SYNC
5121793,Peyton Streko,,Clemson,ACC,RB,SR,70,195,"Cumming, GA",2024,,,,,,,,,,,2.0,15.0,0.0,7.5,,,,,Josh Jacobs,RB,Alabama,2018,"~640 rush yds, 11 rush TD on 120 att; ~20 rec, 247 yds, 3 TD (approx.)","Auto-match (approx. library): low-volume committee back, high TD efficiency. Verify exact line on Sports-Reference.",CFBD_SYNC
4873588,CJ Campbell Jr.,,Duke,ACC,RB,SR,70,200,"Kaplan, LA",2026,1,,,,,,,,,,10.0,25.0,0.0,2.5,3.0,22.0,0.0,7.33,Josh Jacobs,RB,Alabama,2018,"~640 rush yds, 11 rush TD on 120 att; ~20 rec, 247 yds, 3 TD (approx.)","Auto-match (approx. library): low-volume committee back, high TD efficiency. Verify exact line on Sports-Reference.",CFBD_SYNC
5164332,Nate Sheppard,,Duke,ACC,RB,SO,70,205,"Mandeville, LA",2026,1,,,,,,,,,,35.0,227.0,2.0,6.49,3.0,19.0,0.0,6.33,Josh Jacobs,RB,Alabama,2018,"~640 rush yds, 11 rush TD on 120 att; ~20 rec, 247 yds, 3 TD (approx.)","Auto-match (approx. library): low-volume committee back, high TD efficiency. Verify exact line on Sports-Reference.",CFBD_SYNC
5164332,Nate Sheppard,,Duke,ACC,RB,SO,70,205,"Mandeville, LA",2025,,,,,,,,,,,200.0,1132.0,11.0,5.66,37.0,286.0,1.0,7.73,De'Von Achane,RB,Texas A&M,2022,"~1102 rush yds, 8 rush TD on 196 att; ~36 rec, 383 yds, 3 TD (approx.)","Auto-match (approx. library): speed back, moderate volume, pass-game usage. Verify exact line on Sports-Reference.",CFBD_SYNC
4923298,Peyton Jones,,Duke,ACC,RB,JR,70,195,"Norfolk, VA",2025,,,,,,,,,,,10.0,34.0,1.0,3.4,3.0,23.0,0.0,7.67,Josh Jacobs,RB,Alabama,2018,"~640 rush yds, 11 rush TD on 120 att; ~20 rec, 247 yds, 3 TD (approx.)","Auto-match (approx. library): low-volume committee back, high TD efficiency. Verify exact line on Sports-Reference.",CFBD_SYNC
4923298,Peyton Jones,,Duke,ACC,RB,JR,70,195,"Norfolk, VA",2024,,,,,,,,,,,82.0,317.0,3.0,3.87,8.0,94.0,1.0,11.75,Josh Jacobs,RB,Alabama,2018,"~640 rush yds, 11 rush TD on 120 att; ~20 rec, 247 yds, 3 TD (approx.)","Auto-match (approx. library): low-volume committee back, high TD efficiency. Verify exact line on Sports-Reference.",CFBD_SYNC
4923298,Peyton Jones,,Duke,ACC,RB,JR,70,195,"Norfolk, VA",2023,,,,,,,,,,,20.0,72.0,1.0,3.6,,,,,Josh Jacobs,RB,Alabama,2018,"~640 rush yds, 11 rush TD on 120 att; ~20 rec, 247 yds, 3 TD (approx.)","Auto-match (approx. library): low-volume committee back, high TD efficiency. Verify exact line on Sports-Reference.",CFBD_SYNC
4873588,CJ Campbell Jr.,,Florida State,ACC,RB,SR,70,200,"Kaplan, LA",2023,,,,,,,,,,,7.0,117.0,1.0,16.71,,,,,Josh Jacobs,RB,Alabama,2018,"~640 rush yds, 11 rush TD on 120 att; ~20 rec, 247 yds, 3 TD (approx.)","Auto-match (approx. library): low-volume committee back, high TD efficiency. Verify exact line on Sports-Reference.",CFBD_SYNC
4873588,CJ Campbell Jr.,,Florida State,ACC,RB,SR,70,200,"Kaplan, LA",2022,,,,,,,,,,,18.0,64.0,2.0,3.56,1.0,3.0,0.0,3.0,Josh Jacobs,RB,Alabama,2018,"~640 rush yds, 11 rush TD on 120 att; ~20 rec, 247 yds, 3 TD (approx.)","Auto-match (approx. library): low-volume committee back, high TD efficiency. Verify exact line on Sports-Reference.",CFBD_SYNC
4685545,Gavin Sawchuk,,Florida State,ACC,RB,SR,72,205,"Littleton, CO",2025,,,,,,,,,,,109.0,486.0,8.0,4.46,13.0,121.0,1.0,9.31,Josh Jacobs,RB,Alabama,2018,"~640 rush yds, 11 rush TD on 120 att; ~20 rec, 247 yds, 3 TD (approx.)","Auto-match (approx. library): low-volume committee back, high TD efficiency. Verify exact line on Sports-Reference.",CFBD_SYNC
4871148,Jaylin Lucas,,Florida State,ACC,RB,SR,69,174,"Houma, LA",2025,,,,,,,,,,,27.0,160.0,0.0,5.93,11.0,88.0,0.0,8.0,James Cook,RB,Georgia,2021,"~728 rush yds, 7 rush TD on 113 att; ~27 rec, 284 yds, 4 TD (approx.)","Auto-match (approx. library): satellite back in committee, per-touch juice. Verify exact line on Sports-Reference.",CFBD_SYNC
4871148,Jaylin Lucas,,Florida State,ACC,RB,SR,69,174,"Houma, LA",2024,,,,,,,,,,,2.0,13.0,0.0,6.5,3.0,39.0,0.0,13.0,Josh Jacobs,RB,Alabama,2018,"~640 rush yds, 11 rush TD on 120 att; ~20 rec, 247 yds, 3 TD (approx.)","Auto-match (approx. library): low-volume committee back, high TD efficiency. Verify exact line on Sports-Reference.",CFBD_SYNC
5218243,Jeremiah Johnson,,Florida State,ACC,RB,SO,71,214,"Tallahassee, FL",2025,,,,,,,,,,,10.0,54.0,0.0,5.4,,,,,Josh Jacobs,RB,Alabama,2018,"~640 rush yds, 11 rush TD on 120 att; ~20 rec, 247 yds, 3 TD (approx.)","Auto-match (approx. library): low-volume committee back, high TD efficiency. Verify exact line on Sports-Reference.",CFBD_SYNC
5079364,Kam Davis,,Florida State,ACC,RB,SO,70,224,"Albany, GA",2025,,,,,,,,,,,8.0,51.0,1.0,6.38,3.0,46.0,0.0,15.33,Josh Jacobs,RB,Alabama,2018,"~640 rush yds, 11 rush TD on 120 att; ~20 rec, 247 yds, 3 TD (approx.)","Auto-match (approx. library): low-volume committee back, high TD efficiency. Verify exact line on Sports-Reference.",CFBD_SYNC
5079364,Kam Davis,,Florida State,ACC,RB,SO,70,224,"Albany, GA",2024,,,,,,,,,,,52.0,173.0,0.0,3.33,2.0,21.0,0.0,10.5,Josh Jacobs,RB,Alabama,2018,"~640 rush yds, 11 rush TD on 120 att; ~20 rec, 247 yds, 3 TD (approx.)","Auto-match (approx. library): low-volume committee back, high TD efficiency. Verify exact line on Sports-Reference.",CFBD_SYNC
5141560,Ousmane Kromah,,Florida State,ACC,RB,SO,73,216,"Leesburg, GA",2026,2,,,,,,,,,,36.0,235.0,2.0,6.53,2.0,15.0,0.0,7.5,Josh Jacobs,RB,Alabama,2018,"~640 rush yds, 11 rush TD on 120 att; ~20 rec, 247 yds, 3 TD (approx.)","Auto-match (approx. library): low-volume committee back, high TD efficiency. Verify exact line on Sports-Reference.",CFBD_SYNC
5141560,Ousmane Kromah,,Florida State,ACC,RB,SO,73,216,"Leesburg, GA",2025,,,,,,,,,,,72.0,408.0,0.0,5.67,9.0,147.0,1.0,16.33,James Cook,RB,Georgia,2021,"~728 rush yds, 7 rush TD on 113 att; ~27 rec, 284 yds, 4 TD (approx.)","Auto-match (approx. library): satellite back in committee, per-touch juice. Verify exact line on Sports-Reference.",CFBD_SYNC
4871076,Quintrevion Wisner,,Florida State,ACC,RB,SR,72,203,"Mexia, TX",2026,1,,,,,,,,,,4.0,34.0,0.0,8.5,3.0,4.0,0.0,1.33,Josh Jacobs,RB,Alabama,2018,"~640 rush yds, 11 rush TD on 120 att; ~20 rec, 247 yds, 3 TD (approx.)","Auto-match (approx. library): low-volume committee back, high TD efficiency. Verify exact line on Sports-Reference.",CFBD_SYNC
4870955,Samuel Singleton Jr.,,Florida State,ACC,RB,JR,71,205,"Charleston, SC",2026,2,,,,,,,,,,16.0,66.0,1.0,4.12,6.0,94.0,2.0,15.67,Josh Jacobs,RB,Alabama,2018,"~640 rush yds, 11 rush TD on 120 att; ~20 rec, 247 yds, 3 TD (approx.)","Auto-match (approx. library): low-volume committee back, high TD efficiency. Verify exact line on Sports-Reference.",CFBD_SYNC
4870955,Samuel Singleton Jr.,,Florida State,ACC,RB,JR,71,205,"Charleston, SC",2025,,,,,,,,,,,51.0,360.0,4.0,7.06,1.0,16.0,0.0,16.0,Josh Jacobs,RB,Alabama,2018,"~640 rush yds, 11 rush TD on 120 att; ~20 rec, 247 yds, 3 TD (approx.)","Auto-match (approx. library): low-volume committee back, high TD efficiency. Verify exact line on Sports-Reference.",CFBD_SYNC
4870955,Samuel Singleton Jr.,,Florida State,ACC,RB,JR,71,205,"Charleston, SC",2024,,,,,,,,,,,21.0,93.0,0.0,4.43,3.0,3.0,0.0,1.0,Josh Jacobs,RB,Alabama,2018,"~640 rush yds, 11 rush TD on 120 att; ~20 rec, 247 yds, 3 TD (approx.)","Auto-match (approx. library): low-volume committee back, high TD efficiency. Verify exact line on Sports-Reference.",CFBD_SYNC
4870955,Samuel Singleton Jr.,,Florida State,ACC,RB,JR,71,205,"Charleston, SC",2023,,,,,,,,,,,8.0,56.0,0.0,7.0,,,,,Josh Jacobs,RB,Alabama,2018,"~640 rush yds, 11 rush TD on 120 att; ~20 rec, 247 yds, 3 TD (approx.)","Auto-match (approx. library): low-volume committee back, high TD efficiency. Verify exact line on Sports-Reference.",CFBD_SYNC
5218242,Zay Parks,,Florida State,ACC,RB,SO,71,204,"Crestview, FL",2025,,,,,,,,,,,15.0,95.0,1.0,6.33,,,,,Josh Jacobs,RB,Alabama,2018,"~640 rush yds, 11 rush TD on 120 att; ~20 rec, 247 yds, 3 TD (approx.)","Auto-match (approx. library): low-volume committee back, high TD efficiency. Verify exact line on Sports-Reference.",CFBD_SYNC
5079372,Anthony Carrie,,Georgia Tech,ACC,RB,SO,72,205,"Tampa, FL",2024,,,,,,,,,,,25.0,120.0,1.0,4.8,4.0,16.0,0.0,4.0,Josh Jacobs,RB,Alabama,2018,"~640 rush yds, 11 rush TD on 120 att; ~20 rec, 247 yds, 3 TD (approx.)","Auto-match (approx. library): low-volume committee back, high TD efficiency. Verify exact line on Sports-Reference.",CFBD_SYNC
5125580,Chad Alexander,,Georgia Tech,ACC,RB,SR,69,190,"Lawrenceville, GA",2025,,,,,,,,,,,2.0,3.0,0.0,1.5,2.0,-2.0,0.0,-1.0,Josh Jacobs,RB,Alabama,2018,"~640 rush yds, 11 rush TD on 120 att; ~20 rec, 247 yds, 3 TD (approx.)","Auto-match (approx. library): low-volume committee back, high TD efficiency. Verify exact line on Sports-Reference.",CFBD_SYNC
5125580,Chad Alexander,,Georgia Tech,ACC,RB,SR,69,190,"Lawrenceville, GA",2024,,,,,,,,,,,58.0,280.0,1.0,4.83,5.0,22.0,0.0,4.4,Josh Jacobs,RB,Alabama,2018,"~640 rush yds, 11 rush TD on 120 att; ~20 rec, 247 yds, 3 TD (approx.)","Auto-match (approx. library): low-volume committee back, high TD efficiency. Verify exact line on Sports-Reference.",CFBD_SYNC
5076122,Evan Dickens,,Georgia Tech,ACC,RB,JR,70,195,"Marietta, GA",2023,,,,,,,,,,,11.0,47.0,0.0,4.27,1.0,5.0,0.0,5.0,Josh Jacobs,RB,Alabama,2018,"~640 rush yds, 11 rush TD on 120 att; ~20 rec, 247 yds, 3 TD (approx.)","Auto-match (approx. library): low-volume committee back, high TD efficiency. Verify exact line on Sports-Reference.",CFBD_SYNC
5215011,J.P. Powell,,Georgia Tech,ACC,RB,SO,70,200,"Colquitt, GA",2025,,,,,,,,,,,5.0,72.0,1.0,14.4,,,,,Josh Jacobs,RB,Alabama,2018,"~640 rush yds, 11 rush TD on 120 att; ~20 rec, 247 yds, 3 TD (approx.)","Auto-match (approx. library): low-volume committee back, high TD efficiency. Verify exact line on Sports-Reference.",CFBD_SYNC
4870760,Justice Haynes,,Georgia Tech,ACC,RB,SR,71,210,"Alpharetta, GA",2026,1,,,,,,,,,,19.0,64.0,0.0,3.37,1.0,4.0,0.0,4.0,Josh Jacobs,RB,Alabama,2018,"~640 rush yds, 11 rush TD on 120 att; ~20 rec, 247 yds, 3 TD (approx.)","Auto-match (approx. library): low-volume committee back, high TD efficiency. Verify exact line on Sports-Reference.",CFBD_SYNC
5155366,Malachi Hosley,,Georgia Tech,ACC,RB,SR,70,200,"Columbus, GA",2026,1,,,,,,,,,,6.0,14.0,0.0,2.33,,,,,Josh Jacobs,RB,Alabama,2018,"~640 rush yds, 11 rush TD on 120 att; ~20 rec, 247 yds, 3 TD (approx.)","Auto-match (approx. library): low-volume committee back, high TD efficiency. Verify exact line on Sports-Reference.",CFBD_SYNC
5155366,Malachi Hosley,,Georgia Tech,ACC,RB,SR,70,200,"Columbus, GA",2025,,,,,,,,,,,98.0,697.0,7.0,7.11,14.0,119.0,0.0,8.5,Josh Jacobs,RB,Alabama,2018,"~640 rush yds, 11 rush TD on 120 att; ~20 rec, 247 yds, 3 TD (approx.)","Auto-match (approx. library): low-volume committee back, high TD efficiency. Verify exact line on Sports-Reference.",CFBD_SYNC
5209762,Shane Marshall,,Georgia Tech,ACC,RB,SO,71,210,"Ocilla, GA",2025,,,,,,,,,,,2.0,10.0,0.0,5.0,,,,,Josh Jacobs,RB,Alabama,2018,"~640 rush yds, 11 rush TD on 120 att; ~20 rec, 247 yds, 3 TD (approx.)","Auto-match (approx. library): low-volume committee back, high TD efficiency. Verify exact line on Sports-Reference.",CFBD_SYNC
5103639,Trelain Maddox,,Georgia Tech,ACC,RB,JR,74,225,"Stone Mountain, GA",2025,,,,,,,,,,,11.0,38.0,1.0,3.45,1.0,7.0,0.0,7.0,Josh Jacobs,RB,Alabama,2018,"~640 rush yds, 11 rush TD on 120 att; ~20 rec, 247 yds, 3 TD (approx.)","Auto-match (approx. library): low-volume committee back, high TD efficiency. Verify exact line on Sports-Reference.",CFBD_SYNC
5103639,Trelain Maddox,,Georgia Tech,ACC,RB,JR,74,225,"Stone Mountain, GA",2024,,,,,,,,,,,17.0,67.0,1.0,3.94,1.0,9.0,0.0,9.0,Josh Jacobs,RB,Alabama,2018,"~640 rush yds, 11 rush TD on 120 att; ~20 rec, 247 yds, 3 TD (approx.)","Auto-match (approx. library): low-volume committee back, high TD efficiency. Verify exact line on Sports-Reference.",CFBD_SYNC
4601283,Trey Cooley,,Georgia Tech,ACC,RB,SR,70,208,"Raleigh, NC",2024,,,,,,,,,,,6.0,26.0,0.0,4.33,1.0,4.0,0.0,4.0,Josh Jacobs,RB,Alabama,2018,"~640 rush yds, 11 rush TD on 120 att; ~20 rec, 247 yds, 3 TD (approx.)","Auto-match (approx. library): low-volume committee back, high TD efficiency. Verify exact line on Sports-Reference.",CFBD_SYNC
4601283,Trey Cooley,,Georgia Tech,ACC,RB,SR,70,208,"Raleigh, NC",2023,,,,,,,,,,,64.0,274.0,3.0,4.28,11.0,112.0,1.0,10.18,Josh Jacobs,RB,Alabama,2018,"~640 rush yds, 11 rush TD on 120 att; ~20 rec, 247 yds, 3 TD (approx.)","Auto-match (approx. library): low-volume committee back, high TD efficiency. Verify exact line on Sports-Reference.",CFBD_SYNC
5296136,Braxton Jennings,,Louisville,ACC,RB,FR,71,195,"Ashland, KY",2025,,,,,,,,,,,37.0,200.0,1.0,5.41,2.0,6.0,0.0,3.0,Josh Jacobs,RB,Alabama,2018,"~640 rush yds, 11 rush TD on 120 att; ~20 rec, 247 yds, 3 TD (approx.)","Auto-match (approx. library): low-volume committee back, high TD efficiency. Verify exact line on Sports-Reference.",CFBD_SYNC
4685184,Don Chaney,,Louisville,ACC,RB,SR,71,235,"Homestead, FL",2024,,,,,,,,,,,50.0,178.0,3.0,3.56,7.0,62.0,0.0,8.86,Josh Jacobs,RB,Alabama,2018,"~640 rush yds, 11 rush TD on 120 att; ~20 rec, 247 yds, 3 TD (approx.)","Auto-match (approx. library): low-volume committee back, high TD efficiency. Verify exact line on Sports-Reference.",CFBD_SYNC
5136049,Duke Watson,,Louisville,ACC,RB,JR,71,185,"Forsyth, GA",2025,,,,,,,,,,,49.0,158.0,1.0,3.22,6.0,49.0,1.0,8.17,Josh Jacobs,RB,Alabama,2018,"~640 rush yds, 11 rush TD on 120 att; ~20 rec, 247 yds, 3 TD (approx.)","Auto-match (approx. library): low-volume committee back, high TD efficiency. Verify exact line on Sports-Reference.",CFBD_SYNC
5136049,Duke Watson,,Louisville,ACC,RB,JR,71,185,"Forsyth, GA",2024,,,,,,,,,,,67.0,597.0,7.0,8.91,5.0,60.0,1.0,12.0,Josh Jacobs,RB,Alabama,2018,"~640 rush yds, 11 rush TD on 120 att; ~20 rec, 247 yds, 3 TD (approx.)","Auto-match (approx. library): low-volume committee back, high TD efficiency. Verify exact line on Sports-Reference.",CFBD_SYNC
5079349,Isaac Brown,,Louisville,ACC,RB,JR,69,190,"Homestead, FL",2026,1,,,,,,,,,,16.0,36.0,0.0,2.25,3.0,32.0,0.0,10.67,Josh Jacobs,RB,Alabama,2018,"~640 rush yds, 11 rush TD on 120 att; ~20 rec, 247 yds, 3 TD (approx.)","Auto-match (approx. library): low-volume committee back, high TD efficiency. Verify exact line on Sports-Reference.",CFBD_SYNC
5079349,Isaac Brown,,Louisville,ACC,RB,JR,69,190,"Homestead, FL",2025,,,,,,,,,,,101.0,884.0,7.0,8.75,13.0,48.0,0.0,3.69,Josh Jacobs,RB,Alabama,2018,"~640 rush yds, 11 rush TD on 120 att; ~20 rec, 247 yds, 3 TD (approx.)","Auto-match (approx. library): low-volume committee back, high TD efficiency. Verify exact line on Sports-Reference.",CFBD_SYNC
5079349,Isaac Brown,,Louisville,ACC,RB,JR,69,190,"Homestead, FL",2024,,,,,,,,,,,165.0,1173.0,11.0,7.11,30.0,152.0,1.0,5.07,D'Andre Swift,RB,Georgia,2019,"~1218 rush yds, 7 rush TD on 196 att; ~24 rec, 216 yds, 1 TD (approx.)","Auto-match (approx. library): efficient split-backfield lead, receiving value. Verify exact line on Sports-Reference.",CFBD_SYNC
5156440,Jamarice Wilder,,Louisville,ACC,RB,FR,69,187,"Sarasota, FL",2025,,,,,,,,,,,4.0,15.0,0.0,3.75,,,,,Josh Jacobs,RB,Alabama,2018,"~640 rush yds, 11 rush TD on 120 att; ~20 rec, 247 yds, 3 TD (approx.)","Auto-match (approx. library): low-volume committee back, high TD efficiency. Verify exact line on Sports-Reference.",CFBD_SYNC
4923046,Keyjuan Brown,,Louisville,ACC,RB,JR,70,215,"Atlanta, GA",2026,1,,,,,,,,,,7.0,56.0,0.0,8.0,1.0,5.0,0.0,5.0,Josh Jacobs,RB,Alabama,2018,"~640 rush yds, 11 rush TD on 120 att; ~20 rec, 247 yds, 3 TD (approx.)","Auto-match (approx. library): low-volume committee back, high TD efficiency. Verify exact line on Sports-Reference.",CFBD_SYNC
4923046,Keyjuan Brown,,Louisville,ACC,RB,JR,70,215,"Atlanta, GA",2025,,,,,,,,,,,96.0,704.0,6.0,7.33,12.0,118.0,0.0,9.83,Josh Jacobs,RB,Alabama,2018,"~640 rush yds, 11 rush TD on 120 att; ~20 rec, 247 yds, 3 TD (approx.)","Auto-match (approx. library): low-volume committee back, high TD efficiency. Verify exact line on Sports-Reference.",CFBD_SYNC
4923046,Keyjuan Brown,,Louisville,ACC,RB,JR,70,215,"Atlanta, GA",2024,,,,,,,,,,,47.0,243.0,3.0,5.17,5.0,53.0,0.0,10.6,Josh Jacobs,RB,Alabama,2018,"~640 rush yds, 11 rush TD on 120 att; ~20 rec, 247 yds, 3 TD (approx.)","Auto-match (approx. library): low-volume committee back, high TD efficiency. Verify exact line on Sports-Reference.",CFBD_SYNC
4923046,Keyjuan Brown,,Louisville,ACC,RB,JR,70,215,"Atlanta, GA",2023,,,,,,,,,,,11.0,65.0,1.0,5.91,,,,,Josh Jacobs,RB,Alabama,2018,"~640 rush yds, 11 rush TD on 120 att; ~20 rec, 247 yds, 3 TD (approx.)","Auto-match (approx. library): low-volume committee back, high TD efficiency. Verify exact line on Sports-Reference.",CFBD_SYNC
4837391,Maurice Turner,,Louisville,ACC,RB,SR,70,196,"Nicholls, GA",2024,,,,,,,,,,,27.0,136.0,1.0,5.04,1.0,8.0,0.0,8.0,Josh Jacobs,RB,Alabama,2018,"~640 rush yds, 11 rush TD on 120 att; ~20 rec, 247 yds, 3 TD (approx.)","Auto-match (approx. library): low-volume committee back, high TD efficiency. Verify exact line on Sports-Reference.",CFBD_SYNC
4837391,Maurice Turner,,Louisville,ACC,RB,SR,70,196,"Nicholls, GA",2023,,,,,,,,,,,62.0,284.0,1.0,4.58,11.0,87.0,0.0,7.91,James Cook,RB,Georgia,2021,"~728 rush yds, 7 rush TD on 113 att; ~27 rec, 284 yds, 4 TD (approx.)","Auto-match (approx. library): satellite back in committee, per-touch juice. Verify exact line on Sports-Reference.",CFBD_SYNC
4837391,Maurice Turner,,Louisville,ACC,RB,SR,70,196,"Nicholls, GA",2022,,,,,,,,,,,65.0,314.0,0.0,4.83,12.0,72.0,0.0,6.0,James Cook,RB,Georgia,2021,"~728 rush yds, 7 rush TD on 113 att; ~27 rec, 284 yds, 4 TD (approx.)","Auto-match (approx. library): satellite back in committee, per-touch juice. Verify exact line on Sports-Reference.",CFBD_SYNC
4601283,Trey Cooley,,Louisville,ACC,RB,SR,70,208,"Raleigh, NC",2022,,,,,,,,,,,59.0,278.0,2.0,4.71,9.0,66.0,1.0,7.33,Josh Jacobs,RB,Alabama,2018,"~640 rush yds, 11 rush TD on 120 att; ~20 rec, 247 yds, 3 TD (approx.)","Auto-match (approx. library): low-volume committee back, high TD efficiency. Verify exact line on Sports-Reference.",CFBD_SYNC
4601283,Trey Cooley,,Louisville,ACC,RB,SR,70,208,"Raleigh, NC",2021,,,,,,,,,,,86.0,431.0,1.0,5.01,12.0,173.0,2.0,14.42,James Cook,RB,Georgia,2021,"~728 rush yds, 7 rush TD on 113 att; ~27 rec, 284 yds, 4 TD (approx.)","Auto-match (approx. library): satellite back in committee, per-touch juice. Verify exact line on Sports-Reference.",CFBD_SYNC
4878394,Ajay Allen,,Miami,ACC,RB,SR,71,200,"Monroe, LA",2024,,,,,,,,,,,24.0,183.0,2.0,7.62,2.0,23.0,0.0,11.5,Josh Jacobs,RB,Alabama,2018,"~640 rush yds, 11 rush TD on 120 att; ~20 rec, 247 yds, 3 TD (approx.)","Auto-match (approx. library): low-volume committee back, high TD efficiency. Verify exact line on Sports-Reference.",CFBD_SYNC
4878394,Ajay Allen,,Miami,ACC,RB,SR,71,200,"Monroe, LA",2023,,,,,,,,,,,70.0,361.0,5.0,5.16,4.0,9.0,0.0,2.25,Josh Jacobs,RB,Alabama,2018,"~640 rush yds, 11 rush TD on 120 att; ~20 rec, 247 yds, 3 TD (approx.)","Auto-match (approx. library): low-volume committee back, high TD efficiency. Verify exact line on Sports-Reference.",CFBD_SYNC
5156998,CharMar Brown,,Miami,ACC,RB,JR,71,220,"Omaha, NE",2026,1,,,,,,,,,,8.0,37.0,1.0,4.62,,,,,Josh Jacobs,RB,Alabama,2018,"~640 rush yds, 11 rush TD on 120 att; ~20 rec, 247 yds, 3 TD (approx.)","Auto-match (approx. library): low-volume committee back, high TD efficiency. Verify exact line on Sports-Reference.",CFBD_SYNC
5156998,CharMar Brown,,Miami,ACC,RB,JR,71,220,"Omaha, NE",2025,,,,,,,,,,,122.0,460.0,7.0,3.77,20.0,138.0,2.0,6.9,Josh Jacobs,RB,Alabama,2018,"~640 rush yds, 11 rush TD on 120 att; ~20 rec, 247 yds, 3 TD (approx.)","Auto-match (approx. library): low-volume committee back, high TD efficiency. Verify exact line on Sports-Reference.",CFBD_SYNC
5159948,Chris Johnson Jr.,,Miami,ACC,RB,SR,72,190,"Fort Lauderdale, FL",2024,,,,,,,,,,,6.0,31.0,0.0,5.17,8.0,72.0,2.0,9.0,Josh Jacobs,RB,Alabama,2018,"~640 rush yds, 11 rush TD on 120 att; ~20 rec, 247 yds, 3 TD (approx.)","Auto-match (approx. library): low-volume committee back, high TD efficiency. Verify exact line on Sports-Reference.",CFBD_SYNC
5159948,Chris Johnson Jr.,,Miami,ACC,RB,SR,72,190,"Fort Lauderdale, FL",2023,,,,,,,,,,,11.0,73.0,1.0,6.64,1.0,2.0,0.0,2.0,Josh Jacobs,RB,Alabama,2018,"~640 rush yds, 11 rush TD on 120 att; ~20 rec, 247 yds, 3 TD (approx.)","Auto-match (approx. library): low-volume committee back, high TD efficiency. Verify exact line on Sports-Reference.",CFBD_SYNC
5142321,Chris Wheatley-Humphrey,,Miami,ACC,RB,SO,72,200,"Dania Beach, FL",2025,,,,,,,,,,,22.0,108.0,0.0,4.91,,,,,Josh Jacobs,RB,Alabama,2018,"~640 rush yds, 11 rush TD on 120 att; ~20 rec, 247 yds, 3 TD (approx.)","Auto-match (approx. library): low-volume committee back, high TD efficiency. Verify exact line on Sports-Reference.",CFBD_SYNC
5142321,Chris Wheatley-Humphrey,,Miami,ACC,RB,SO,72,200,"Dania Beach, FL",2024,,,,,,,,,,,1.0,7.0,0.0,7.0,,,,,Josh Jacobs,RB,Alabama,2018,"~640 rush yds, 11 rush TD on 120 att; ~20 rec, 247 yds, 3 TD (approx.)","Auto-match (approx. library): low-volume committee back, high TD efficiency. Verify exact line on Sports-Reference.",CFBD_SYNC
4685184,Don Chaney,,Miami,ACC,RB,SR,71,235,"Homestead, FL",2023,,,,,,,,,,,94.0,478.0,2.0,5.09,5.0,15.0,0.0,3.0,Josh Jacobs,RB,Alabama,2018,"~640 rush yds, 11 rush TD on 120 att; ~20 rec, 247 yds, 3 TD (approx.)","Auto-match (approx. library): low-volume committee back, high TD efficiency. Verify exact line on Sports-Reference.",CFBD_SYNC
4685184,Don Chaney,,Miami,ACC,RB,SR,71,235,"Homestead, FL",2022,,,,,,,,,,,2.0,8.0,0.0,4.0,,,,,Josh Jacobs,RB,Alabama,2018,"~640 rush yds, 11 rush TD on 120 att; ~20 rec, 247 yds, 3 TD (approx.)","Auto-match (approx. library): low-volume committee back, high TD efficiency. Verify exact line on Sports-Reference.",CFBD_SYNC
4685184,Don Chaney,,Miami,ACC,RB,SR,71,235,"Homestead, FL",2021,,,,,,,,,,,11.0,44.0,1.0,4.0,1.0,4.0,0.0,4.0,Josh Jacobs,RB,Alabama,2018,"~640 rush yds, 11 rush TD on 120 att; ~20 rec, 247 yds, 3 TD (approx.)","Auto-match (approx. library): low-volume committee back, high TD efficiency. Verify exact line on Sports-Reference.",CFBD_SYNC
5164331,Girard Pringle Jr.,,Miami,ACC,RB,SO,70,190,"Tampa, FL",2026,1,,,,,,,,,,6.0,9.0,0.0,1.5,,,,,Josh Jacobs,RB,Alabama,2018,"~640 rush yds, 11 rush TD on 120 att; ~20 rec, 247 yds, 3 TD (approx.)","Auto-match (approx. library): low-volume committee back, high TD efficiency. Verify exact line on Sports-Reference.",CFBD_SYNC
5164331,Girard Pringle Jr.,,Miami,ACC,RB,SO,70,190,"Tampa, FL",2025,,,,,,,,,,,62.0,375.0,4.0,6.05,4.0,53.0,1.0,13.25,Josh Jacobs,RB,Alabama,2018,"~640 rush yds, 11 rush TD on 120 att; ~20 rec, 247 yds, 3 TD (approx.)","Auto-match (approx. library): low-volume committee back, high TD efficiency. Verify exact line on Sports-Reference.",CFBD_SYNC
5160496,Javian Mallory,,Miami,ACC,RB,FR,71,210,"Fort Lauderdale, FL",2026,1,,,,,,,,,,3.0,31.0,0.0,10.33,1.0,6.0,0.0,6.0,Josh Jacobs,RB,Alabama,2018,"~640 rush yds, 11 rush TD on 120 att; ~20 rec, 247 yds, 3 TD (approx.)","Auto-match (approx. library): low-volume committee back, high TD efficiency. Verify exact line on Sports-Reference.",CFBD_SYNC
5079591,Jordan Lyle,,Miami,ACC,RB,JR,72,205,"Fort Lauderdale, FL",2025,,,,,,,,,,,35.0,108.0,1.0,3.09,3.0,22.0,0.0,7.33,Josh Jacobs,RB,Alabama,2018,"~640 rush yds, 11 rush TD on 120 att; ~20 rec, 247 yds, 3 TD (approx.)","Auto-match (approx. library): low-volume committee back, high TD efficiency. Verify exact line on Sports-Reference.",CFBD_SYNC
5079591,Jordan Lyle,,Miami,ACC,RB,JR,72,205,"Fort Lauderdale, FL",2024,,,,,,,,,,,54.0,400.0,4.0,7.41,4.0,19.0,0.0,4.75,Josh Jacobs,RB,Alabama,2018,"~640 rush yds, 11 rush TD on 120 att; ~20 rec, 247 yds, 3 TD (approx.)","Auto-match (approx. library): low-volume committee back, high TD efficiency. Verify exact line on Sports-Reference.",CFBD_SYNC
4870736,Mark Fletcher Jr.,,Miami,ACC,RB,SR,74,225,"Fort Lauderdale, FL",2026,1,,,,,,,,,,13.0,40.0,0.0,3.08,2.0,10.0,0.0,5.0,Josh Jacobs,RB,Alabama,2018,"~640 rush yds, 11 rush TD on 120 att; ~20 rec, 247 yds, 3 TD (approx.)","Auto-match (approx. library): low-volume committee back, high TD efficiency. Verify exact line on Sports-Reference.",CFBD_SYNC
4870736,Mark Fletcher Jr.,,Miami,ACC,RB,SR,74,225,"Fort Lauderdale, FL",2025,,,1.0,0.0,0.0,0.0,0.0,0.0,0.0,0.0,216.0,1192.0,12.0,5.52,17.0,140.0,2.0,8.24,Nick Chubb,RB,Georgia,2014,"~1547 rush yds, 14 rush TD on 219 att; ~18 rec, 213 yds, 2 TD (approx.)",Auto-match (approx. library): downhill efficiency as freshman feature back. Verify exact line on Sports-Reference.,CFBD_SYNC
4870736,Mark Fletcher Jr.,,Miami,ACC,RB,SR,74,225,"Fort Lauderdale, FL",2024,,,,,,,,,,,112.0,607.0,9.0,5.42,10.0,106.0,0.0,10.6,Josh Jacobs,RB,Alabama,2018,"~640 rush yds, 11 rush TD on 120 att; ~20 rec, 247 yds, 3 TD (approx.)","Auto-match (approx. library): low-volume committee back, high TD efficiency. Verify exact line on Sports-Reference.",CFBD_SYNC
4870736,Mark Fletcher Jr.,,Miami,ACC,RB,SR,74,225,"Fort Lauderdale, FL",2023,,,,,,,,,,,105.0,514.0,5.0,4.9,7.0,62.0,0.0,8.86,Josh Jacobs,RB,Alabama,2018,"~640 rush yds, 11 rush TD on 120 att; ~20 rec, 247 yds, 3 TD (approx.)","Auto-match (approx. library): low-volume committee back, high TD efficiency. Verify exact line on Sports-Reference.",CFBD_SYNC
5098610,Terrell Walden II,,Miami,ACC,RB,SR,69,180,"Winter Garden, FL",2022,,,,,,,,,,,6.0,43.0,1.0,7.17,,,,,Josh Jacobs,RB,Alabama,2018,"~640 rush yds, 11 rush TD on 120 att; ~20 rec, 247 yds, 3 TD (approx.)","Auto-match (approx. library): low-volume committee back, high TD efficiency. Verify exact line on Sports-Reference.",CFBD_SYNC
5159453,Darius Johnson,,NC State,ACC,RB,SR,70,205,"Hendersonville, TN",2025,,,,,,,,,,,3.0,10.0,0.0,3.33,,,,,Josh Jacobs,RB,Alabama,2018,"~640 rush yds, 11 rush TD on 120 att; ~20 rec, 247 yds, 3 TD (approx.)","Auto-match (approx. library): low-volume committee back, high TD efficiency. Verify exact line on Sports-Reference.",CFBD_SYNC
5141409,Deandre Desinor,,NC State,ACC,RB,SO,70,183,"Delray Beach, FL",2026,1,,,,,,,,,,1.0,2.0,0.0,2.0,2.0,4.0,0.0,2.0,Josh Jacobs,RB,Alabama,2018,"~640 rush yds, 11 rush TD on 120 att; ~20 rec, 247 yds, 3 TD (approx.)","Auto-match (approx. library): low-volume committee back, high TD efficiency. Verify exact line on Sports-Reference.",CFBD_SYNC
4871053,Hollywood Smothers,,NC State,ACC,RB,JR,71,193,"Charlotte, NC",2025,,,1.0,1.0,100.0,-4.0,0.0,0.0,-4.0,66.4,160.0,939.0,6.0,5.87,37.0,189.0,1.0,5.11,D'Andre Swift,RB,Georgia,2019,"~1218 rush yds, 7 rush TD on 196 att; ~24 rec, 216 yds, 1 TD (approx.)","Auto-match (approx. library): efficient split-backfield lead, receiving value. Verify exact line on Sports-Reference.",CFBD_SYNC
4871053,Hollywood Smothers,,NC State,ACC,RB,JR,71,193,"Charlotte, NC",2024,,,,,,,,,,,89.0,571.0,6.0,6.42,19.0,263.0,2.0,13.84,James Cook,RB,Georgia,2021,"~728 rush yds, 7 rush TD on 113 att; ~27 rec, 284 yds, 4 TD (approx.)","Auto-match (approx. library): satellite back in committee, per-touch juice. Verify exact line on Sports-Reference.",CFBD_SYNC
5126513,Jayden Scott,,NC State,ACC,RB,JR,70,225,"Stockbridge, GA",2026,1,,,,,,,,,,7.0,20.0,0.0,2.86,,,,,Josh Jacobs,RB,Alabama,2018,"~640 rush yds, 11 rush TD on 120 att; ~20 rec, 247 yds, 3 TD (approx.)","Auto-match (approx. library): low-volume committee back, high TD efficiency. Verify exact line on Sports-Reference.",CFBD_SYNC
5126513,Jayden Scott,,NC State,ACC,RB,JR,70,225,"Stockbridge, GA",2025,,,,,,,,,,,106.0,595.0,4.0,5.61,15.0,132.0,0.0,8.8,Josh Jacobs,RB,Alabama,2018,"~640 rush yds, 11 rush TD on 120 att; ~20 rec, 247 yds, 3 TD (approx.)","Auto-match (approx. library): low-volume committee back, high TD efficiency. Verify exact line on Sports-Reference.",CFBD_SYNC
5126513,Jayden Scott,,NC State,ACC,RB,JR,70,225,"Stockbridge, GA",2024,,,,,,,,,,,3.0,4.0,0.0,1.33,,,,,Josh Jacobs,RB,Alabama,2018,"~640 rush yds, 11 rush TD on 120 att; ~20 rec, 247 yds, 3 TD (approx.)","Auto-match (approx. library): low-volume committee back, high TD efficiency. Verify exact line on Sports-Reference.",CFBD_SYNC
5079659,Jonathan Paylor,,NC State,ACC,RB,JR,69,182,"Burlington, NC",2024,,,,,,,,,,,1.0,3.0,0.0,3.0,,,,,Josh Jacobs,RB,Alabama,2018,"~640 rush yds, 11 rush TD on 120 att; ~20 rec, 247 yds, 3 TD (approx.)","Auto-match (approx. library): low-volume committee back, high TD efficiency. Verify exact line on Sports-Reference.",CFBD_SYNC
4899368,Kendrick Raphael,,NC State,ACC,RB,SR,71,200,"Naples, FL",2024,,,,,,,,,,,78.0,425.0,3.0,5.45,10.0,41.0,0.0,4.1,Josh Jacobs,RB,Alabama,2018,"~640 rush yds, 11 rush TD on 120 att; ~20 rec, 247 yds, 3 TD (approx.)","Auto-match (approx. library): low-volume committee back, high TD efficiency. Verify exact line on Sports-Reference.",CFBD_SYNC
4899368,Kendrick Raphael,,NC State,ACC,RB,SR,71,200,"Naples, FL",2023,,,,,,,,,,,67.0,311.0,1.0,4.64,10.0,96.0,0.0,9.6,James Cook,RB,Georgia,2021,"~728 rush yds, 7 rush TD on 113 att; ~27 rec, 284 yds, 4 TD (approx.)","Auto-match (approx. library): satellite back in committee, per-touch juice. Verify exact line on Sports-Reference.",CFBD_SYNC
4685237,Michael Allen,,NC State,ACC,RB,SR,71,206,"Greenville, NC",2023,,,,,,,,,,,52.0,251.0,1.0,4.83,11.0,66.0,0.0,6.0,Josh Jacobs,RB,Alabama,2018,"~640 rush yds, 11 rush TD on 120 att; ~20 rec, 247 yds, 3 TD (approx.)","Auto-match (approx. library): low-volume committee back, high TD efficiency. Verify exact line on Sports-Reference.",CFBD_SYNC
4685237,Michael Allen,,NC State,ACC,RB,SR,71,206,"Greenville, NC",2022,,,,,,,,,,,53.0,268.0,0.0,5.06,11.0,97.0,1.0,8.82,James Cook,RB,Georgia,2021,"~728 rush yds, 7 rush TD on 113 att; ~27 rec, 284 yds, 4 TD (approx.)","Auto-match (approx. library): satellite back in committee, per-touch juice. Verify exact line on Sports-Reference.",CFBD_SYNC
5008017,Benjamin Hall,,North Carolina,ACC,RB,JR,71,235,"Acworth, GA",2026,1,,,,,,,,,,11.0,36.0,0.0,3.27,1.0,2.0,0.0,2.0,Josh Jacobs,RB,Alabama,2018,"~640 rush yds, 11 rush TD on 120 att; ~20 rec, 247 yds, 3 TD (approx.)","Auto-match (approx. library): low-volume committee back, high TD efficiency. Verify exact line on Sports-Reference.",CFBD_SYNC
5008017,Benjamin Hall,,North Carolina,ACC,RB,JR,71,235,"Acworth, GA",2025,,,,,,,,,,,71.0,274.0,2.0,3.86,8.0,34.0,0.0,4.25,Josh Jacobs,RB,Alabama,2018,"~640 rush yds, 11 rush TD on 120 att; ~20 rec, 247 yds, 3 TD (approx.)","Auto-match (approx. library): low-volume committee back, high TD efficiency. Verify exact line on Sports-Reference.",CFBD_SYNC
5219169,Charleston French,,North Carolina,ACC,RB,JR,69,205,"Amory, MS",2025,,,,,,,,,,,1.0,3.0,0.0,3.0,1.0,1.0,0.0,1.0,Josh Jacobs,RB,Alabama,2018,"~640 rush yds, 11 rush TD on 120 att; ~20 rec, 247 yds, 3 TD (approx.)","Auto-match (approx. library): low-volume committee back, high TD efficiency. Verify exact line on Sports-Reference.",CFBD_SYNC
5219169,Charleston French,,North Carolina,ACC,RB,JR,69,205,"Amory, MS",2024,,,,,,,,,,,10.0,84.0,1.0,8.4,1.0,2.0,0.0,2.0,Josh Jacobs,RB,Alabama,2018,"~640 rush yds, 11 rush TD on 120 att; ~20 rec, 247 yds, 3 TD (approx.)","Auto-match (approx. library): low-volume committee back, high TD efficiency. Verify exact line on Sports-Reference.",CFBD_SYNC
5079468,Davion Gause,,North Carolina,ACC,RB,JR,71,212,"Opa Locka, FL",2025,,,,,,,,,,,61.0,258.0,3.0,4.23,16.0,132.0,2.0,8.25,James Cook,RB,Georgia,2021,"~728 rush yds, 7 rush TD on 113 att; ~27 rec, 284 yds, 4 TD (approx.)","Auto-match (approx. library): satellite back in committee, per-touch juice. Verify exact line on Sports-Reference.",CFBD_SYNC
5079468,Davion Gause,,North Carolina,ACC,RB,JR,71,212,"Opa Locka, FL",2024,,,,,,,,,,,67.0,326.0,4.0,4.87,3.0,34.0,0.0,11.33,Josh Jacobs,RB,Alabama,2018,"~640 rush yds, 11 rush TD on 120 att; ~20 rec, 247 yds, 3 TD (approx.)","Auto-match (approx. library): low-volume committee back, high TD efficiency. Verify exact line on Sports-Reference.",CFBD_SYNC
5228607,Demon June,,North Carolina,ACC,RB,SO,71,215,"Jacksonville, NC",2026,1,,,,,,,,,,6.0,25.0,0.0,4.17,,,,,Josh Jacobs,RB,Alabama,2018,"~640 rush yds, 11 rush TD on 120 att; ~20 rec, 247 yds, 3 TD (approx.)","Auto-match (approx. library): low-volume committee back, high TD efficiency. Verify exact line on Sports-Reference.",CFBD_SYNC
5228607,Demon June,,North Carolina,ACC,RB,SO,71,215,"Jacksonville, NC",2025,,,,,,,,,,,84.0,464.0,2.0,5.52,17.0,159.0,1.0,9.35,James Cook,RB,Georgia,2021,"~728 rush yds, 7 rush TD on 113 att; ~27 rec, 284 yds, 4 TD (approx.)","Auto-match (approx. library): satellite back in committee, per-touch juice. Verify exact line on Sports-Reference.",CFBD_SYNC
4685494,George Pettaway,,North Carolina,ACC,RB,SR,70,200,"Suffolk, VA",2023,,,,,,,,,,,,,,,1.0,0.0,0.0,0.0,Josh Jacobs,RB,Alabama,2018,"~640 rush yds, 11 rush TD on 120 att; ~20 rec, 247 yds, 3 TD (approx.)","Auto-match (approx. library): low-volume committee back, high TD efficiency. Verify exact line on Sports-Reference.",CFBD_SYNC
4685494,George Pettaway,,North Carolina,ACC,RB,SR,70,200,"Suffolk, VA",2022,,,,,,,,,,,20.0,93.0,2.0,4.65,5.0,21.0,0.0,4.2,Josh Jacobs,RB,Alabama,2018,"~640 rush yds, 11 rush TD on 120 att; ~20 rec, 247 yds, 3 TD (approx.)","Auto-match (approx. library): low-volume committee back, high TD efficiency. Verify exact line on Sports-Reference.",CFBD_SYNC
5161835,Jaylen McGill,,North Carolina,ACC,RB,SO,70,200,"Spartanburg, SC",2026,1,,,,,,,,,,5.0,33.0,1.0,6.6,,,,,Josh Jacobs,RB,Alabama,2018,"~640 rush yds, 11 rush TD on 120 att; ~20 rec, 247 yds, 3 TD (approx.)","Auto-match (approx. library): low-volume committee back, high TD efficiency. Verify exact line on Sports-Reference.",CFBD_SYNC
5161835,Jaylen McGill,,North Carolina,ACC,RB,SO,70,200,"Spartanburg, SC",2025,,,,,,,,,,,7.0,19.0,0.0,2.71,7.0,49.0,0.0,7.0,Josh Jacobs,RB,Alabama,2018,"~640 rush yds, 11 rush TD on 120 att; ~20 rec, 247 yds, 3 TD (approx.)","Auto-match (approx. library): low-volume committee back, high TD efficiency. Verify exact line on Sports-Reference.",CFBD_SYNC
5158978,Damon Ferguson Jr.,,Pittsburgh,ACC,RB,FR,71,190,"Gwynn Oak, MD",2026,1,,,,,,,,,,6.0,22.0,0.0,3.67,3.0,22.0,1.0,7.33,Josh Jacobs,RB,Alabama,2018,"~640 rush yds, 11 rush TD on 120 att; ~20 rec, 247 yds, 3 TD (approx.)","Auto-match (approx. library): low-volume committee back, high TD efficiency. Verify exact line on Sports-Reference.",CFBD_SYNC
5141677,Ja'Kyrian Turner,,Pittsburgh,ACC,RB,SO,69,195,"Wildwood, FL",2026,1,,,,,,,,,,11.0,39.0,0.0,3.55,4.0,69.0,1.0,17.25,Josh Jacobs,RB,Alabama,2018,"~640 rush yds, 11 rush TD on 120 att; ~20 rec, 247 yds, 3 TD (approx.)","Auto-match (approx. library): low-volume committee back, high TD efficiency. Verify exact line on Sports-Reference.",CFBD_SYNC
5141677,Ja'Kyrian Turner,,Pittsburgh,ACC,RB,SO,69,195,"Wildwood, FL",2025,,,,,,,,,,,140.0,747.0,7.0,5.34,25.0,150.0,0.0,6.0,James Cook,RB,Georgia,2021,"~728 rush yds, 7 rush TD on 113 att; ~27 rec, 284 yds, 4 TD (approx.)","Auto-match (approx. library): satellite back in committee, per-touch juice. Verify exact line on Sports-Reference.",CFBD_SYNC
5198312,Jaylin Brown,,Pittsburgh,ACC,RB,FR,70,210,"Orlando, FL",2026,1,,,,,,,,,,1.0,0.0,0.0,0.0,,,,,Josh Jacobs,RB,Alabama,2018,"~640 rush yds, 11 rush TD on 120 att; ~20 rec, 247 yds, 3 TD (approx.)","Auto-match (approx. library): low-volume committee back, high TD efficiency. Verify exact line on Sports-Reference.",CFBD_SYNC
5124975,Juelz Goff,,Pittsburgh,ACC,RB,SO,69,195,"York, PA",2025,,,,,,,,,,,69.0,270.0,5.0,3.91,12.0,93.0,0.0,7.75,Josh Jacobs,RB,Alabama,2018,"~640 rush yds, 11 rush TD on 120 att; ~20 rec, 247 yds, 3 TD (approx.)","Auto-match (approx. library): low-volume committee back, high TD efficiency. Verify exact line on Sports-Reference.",CFBD_SYNC
5124975,Juelz Goff,,Pittsburgh,ACC,RB,SO,69,195,"York, PA",2024,,,,,,,,,,,16.0,41.0,0.0,2.56,6.0,53.0,0.0,8.83,Josh Jacobs,RB,Alabama,2018,"~640 rush yds, 11 rush TD on 120 att; ~20 rec, 247 yds, 3 TD (approx.)","Auto-match (approx. library): low-volume committee back, high TD efficiency. Verify exact line on Sports-Reference.",CFBD_SYNC
5296232,Justin Cook,,Pittsburgh,ACC,RB,SR,70,175,"Harrisburg, PA",2026,1,,,,,,,,,,1.0,50.0,1.0,50.0,1.0,7.0,0.0,7.0,Josh Jacobs,RB,Alabama,2018,"~640 rush yds, 11 rush TD on 120 att; ~20 rec, 247 yds, 3 TD (approx.)","Auto-match (approx. library): low-volume committee back, high TD efficiency. Verify exact line on Sports-Reference.",CFBD_SYNC
5296232,Justin Cook,,Pittsburgh,ACC,RB,SR,70,175,"Harrisburg, PA",2025,,,,,,,,,,,9.0,31.0,0.0,3.44,8.0,44.0,0.0,5.5,Josh Jacobs,RB,Alabama,2018,"~640 rush yds, 11 rush TD on 120 att; ~20 rec, 247 yds, 3 TD (approx.)","Auto-match (approx. library): low-volume committee back, high TD efficiency. Verify exact line on Sports-Reference.",CFBD_SYNC
4683234,La'Vell Wright,,Pittsburgh,ACC,RB,SR,71,215,"Louisville, KY",2026,1,,,,,,,,,,4.0,25.0,0.0,6.25,,,,,Josh Jacobs,RB,Alabama,2018,"~640 rush yds, 11 rush TD on 120 att; ~20 rec, 247 yds, 3 TD (approx.)","Auto-match (approx. library): low-volume committee back, high TD efficiency. Verify exact line on Sports-Reference.",CFBD_SYNC
5159948,Chris Johnson Jr.,,SMU,ACC,RB,SR,72,190,"Fort Lauderdale, FL",2025,,,,,,,,,,,67.0,479.0,4.0,7.15,17.0,180.0,1.0,10.59,James Cook,RB,Georgia,2021,"~728 rush yds, 7 rush TD on 113 att; ~27 rec, 284 yds, 4 TD (approx.)","Auto-match (approx. library): satellite back in committee, per-touch juice. Verify exact line on Sports-Reference.",CFBD_SYNC
5207927,Dramekco Green,,SMU,ACC,RB,FR,72,203,"Conroe, TX",2026,1,,,,,,,,,,13.0,43.0,0.0,3.31,2.0,35.0,0.0,17.5,Josh Jacobs,RB,Alabama,2018,"~640 rush yds, 11 rush TD on 120 att; ~20 rec, 247 yds, 3 TD (approx.)","Auto-match (approx. library): low-volume committee back, high TD efficiency. Verify exact line on Sports-Reference.",CFBD_SYNC
5207927,Dramekco Green,,SMU,ACC,RB,FR,72,203,"Conroe, TX",2025,,,,,,,,,,,25.0,90.0,1.0,3.6,2.0,9.0,0.0,4.5,Josh Jacobs,RB,Alabama,2018,"~640 rush yds, 11 rush TD on 120 att; ~20 rec, 247 yds, 3 TD (approx.)","Auto-match (approx. library): low-volume committee back, high TD efficiency. Verify exact line on Sports-Reference.",CFBD_SYNC
4899368,Kendrick Raphael,,SMU,ACC,RB,SR,71,200,"Naples, FL",2026,1,,,,,,,,,,12.0,75.0,0.0,6.25,1.0,11.0,0.0,11.0,Josh Jacobs,RB,Alabama,2018,"~640 rush yds, 11 rush TD on 120 att; ~20 rec, 247 yds, 3 TD (approx.)","Auto-match (approx. library): low-volume committee back, high TD efficiency. Verify exact line on Sports-Reference.",CFBD_SYNC
5295336,Link Rhodes,,SMU,ACC,RB,SR,74,200,"Las Vegas, NV",2025,,,,,,,,,,,2.0,-4.0,0.0,-2.0,3.0,30.0,0.0,10.0,Josh Jacobs,RB,Alabama,2018,"~640 rush yds, 11 rush TD on 120 att; ~20 rec, 247 yds, 3 TD (approx.)","Auto-match (approx. library): low-volume committee back, high TD efficiency. Verify exact line on Sports-Reference.",CFBD_SYNC
5156056,Champ Hampton,,Stanford,ACC,RB,JR,70,220,"Ooltewah, TN",2026,1,,,,,,,,,,2.0,8.0,0.0,4.0,1.0,0.0,0.0,0.0,Josh Jacobs,RB,Alabama,2018,"~640 rush yds, 11 rush TD on 120 att; ~20 rec, 247 yds, 3 TD (approx.)","Auto-match (approx. library): low-volume committee back, high TD efficiency. Verify exact line on Sports-Reference.",CFBD_SYNC
5156056,Champ Hampton,,Stanford,ACC,RB,JR,70,220,"Ooltewah, TN",2025,,,,,,,,,,,11.0,29.0,0.0,2.64,1.0,12.0,0.0,12.0,Josh Jacobs,RB,Alabama,2018,"~640 rush yds, 11 rush TD on 120 att; ~20 rec, 247 yds, 3 TD (approx.)","Auto-match (approx. library): low-volume committee back, high TD efficiency. Verify exact line on Sports-Reference.",CFBD_SYNC
5156056,Champ Hampton,,Stanford,ACC,RB,JR,70,220,"Ooltewah, TN",2024,,,,,,,,,,,2.0,9.0,0.0,4.5,,,,,Josh Jacobs,RB,Alabama,2018,"~640 rush yds, 11 rush TD on 120 att; ~20 rec, 247 yds, 3 TD (approx.)","Auto-match (approx. library): low-volume committee back, high TD efficiency. Verify exact line on Sports-Reference.",CFBD_SYNC
5079371,Chris Davis Jr.,,Stanford,ACC,RB,SO,70,195,"Picayune, MS",2026,2,,,,,,,,,,3.0,7.0,0.0,2.33,,,,,Josh Jacobs,RB,Alabama,2018,"~640 rush yds, 11 rush TD on 120 att; ~20 rec, 247 yds, 3 TD (approx.)","Auto-match (approx. library): low-volume committee back, high TD efficiency. Verify exact line on Sports-Reference.",CFBD_SYNC
5079371,Chris Davis Jr.,,Stanford,ACC,RB,SO,70,195,"Picayune, MS",2024,,,,,,,,,,,54.0,288.0,0.0,5.33,3.0,11.0,0.0,3.67,Josh Jacobs,RB,Alabama,2018,"~640 rush yds, 11 rush TD on 120 att; ~20 rec, 247 yds, 3 TD (approx.)","Auto-match (approx. library): low-volume committee back, high TD efficiency. Verify exact line on Sports-Reference.",CFBD_SYNC
5107875,Cole Tabb,,Stanford,ACC,RB,JR,68,200,"Fort Walton Beach, FL",2025,,,,,,,,,,,114.0,445.0,3.0,3.9,4.0,22.0,0.0,5.5,Josh Jacobs,RB,Alabama,2018,"~640 rush yds, 11 rush TD on 120 att; ~20 rec, 247 yds, 3 TD (approx.)","Auto-match (approx. library): low-volume committee back, high TD efficiency. Verify exact line on Sports-Reference.",CFBD_SYNC
5107875,Cole Tabb,,Stanford,ACC,RB,JR,68,200,"Fort Walton Beach, FL",2024,,,,,,,,,,,27.0,130.0,0.0,4.81,2.0,9.0,0.0,4.5,Josh Jacobs,RB,Alabama,2018,"~640 rush yds, 11 rush TD on 120 att; ~20 rec, 247 yds, 3 TD (approx.)","Auto-match (approx. library): low-volume committee back, high TD efficiency. Verify exact line on Sports-Reference.",CFBD_SYNC
5143191,Micah Ford,,Stanford,ACC,RB,JR,72,220,"Toms River, NJ",2026,2,,,,,,,,,,36.0,126.0,3.0,3.5,2.0,9.0,0.0,4.5,Josh Jacobs,RB,Alabama,2018,"~640 rush yds, 11 rush TD on 120 att; ~20 rec, 247 yds, 3 TD (approx.)","Auto-match (approx. library): low-volume committee back, high TD efficiency. Verify exact line on Sports-Reference.",CFBD_SYNC
5143191,Micah Ford,,Stanford,ACC,RB,JR,72,220,"Toms River, NJ",2025,,,1.0,0.0,0.0,0.0,0.0,0.0,0.0,0.0,145.0,643.0,4.0,4.43,11.0,119.0,0.0,10.82,Josh Jacobs,RB,Alabama,2018,"~640 rush yds, 11 rush TD on 120 att; ~20 rec, 247 yds, 3 TD (approx.)","Auto-match (approx. library): low-volume committee back, high TD efficiency. Verify exact line on Sports-Reference.",CFBD_SYNC
5143191,Micah Ford,,Stanford,ACC,RB,JR,72,220,"Toms River, NJ",2024,,,2.0,2.0,100.0,21.0,2.0,0.0,10.5,518.2,76.0,309.0,0.0,4.07,15.0,84.0,0.0,5.6,James Cook,RB,Georgia,2021,"~728 rush yds, 7 rush TD on 113 att; ~27 rec, 284 yds, 4 TD (approx.)","Auto-match (approx. library): satellite back in committee, per-touch juice. Verify exact line on Sports-Reference.",CFBD_SYNC
4870802,Sedrick Irvin,,Stanford,ACC,RB,SR,70,205,"Miami, FL",2026,2,,,,,,,,,,14.0,84.0,0.0,6.0,1.0,5.0,0.0,5.0,Josh Jacobs,RB,Alabama,2018,"~640 rush yds, 11 rush TD on 120 att; ~20 rec, 247 yds, 3 TD (approx.)","Auto-match (approx. library): low-volume committee back, high TD efficiency. Verify exact line on Sports-Reference.",CFBD_SYNC
4870802,Sedrick Irvin,,Stanford,ACC,RB,SR,70,205,"Miami, FL",2025,,,,,,,,,,,41.0,118.0,1.0,2.88,2.0,13.0,0.0,6.5,Josh Jacobs,RB,Alabama,2018,"~640 rush yds, 11 rush TD on 120 att; ~20 rec, 247 yds, 3 TD (approx.)","Auto-match (approx. library): low-volume committee back, high TD efficiency. Verify exact line on Sports-Reference.",CFBD_SYNC
4870802,Sedrick Irvin,,Stanford,ACC,RB,SR,70,205,"Miami, FL",2024,,,,,,,,,,,18.0,69.0,0.0,3.83,5.0,107.0,0.0,21.4,Josh Jacobs,RB,Alabama,2018,"~640 rush yds, 11 rush TD on 120 att; ~20 rec, 247 yds, 3 TD (approx.)","Auto-match (approx. library): low-volume committee back, high TD efficiency. Verify exact line on Sports-Reference.",CFBD_SYNC
4876144,Tuna Altahir,,Stanford,ACC,RB,SR,72,230,"Kennewick, WA",2025,,,,,,,,,,,15.0,55.0,0.0,3.67,,,,,Josh Jacobs,RB,Alabama,2018,"~640 rush yds, 11 rush TD on 120 att; ~20 rec, 247 yds, 3 TD (approx.)","Auto-match (approx. library): low-volume committee back, high TD efficiency. Verify exact line on Sports-Reference.",CFBD_SYNC
5245415,Davion Kerr,,Syracuse,ACC,RB,SO,73,190,"Bloomfield, CT",2026,1,,,,,,,,,,1.0,1.0,0.0,1.0,,,,,Josh Jacobs,RB,Alabama,2018,"~640 rush yds, 11 rush TD on 120 att; ~20 rec, 247 yds, 3 TD (approx.)","Auto-match (approx. library): low-volume committee back, high TD efficiency. Verify exact line on Sports-Reference.",CFBD_SYNC
5245415,Davion Kerr,,Syracuse,ACC,RB,SO,73,190,"Bloomfield, CT",2025,,,,,,,,,,,5.0,-3.0,0.0,-0.6,2.0,13.0,0.0,6.5,Josh Jacobs,RB,Alabama,2018,"~640 rush yds, 11 rush TD on 120 att; ~20 rec, 247 yds, 3 TD (approx.)","Auto-match (approx. library): low-volume committee back, high TD efficiency. Verify exact line on Sports-Reference.",CFBD_SYNC
5084906,Jaden Hart,,Syracuse,ACC,RB,SO,71,210,"Michigan City, IN",2025,,,,,,,,,,,15.0,53.0,0.0,3.53,3.0,8.0,0.0,2.67,Josh Jacobs,RB,Alabama,2018,"~640 rush yds, 11 rush TD on 120 att; ~20 rec, 247 yds, 3 TD (approx.)","Auto-match (approx. library): low-volume committee back, high TD efficiency. Verify exact line on Sports-Reference.",CFBD_SYNC
5084906,Jaden Hart,,Syracuse,ACC,RB,SO,71,210,"Michigan City, IN",2024,,,,,,,,,,,3.0,18.0,0.0,6.0,2.0,1.0,0.0,0.5,Josh Jacobs,RB,Alabama,2018,"~640 rush yds, 11 rush TD on 120 att; ~20 rec, 247 yds, 3 TD (approx.)","Auto-match (approx. library): low-volume committee back, high TD efficiency. Verify exact line on Sports-Reference.",CFBD_SYNC
5209161,Malachi Coleman,,Syracuse,ACC,RB,FR,70,190,"Roanoke, VA",2026,1,,,,,,,,,,1.0,4.0,0.0,4.0,,,,,Josh Jacobs,RB,Alabama,2018,"~640 rush yds, 11 rush TD on 120 att; ~20 rec, 247 yds, 3 TD (approx.)","Auto-match (approx. library): low-volume committee back, high TD efficiency. Verify exact line on Sports-Reference.",CFBD_SYNC
5209161,Malachi Coleman,,Syracuse,ACC,RB,FR,70,190,"Roanoke, VA",2025,,,,,,,,,,,9.0,31.0,0.0,3.44,,,,,Josh Jacobs,RB,Alabama,2018,"~640 rush yds, 11 rush TD on 120 att; ~20 rec, 247 yds, 3 TD (approx.)","Auto-match (approx. library): low-volume committee back, high TD efficiency. Verify exact line on Sports-Reference.",CFBD_SYNC
5197158,Malachi James,,Syracuse,ACC,RB,JR,71,202,"Willingboro, NJ",2025,,,,,,,,,,,2.0,-2.0,0.0,-1.0,,,,,Josh Jacobs,RB,Alabama,2018,"~640 rush yds, 11 rush TD on 120 att; ~20 rec, 247 yds, 3 TD (approx.)","Auto-match (approx. library): low-volume committee back, high TD efficiency. Verify exact line on Sports-Reference.",CFBD_SYNC
5289321,Shavane Anderson Jr.,,Syracuse,ACC,RB,FR,73,200,"York, PA",2026,1,,,,,,,,,,10.0,102.0,3.0,10.2,,,,,Josh Jacobs,RB,Alabama,2018,"~640 rush yds, 11 rush TD on 120 att; ~20 rec, 247 yds, 3 TD (approx.)","Auto-match (approx. library): low-volume committee back, high TD efficiency. Verify exact line on Sports-Reference.",CFBD_SYNC
5261613,Tylik Hill,,Syracuse,ACC,RB,SO,69,205,"Asbury Park, NJ",2026,1,,,,,,,,,,15.0,90.0,1.0,6.0,1.0,5.0,0.0,5.0,Josh Jacobs,RB,Alabama,2018,"~640 rush yds, 11 rush TD on 120 att; ~20 rec, 247 yds, 3 TD (approx.)","Auto-match (approx. library): low-volume committee back, high TD efficiency. Verify exact line on Sports-Reference.",CFBD_SYNC
5261613,Tylik Hill,,Syracuse,ACC,RB,SO,69,205,"Asbury Park, NJ",2025,,,,,,,,,,,24.0,129.0,0.0,5.38,1.0,4.0,0.0,4.0,Josh Jacobs,RB,Alabama,2018,"~640 rush yds, 11 rush TD on 120 att; ~20 rec, 247 yds, 3 TD (approx.)","Auto-match (approx. library): low-volume committee back, high TD efficiency. Verify exact line on Sports-Reference.",CFBD_SYNC
5079749,Yasin Willis,,Syracuse,ACC,RB,JR,73,230,"Newark, NJ",2025,,,,,,,,,,,129.0,553.0,4.0,4.29,8.0,34.0,0.0,4.25,Josh Jacobs,RB,Alabama,2018,"~640 rush yds, 11 rush TD on 120 att; ~20 rec, 247 yds, 3 TD (approx.)","Auto-match (approx. library): low-volume committee back, high TD efficiency. Verify exact line on Sports-Reference.",CFBD_SYNC
5079749,Yasin Willis,,Syracuse,ACC,RB,JR,73,230,"Newark, NJ",2024,,,,,,,,,,,36.0,130.0,1.0,3.61,8.0,26.0,0.0,3.25,Josh Jacobs,RB,Alabama,2018,"~640 rush yds, 11 rush TD on 120 att; ~20 rec, 247 yds, 3 TD (approx.)","Auto-match (approx. library): low-volume committee back, high TD efficiency. Verify exact line on Sports-Reference.",CFBD_SYNC
5121721,Jekail Middlebrook,,Virginia,ACC,RB,SR,70,198,"Atlanta, GA",2026,1,,,,,,,,,,15.0,64.0,0.0,4.27,,,,,Josh Jacobs,RB,Alabama,2018,"~640 rush yds, 11 rush TD on 120 att; ~20 rec, 247 yds, 3 TD (approx.)","Auto-match (approx. library): low-volume committee back, high TD efficiency. Verify exact line on Sports-Reference.",CFBD_SYNC
5078110,Noah Vaughn,,Virginia,ACC,RB,SR,69,196,"Maryville, TN",2026,1,,,,,,,,,,6.0,21.0,0.0,3.5,,,,,Josh Jacobs,RB,Alabama,2018,"~640 rush yds, 11 rush TD on 120 att; ~20 rec, 247 yds, 3 TD (approx.)","Auto-match (approx. library): low-volume committee back, high TD efficiency. Verify exact line on Sports-Reference.",CFBD_SYNC
5078110,Noah Vaughn,,Virginia,ACC,RB,SR,69,196,"Maryville, TN",2025,,,,,,,,,,,23.0,174.0,0.0,7.57,,,,,Josh Jacobs,RB,Alabama,2018,"~640 rush yds, 11 rush TD on 120 att; ~20 rec, 247 yds, 3 TD (approx.)","Auto-match (approx. library): low-volume committee back, high TD efficiency. Verify exact line on Sports-Reference.",CFBD_SYNC
5078110,Noah Vaughn,,Virginia,ACC,RB,SR,69,196,"Maryville, TN",2024,,,,,,,,,,,36.0,120.0,0.0,3.33,10.0,77.0,0.0,7.7,James Cook,RB,Georgia,2021,"~728 rush yds, 7 rush TD on 113 att; ~27 rec, 284 yds, 4 TD (approx.)","Auto-match (approx. library): satellite back in committee, per-touch juice. Verify exact line on Sports-Reference.",CFBD_SYNC
5122553,Peyton Lewis,,Virginia,ACC,RB,JR,73,212,"Salem, VA",2026,1,,,,,,,,,,6.0,10.0,0.0,1.67,,,,,Josh Jacobs,RB,Alabama,2018,"~640 rush yds, 11 rush TD on 120 att; ~20 rec, 247 yds, 3 TD (approx.)","Auto-match (approx. library): low-volume committee back, high TD efficiency. Verify exact line on Sports-Reference.",CFBD_SYNC
4873442,Xavier Brown,,Virginia,ACC,RB,SR,70,202,"Lexington, KY",2026,1,,,,,,,,,,8.0,40.0,1.0,5.0,2.0,58.0,1.0,29.0,Josh Jacobs,RB,Alabama,2018,"~640 rush yds, 11 rush TD on 120 att; ~20 rec, 247 yds, 3 TD (approx.)","Auto-match (approx. library): low-volume committee back, high TD efficiency. Verify exact line on Sports-Reference.",CFBD_SYNC
4873442,Xavier Brown,,Virginia,ACC,RB,SR,70,202,"Lexington, KY",2025,,,,,,,,,,,51.0,241.0,1.0,4.73,5.0,36.0,1.0,7.2,Josh Jacobs,RB,Alabama,2018,"~640 rush yds, 11 rush TD on 120 att; ~20 rec, 247 yds, 3 TD (approx.)","Auto-match (approx. library): low-volume committee back, high TD efficiency. Verify exact line on Sports-Reference.",CFBD_SYNC
4873442,Xavier Brown,,Virginia,ACC,RB,SR,70,202,"Lexington, KY",2024,,,,,,,,,,,80.0,488.0,1.0,6.1,9.0,127.0,2.0,14.11,James Cook,RB,Georgia,2021,"~728 rush yds, 7 rush TD on 113 att; ~27 rec, 284 yds, 4 TD (approx.)","Auto-match (approx. library): satellite back in committee, per-touch juice. Verify exact line on Sports-Reference.",CFBD_SYNC
4873442,Xavier Brown,,Virginia,ACC,RB,SR,70,202,"Lexington, KY",2022,,,,,,,,,,,50.0,209.0,1.0,4.18,9.0,32.0,0.0,3.56,Josh Jacobs,RB,Alabama,2018,"~640 rush yds, 11 rush TD on 120 att; ~20 rec, 247 yds, 3 TD (approx.)","Auto-match (approx. library): low-volume committee back, high TD efficiency. Verify exact line on Sports-Reference.",CFBD_SYNC
5210729,Xay Davis,,Virginia,ACC,RB,SO,70,205,"Richmond, VA",2026,1,,,,,,,,,,7.0,13.0,1.0,1.86,,,,,Josh Jacobs,RB,Alabama,2018,"~640 rush yds, 11 rush TD on 120 att; ~20 rec, 247 yds, 3 TD (approx.)","Auto-match (approx. library): low-volume committee back, high TD efficiency. Verify exact line on Sports-Reference.",CFBD_SYNC
5210729,Xay Davis,,Virginia,ACC,RB,SO,70,205,"Richmond, VA",2025,,,,,,,,,,,23.0,86.0,0.0,3.74,,,,,Josh Jacobs,RB,Alabama,2018,"~640 rush yds, 11 rush TD on 120 att; ~20 rec, 247 yds, 3 TD (approx.)","Auto-match (approx. library): low-volume committee back, high TD efficiency. Verify exact line on Sports-Reference.",CFBD_SYNC
4608922,Braydon Bennett,,Virginia Tech,ACC,RB,SR,74,215,"Greenville, SC",2025,,,,,,,,,,,4.0,8.0,1.0,2.0,1.0,2.0,0.0,2.0,Josh Jacobs,RB,Alabama,2018,"~640 rush yds, 11 rush TD on 120 att; ~20 rec, 247 yds, 3 TD (approx.)","Auto-match (approx. library): low-volume committee back, high TD efficiency. Verify exact line on Sports-Reference.",CFBD_SYNC
5161647,Darius Taylor,,Virginia Tech,ACC,RB,JR,71,243,"Richmond, VA",2026,1,,,,,,,,,,5.0,22.0,0.0,4.4,,,,,Josh Jacobs,RB,Alabama,2018,"~640 rush yds, 11 rush TD on 120 att; ~20 rec, 247 yds, 3 TD (approx.)","Auto-match (approx. library): low-volume committee back, high TD efficiency. Verify exact line on Sports-Reference.",CFBD_SYNC
5214409,Jeffrey Overton Jr.,,Virginia Tech,ACC,RB,FR,69,205,"Woodbridge, VA",2026,1,,,,,,,,,,9.0,104.0,2.0,11.56,,,,,Josh Jacobs,RB,Alabama,2018,"~640 rush yds, 11 rush TD on 120 att; ~20 rec, 247 yds, 3 TD (approx.)","Auto-match (approx. library): low-volume committee back, high TD efficiency. Verify exact line on Sports-Reference.",CFBD_SYNC
5214409,Jeffrey Overton Jr.,,Virginia Tech,ACC,RB,FR,69,205,"Woodbridge, VA",2025,,,,,,,,,,,25.0,146.0,1.0,5.84,1.0,36.0,0.0,36.0,Josh Jacobs,RB,Alabama,2018,"~640 rush yds, 11 rush TD on 120 att; ~20 rec, 247 yds, 3 TD (approx.)","Auto-match (approx. library): low-volume committee back, high TD efficiency. Verify exact line on Sports-Reference.",CFBD_SYNC
5219039,John Buetow,,Virginia Tech,ACC,RB,SO,68,213,"Irmo, SC",2026,1,,,,,,,,,,2.0,19.0,0.0,9.5,,,,,Josh Jacobs,RB,Alabama,2018,"~640 rush yds, 11 rush TD on 120 att; ~20 rec, 247 yds, 3 TD (approx.)","Auto-match (approx. library): low-volume committee back, high TD efficiency. Verify exact line on Sports-Reference.",CFBD_SYNC
5260847,Marcellous Hawkins,,Virginia Tech,ACC,RB,SR,70,223,"Oklahoma City, OK",2026,1,,,,,,,,,,12.0,69.0,3.0,5.75,,,,,Josh Jacobs,RB,Alabama,2018,"~640 rush yds, 11 rush TD on 120 att; ~20 rec, 247 yds, 3 TD (approx.)","Auto-match (approx. library): low-volume committee back, high TD efficiency. Verify exact line on Sports-Reference.",CFBD_SYNC
5260847,Marcellous Hawkins,,Virginia Tech,ACC,RB,SR,70,223,"Oklahoma City, OK",2025,,,,,,,,,,,118.0,749.0,1.0,6.35,12.0,74.0,1.0,6.17,James Cook,RB,Georgia,2021,"~728 rush yds, 7 rush TD on 113 att; ~27 rec, 284 yds, 4 TD (approx.)","Auto-match (approx. library): satellite back in committee, per-touch juice. Verify exact line on Sports-Reference.",CFBD_SYNC
5159010,Messiah Mickens,,Virginia Tech,ACC,RB,FR,70,212,"Harrisburg, PA",2026,1,,,,,,,,,,5.0,23.0,0.0,4.6,,,,,Josh Jacobs,RB,Alabama,2018,"~640 rush yds, 11 rush TD on 120 att; ~20 rec, 247 yds, 3 TD (approx.)","Auto-match (approx. library): low-volume committee back, high TD efficiency. Verify exact line on Sports-Reference.",CFBD_SYNC
5142238,Tyler Mason,,Virginia Tech,ACC,RB,SO,70,211,"Mount Airy, NC",2026,1,,,,,,,,,,3.0,15.0,0.0,5.0,,,,,Josh Jacobs,RB,Alabama,2018,"~640 rush yds, 11 rush TD on 120 att; ~20 rec, 247 yds, 3 TD (approx.)","Auto-match (approx. library): low-volume committee back, high TD efficiency. Verify exact line on Sports-Reference.",CFBD_SYNC
5142238,Tyler Mason,,Virginia Tech,ACC,RB,SO,70,211,"Mount Airy, NC",2025,,,,,,,,,,,3.0,20.0,0.0,6.67,2.0,3.0,1.0,1.5,Josh Jacobs,RB,Alabama,2018,"~640 rush yds, 11 rush TD on 120 att; ~20 rec, 247 yds, 3 TD (approx.)","Auto-match (approx. library): low-volume committee back, high TD efficiency. Verify exact line on Sports-Reference.",CFBD_SYNC
5142238,Tyler Mason,,Virginia Tech,ACC,RB,SO,70,211,"Mount Airy, NC",2024,,,,,,,,,,,10.0,39.0,0.0,3.9,1.0,0.0,0.0,0.0,Josh Jacobs,RB,Alabama,2018,"~640 rush yds, 11 rush TD on 120 att; ~20 rec, 247 yds, 3 TD (approx.)","Auto-match (approx. library): low-volume committee back, high TD efficiency. Verify exact line on Sports-Reference.",CFBD_SYNC
5382529,Deuce Lawrence,,Wake Forest,ACC,RB,FR,68,190,"Tallahassee, FL",2026,1,,,,,,,,,,13.0,52.0,1.0,4.0,2.0,-3.0,0.0,-1.5,Josh Jacobs,RB,Alabama,2018,"~640 rush yds, 11 rush TD on 120 att; ~20 rec, 247 yds, 3 TD (approx.)","Auto-match (approx. library): low-volume committee back, high TD efficiency. Verify exact line on Sports-Reference.",CFBD_SYNC
5216505,Jamar Searcy,,Wake Forest,ACC,RB,FR,68,180,"Pittsburg, CA",2026,1,,,,,,,,,,2.0,9.0,0.0,4.5,,,,,Josh Jacobs,RB,Alabama,2018,"~640 rush yds, 11 rush TD on 120 att; ~20 rec, 247 yds, 3 TD (approx.)","Auto-match (approx. library): low-volume committee back, high TD efficiency. Verify exact line on Sports-Reference.",CFBD_SYNC
5216505,Jamar Searcy,,Wake Forest,ACC,RB,FR,68,180,"Pittsburg, CA",2025,,,,,,,,,,,5.0,39.0,0.0,7.8,,,,,Josh Jacobs,RB,Alabama,2018,"~640 rush yds, 11 rush TD on 120 att; ~20 rec, 247 yds, 3 TD (approx.)","Auto-match (approx. library): low-volume committee back, high TD efficiency. Verify exact line on Sports-Reference.",CFBD_SYNC
5222223,KD Daniels,,Wake Forest,ACC,RB,SO,72,203,"West Point, MS",2026,1,,,,,,,,,,2.0,7.0,0.0,3.5,,,,,Josh Jacobs,RB,Alabama,2018,"~640 rush yds, 11 rush TD on 120 att; ~20 rec, 247 yds, 3 TD (approx.)","Auto-match (approx. library): low-volume committee back, high TD efficiency. Verify exact line on Sports-Reference.",CFBD_SYNC
5186586,Ty Clark III,,Wake Forest,ACC,RB,JR,72,207,"Nashville, TN",2026,1,,,,,,,,,,7.0,105.0,0.0,15.0,,,,,Josh Jacobs,RB,Alabama,2018,"~640 rush yds, 11 rush TD on 120 att; ~20 rec, 247 yds, 3 TD (approx.)","Auto-match (approx. library): low-volume committee back, high TD efficiency. Verify exact line on Sports-Reference.",CFBD_SYNC
5186586,Ty Clark III,,Wake Forest,ACC,RB,JR,72,207,"Nashville, TN",2025,,,,,,,,,,,75.0,323.0,3.0,4.31,17.0,209.0,1.0,12.29,James Cook,RB,Georgia,2021,"~728 rush yds, 7 rush TD on 113 att; ~27 rec, 284 yds, 4 TD (approx.)","Auto-match (approx. library): satellite back in committee, per-touch juice. Verify exact line on Sports-Reference.",CFBD_SYNC
5186586,Ty Clark III,,Wake Forest,ACC,RB,JR,72,207,"Nashville, TN",2024,,,,,,,,,,,13.0,57.0,0.0,4.38,1.0,1.0,0.0,1.0,Josh Jacobs,RB,Alabama,2018,"~640 rush yds, 11 rush TD on 120 att; ~20 rec, 247 yds, 3 TD (approx.)","Auto-match (approx. library): low-volume committee back, high TD efficiency. Verify exact line on Sports-Reference.",CFBD_SYNC
5141426,AK Dear,,Alabama,SEC,RB,SO,73,216,"Quitman, MS",2025,,,,,,,,,,,19.0,140.0,3.0,7.37,3.0,18.0,0.0,6.0,Josh Jacobs,RB,Alabama,2018,"~640 rush yds, 11 rush TD on 120 att; ~20 rec, 247 yds, 3 TD (approx.)","Auto-match (approx. library): low-volume committee back, high TD efficiency. Verify exact line on Sports-Reference.",CFBD_SYNC
5079506,Daniel Hill,,Alabama,SEC,RB,JR,73,234,"Meridian, MS",2026,1,,,,,,,,,,9.0,47.0,2.0,5.22,2.0,10.0,0.0,5.0,Josh Jacobs,RB,Alabama,2018,"~640 rush yds, 11 rush TD on 120 att; ~20 rec, 247 yds, 3 TD (approx.)","Auto-match (approx. library): low-volume committee back, high TD efficiency. Verify exact line on Sports-Reference.",CFBD_SYNC
5079506,Daniel Hill,,Alabama,SEC,RB,JR,73,234,"Meridian, MS",2025,,,1.0,1.0,100.0,0.0,0.0,0.0,0.0,100.0,75.0,284.0,6.0,3.79,28.0,203.0,1.0,7.25,James Cook,RB,Georgia,2021,"~728 rush yds, 7 rush TD on 113 att; ~27 rec, 284 yds, 4 TD (approx.)","Auto-match (approx. library): satellite back in committee, per-touch juice. Verify exact line on Sports-Reference.",CFBD_SYNC
5079506,Daniel Hill,,Alabama,SEC,RB,JR,73,234,"Meridian, MS",2024,,,,,,,,,,,21.0,61.0,1.0,2.9,1.0,3.0,0.0,3.0,Josh Jacobs,RB,Alabama,2018,"~640 rush yds, 11 rush TD on 120 att; ~20 rec, 247 yds, 3 TD (approx.)","Auto-match (approx. library): low-volume committee back, high TD efficiency. Verify exact line on Sports-Reference.",CFBD_SYNC
5264688,EJ Crowell,,Alabama,SEC,RB,FR,71,224,"Jackson, AL",2026,1,,,,,,,,,,7.0,37.0,1.0,5.29,1.0,13.0,0.0,13.0,Josh Jacobs,RB,Alabama,2018,"~640 rush yds, 11 rush TD on 120 att; ~20 rec, 247 yds, 3 TD (approx.)","Auto-match (approx. library): low-volume committee back, high TD efficiency. Verify exact line on Sports-Reference.",CFBD_SYNC
4870760,Justice Haynes,,Alabama,SEC,RB,SR,71,210,"Alpharetta, GA",2024,,,,,,,,,,,79.0,448.0,7.0,5.67,17.0,99.0,0.0,5.82,Josh Jacobs,RB,Alabama,2018,"~640 rush yds, 11 rush TD on 120 att; ~20 rec, 247 yds, 3 TD (approx.)","Auto-match (approx. library): low-volume committee back, high TD efficiency. Verify exact line on Sports-Reference.",CFBD_SYNC
4870760,Justice Haynes,,Alabama,SEC,RB,SR,71,210,"Alpharetta, GA",2023,,,,,,,,,,,25.0,168.0,2.0,6.72,,,,,Josh Jacobs,RB,Alabama,2018,"~640 rush yds, 11 rush TD on 120 att; ~20 rec, 247 yds, 3 TD (approx.)","Auto-match (approx. library): low-volume committee back, high TD efficiency. Verify exact line on Sports-Reference.",CFBD_SYNC
5110500,Kevin Riley,,Alabama,SEC,RB,JR,71,198,"Northport, AL",2026,1,,,,,,,,,,6.0,17.0,0.0,2.83,,,,,Josh Jacobs,RB,Alabama,2018,"~640 rush yds, 11 rush TD on 120 att; ~20 rec, 247 yds, 3 TD (approx.)","Auto-match (approx. library): low-volume committee back, high TD efficiency. Verify exact line on Sports-Reference.",CFBD_SYNC
5110500,Kevin Riley,,Alabama,SEC,RB,JR,71,198,"Northport, AL",2025,,,,,,,,,,,59.0,224.0,2.0,3.8,19.0,176.0,1.0,9.26,James Cook,RB,Georgia,2021,"~728 rush yds, 7 rush TD on 113 att; ~27 rec, 284 yds, 4 TD (approx.)","Auto-match (approx. library): satellite back in committee, per-touch juice. Verify exact line on Sports-Reference.",CFBD_SYNC
5110500,Kevin Riley,,Alabama,SEC,RB,JR,71,198,"Northport, AL",2024,,,,,,,,,,,10.0,30.0,0.0,3.0,2.0,9.0,0.0,4.5,Josh Jacobs,RB,Alabama,2018,"~640 rush yds, 11 rush TD on 120 att; ~20 rec, 247 yds, 3 TD (approx.)","Auto-match (approx. library): low-volume committee back, high TD efficiency. Verify exact line on Sports-Reference.",CFBD_SYNC
5078917,Khalifa Keith,,Alabama,SEC,RB,SR,73,232,"Birmingham, AL",2026,1,,,,,,,,,,3.0,12.0,0.0,4.0,,,,,Josh Jacobs,RB,Alabama,2018,"~640 rush yds, 11 rush TD on 120 att; ~20 rec, 247 yds, 3 TD (approx.)","Auto-match (approx. library): low-volume committee back, high TD efficiency. Verify exact line on Sports-Reference.",CFBD_SYNC
4871081,Richard Young,,Alabama,SEC,RB,SR,71,210,"Lehigh Acres, FL",2025,,,,,,,,,,,23.0,64.0,2.0,2.78,1.0,6.0,0.0,6.0,Josh Jacobs,RB,Alabama,2018,"~640 rush yds, 11 rush TD on 120 att; ~20 rec, 247 yds, 3 TD (approx.)","Auto-match (approx. library): low-volume committee back, high TD efficiency. Verify exact line on Sports-Reference.",CFBD_SYNC
4871081,Richard Young,,Alabama,SEC,RB,SR,71,210,"Lehigh Acres, FL",2024,,,,,,,,,,,27.0,146.0,2.0,5.41,1.0,7.0,0.0,7.0,Josh Jacobs,RB,Alabama,2018,"~640 rush yds, 11 rush TD on 120 att; ~20 rec, 247 yds, 3 TD (approx.)","Auto-match (approx. library): low-volume committee back, high TD efficiency. Verify exact line on Sports-Reference.",CFBD_SYNC
4871081,Richard Young,,Alabama,SEC,RB,SR,71,210,"Lehigh Acres, FL",2023,,,,,,,,,,,9.0,24.0,1.0,2.67,,,,,Josh Jacobs,RB,Alabama,2018,"~640 rush yds, 11 rush TD on 120 att; ~20 rec, 247 yds, 3 TD (approx.)","Auto-match (approx. library): low-volume committee back, high TD efficiency. Verify exact line on Sports-Reference.",CFBD_SYNC
5327659,Trae'shawn Brown,,Alabama,SEC,RB,FR,70,206,"Huntsville, TX",2026,1,,,,,,,,,,7.0,15.0,1.0,2.14,,,,,Josh Jacobs,RB,Alabama,2018,"~640 rush yds, 11 rush TD on 120 att; ~20 rec, 247 yds, 3 TD (approx.)","Auto-match (approx. library): low-volume committee back, high TD efficiency. Verify exact line on Sports-Reference.",CFBD_SYNC
4596437,AJ Green Jr.,,Arkansas,SEC,RB,SR,70,216,"Tulsa, OK",2025,,,,,,,,,,,3.0,11.0,0.0,3.67,,,,,Josh Jacobs,RB,Alabama,2018,"~640 rush yds, 11 rush TD on 120 att; ~20 rec, 247 yds, 3 TD (approx.)","Auto-match (approx. library): low-volume committee back, high TD efficiency. Verify exact line on Sports-Reference.",CFBD_SYNC
4596437,AJ Green Jr.,,Arkansas,SEC,RB,SR,70,216,"Tulsa, OK",2023,,,,,,,,,,,67.0,312.0,2.0,4.66,6.0,25.0,1.0,4.17,Josh Jacobs,RB,Alabama,2018,"~640 rush yds, 11 rush TD on 120 att; ~20 rec, 247 yds, 3 TD (approx.)","Auto-match (approx. library): low-volume committee back, high TD efficiency. Verify exact line on Sports-Reference.",CFBD_SYNC
4596437,AJ Green Jr.,,Arkansas,SEC,RB,SR,70,216,"Tulsa, OK",2022,,,,,,,,,,,87.0,412.0,3.0,4.74,6.0,75.0,0.0,12.5,Josh Jacobs,RB,Alabama,2018,"~640 rush yds, 11 rush TD on 120 att; ~20 rec, 247 yds, 3 TD (approx.)","Auto-match (approx. library): low-volume committee back, high TD efficiency. Verify exact line on Sports-Reference.",CFBD_SYNC
4596437,AJ Green Jr.,,Arkansas,SEC,RB,SR,70,216,"Tulsa, OK",2021,,,,,,,,,,,47.0,227.0,1.0,4.83,7.0,84.0,1.0,12.0,Josh Jacobs,RB,Alabama,2018,"~640 rush yds, 11 rush TD on 120 att; ~20 rec, 247 yds, 3 TD (approx.)","Auto-match (approx. library): low-volume committee back, high TD efficiency. Verify exact line on Sports-Reference.",CFBD_SYNC
5079589,Braylen Russell,,Arkansas,SEC,RB,JR,73,227,"Benton, AR",2026,1,,,,,,,,,,17.0,49.0,1.0,2.88,1.0,11.0,0.0,11.0,Josh Jacobs,RB,Alabama,2018,"~640 rush yds, 11 rush TD on 120 att; ~20 rec, 247 yds, 3 TD (approx.)","Auto-match (approx. library): low-volume committee back, high TD efficiency. Verify exact line on Sports-Reference.",CFBD_SYNC
5079589,Braylen Russell,,Arkansas,SEC,RB,JR,73,227,"Benton, AR",2025,,,,,,,,,,,55.0,286.0,5.0,5.2,4.0,27.0,0.0,6.75,Josh Jacobs,RB,Alabama,2018,"~640 rush yds, 11 rush TD on 120 att; ~20 rec, 247 yds, 3 TD (approx.)","Auto-match (approx. library): low-volume committee back, high TD efficiency. Verify exact line on Sports-Reference.",CFBD_SYNC
5079589,Braylen Russell,,Arkansas,SEC,RB,JR,73,227,"Benton, AR",2024,,,,,,,,,,,67.0,354.0,3.0,5.28,3.0,18.0,0.0,6.0,Josh Jacobs,RB,Alabama,2018,"~640 rush yds, 11 rush TD on 120 att; ~20 rec, 247 yds, 3 TD (approx.)","Auto-match (approx. library): low-volume committee back, high TD efficiency. Verify exact line on Sports-Reference.",CFBD_SYNC
5222564,Cam Settles,,Arkansas,SEC,RB,SO,71,209,"Little Rock, AR",2025,,,,,,,,,,,6.0,16.0,0.0,2.67,2.0,16.0,0.0,8.0,Josh Jacobs,RB,Alabama,2018,"~640 rush yds, 11 rush TD on 120 att; ~20 rec, 247 yds, 3 TD (approx.)","Auto-match (approx. library): low-volume committee back, high TD efficiency. Verify exact line on Sports-Reference.",CFBD_SYNC
4921292,Isaiah Augustave,,Arkansas,SEC,RB,JR,72,215,"Naples, FL",2023,,,,,,,,,,,35.0,202.0,1.0,5.77,3.0,7.0,0.0,2.33,Josh Jacobs,RB,Alabama,2018,"~640 rush yds, 11 rush TD on 120 att; ~20 rec, 247 yds, 3 TD (approx.)","Auto-match (approx. library): low-volume committee back, high TD efficiency. Verify exact line on Sports-Reference.",CFBD_SYNC
5214410,Jasper Parker,,Arkansas,SEC,RB,SO,72,209,"Gretna, LA",2026,1,,,,,,,,,,4.0,17.0,0.0,4.25,1.0,21.0,0.0,21.0,Josh Jacobs,RB,Alabama,2018,"~640 rush yds, 11 rush TD on 120 att; ~20 rec, 247 yds, 3 TD (approx.)","Auto-match (approx. library): low-volume committee back, high TD efficiency. Verify exact line on Sports-Reference.",CFBD_SYNC
4805256,Sutton Smith,,Arkansas,SEC,RB,SR,69,196,"Marietta, GA",2026,1,,,,,,,,,,15.0,36.0,0.0,2.4,4.0,43.0,0.0,10.75,Josh Jacobs,RB,Alabama,2018,"~640 rush yds, 11 rush TD on 120 att; ~20 rec, 247 yds, 3 TD (approx.)","Auto-match (approx. library): low-volume committee back, high TD efficiency. Verify exact line on Sports-Reference.",CFBD_SYNC
4954455,Bryson Washington,,Auburn,SEC,RB,JR,72,210,"Franklin, TX",2026,1,,,,,,,,,,1.0,7.0,0.0,7.0,2.0,13.0,0.0,6.5,Josh Jacobs,RB,Alabama,2018,"~640 rush yds, 11 rush TD on 120 att; ~20 rec, 247 yds, 3 TD (approx.)","Auto-match (approx. library): low-volume committee back, high TD efficiency. Verify exact line on Sports-Reference.",CFBD_SYNC
4685699,Damari Alston,,Auburn,SEC,RB,SR,70,205,"Atlanta, GA",2025,,,,,,,,,,,32.0,128.0,1.0,4.0,4.0,29.0,0.0,7.25,Josh Jacobs,RB,Alabama,2018,"~640 rush yds, 11 rush TD on 120 att; ~20 rec, 247 yds, 3 TD (approx.)","Auto-match (approx. library): low-volume committee back, high TD efficiency. Verify exact line on Sports-Reference.",CFBD_SYNC
4685699,Damari Alston,,Auburn,SEC,RB,SR,70,205,"Atlanta, GA",2024,,,,,,,,,,,52.0,276.0,3.0,5.31,6.0,53.0,0.0,8.83,Josh Jacobs,RB,Alabama,2018,"~640 rush yds, 11 rush TD on 120 att; ~20 rec, 247 yds, 3 TD (approx.)","Auto-match (approx. library): low-volume committee back, high TD efficiency. Verify exact line on Sports-Reference.",CFBD_SYNC
4685699,Damari Alston,,Auburn,SEC,RB,SR,70,205,"Atlanta, GA",2023,,,,,,,,,,,64.0,320.0,2.0,5.0,8.0,48.0,0.0,6.0,Josh Jacobs,RB,Alabama,2018,"~640 rush yds, 11 rush TD on 120 att; ~20 rec, 247 yds, 3 TD (approx.)","Auto-match (approx. library): low-volume committee back, high TD efficiency. Verify exact line on Sports-Reference.",CFBD_SYNC
4685699,Damari Alston,,Auburn,SEC,RB,SR,70,205,"Atlanta, GA",2022,,,,,,,,,,,14.0,85.0,0.0,6.07,1.0,13.0,0.0,13.0,Josh Jacobs,RB,Alabama,2018,"~640 rush yds, 11 rush TD on 120 att; ~20 rec, 247 yds, 3 TD (approx.)","Auto-match (approx. library): low-volume committee back, high TD efficiency. Verify exact line on Sports-Reference.",CFBD_SYNC
4894661,Durell Robinson,,Auburn,SEC,RB,SR,72,207,"Seat Pleasant, MD",2025,,,,,,,,,,,3.0,57.0,1.0,19.0,,,,,Josh Jacobs,RB,Alabama,2018,"~640 rush yds, 11 rush TD on 120 att; ~20 rec, 247 yds, 3 TD (approx.)","Auto-match (approx. library): low-volume committee back, high TD efficiency. Verify exact line on Sports-Reference.",CFBD_SYNC
4870642,Jeremiah Cobb,,Auburn,SEC,RB,SR,71,205,"Montgomery, AL",2026,1,,,,,,,,,,12.0,53.0,1.0,4.42,2.0,8.0,0.0,4.0,Josh Jacobs,RB,Alabama,2018,"~640 rush yds, 11 rush TD on 120 att; ~20 rec, 247 yds, 3 TD (approx.)","Auto-match (approx. library): low-volume committee back, high TD efficiency. Verify exact line on Sports-Reference.",CFBD_SYNC
4870642,Jeremiah Cobb,,Auburn,SEC,RB,SR,71,205,"Montgomery, AL",2025,,,,,,,,,,,175.0,969.0,5.0,5.54,11.0,83.0,0.0,7.55,D'Andre Swift,RB,Georgia,2019,"~1218 rush yds, 7 rush TD on 196 att; ~24 rec, 216 yds, 1 TD (approx.)","Auto-match (approx. library): efficient split-backfield lead, receiving value. Verify exact line on Sports-Reference.",CFBD_SYNC
4870642,Jeremiah Cobb,,Auburn,SEC,RB,SR,71,205,"Montgomery, AL",2024,,,,,,,,,,,29.0,142.0,0.0,4.9,6.0,45.0,0.0,7.5,Josh Jacobs,RB,Alabama,2018,"~640 rush yds, 11 rush TD on 120 att; ~20 rec, 247 yds, 3 TD (approx.)","Auto-match (approx. library): low-volume committee back, high TD efficiency. Verify exact line on Sports-Reference.",CFBD_SYNC
4870642,Jeremiah Cobb,,Auburn,SEC,RB,SR,71,205,"Montgomery, AL",2023,,,,,,,,,,,33.0,172.0,2.0,5.21,7.0,47.0,2.0,6.71,Josh Jacobs,RB,Alabama,2018,"~640 rush yds, 11 rush TD on 120 att; ~20 rec, 247 yds, 3 TD (approx.)","Auto-match (approx. library): low-volume committee back, high TD efficiency. Verify exact line on Sports-Reference.",CFBD_SYNC
5217041,Omar Mabson II,,Auburn,SEC,RB,SO,69,215,"Auburn, AL",2026,1,,,,,,,,,,5.0,19.0,0.0,3.8,2.0,15.0,0.0,7.5,Josh Jacobs,RB,Alabama,2018,"~640 rush yds, 11 rush TD on 120 att; ~20 rec, 247 yds, 3 TD (approx.)","Auto-match (approx. library): low-volume committee back, high TD efficiency. Verify exact line on Sports-Reference.",CFBD_SYNC
5217041,Omar Mabson II,,Auburn,SEC,RB,SO,69,215,"Auburn, AL",2025,,,,,,,,,,,16.0,71.0,1.0,4.44,4.0,42.0,0.0,10.5,Josh Jacobs,RB,Alabama,2018,"~640 rush yds, 11 rush TD on 120 att; ~20 rec, 247 yds, 3 TD (approx.)","Auto-match (approx. library): low-volume committee back, high TD efficiency. Verify exact line on Sports-Reference.",CFBD_SYNC
5151893,Anthony Rubio,,Florida,SEC,RB,SR,69,187,"Miami, FL",2026,1,,,,,,,,,,2.0,11.0,0.0,5.5,,,,,Josh Jacobs,RB,Alabama,2018,"~640 rush yds, 11 rush TD on 120 att; ~20 rec, 247 yds, 3 TD (approx.)","Auto-match (approx. library): low-volume committee back, high TD efficiency. Verify exact line on Sports-Reference.",CFBD_SYNC
5151893,Anthony Rubio,,Florida,SEC,RB,SR,69,187,"Miami, FL",2025,,,,,,,,,,,5.0,27.0,0.0,5.4,,,,,Josh Jacobs,RB,Alabama,2018,"~640 rush yds, 11 rush TD on 120 att; ~20 rec, 247 yds, 3 TD (approx.)","Auto-match (approx. library): low-volume committee back, high TD efficiency. Verify exact line on Sports-Reference.",CFBD_SYNC
5151893,Anthony Rubio,,Florida,SEC,RB,SR,69,187,"Miami, FL",2024,,,,,,,,,,,6.0,32.0,1.0,5.33,,,,,Josh Jacobs,RB,Alabama,2018,"~640 rush yds, 11 rush TD on 120 att; ~20 rec, 247 yds, 3 TD (approx.)","Auto-match (approx. library): low-volume committee back, high TD efficiency. Verify exact line on Sports-Reference.",CFBD_SYNC
5141565,Byron Louis,,Florida,SEC,RB,SO,72,195,"Miramar, FL",2026,1,,,,,,,,,,4.0,16.0,0.0,4.0,1.0,32.0,0.0,32.0,Josh Jacobs,RB,Alabama,2018,"~640 rush yds, 11 rush TD on 120 att; ~20 rec, 247 yds, 3 TD (approx.)","Auto-match (approx. library): low-volume committee back, high TD efficiency. Verify exact line on Sports-Reference.",CFBD_SYNC
5141565,Byron Louis,,Florida,SEC,RB,SO,72,195,"Miramar, FL",2025,,,,,,,,,,,2.0,-2.0,0.0,-1.0,,,,,Josh Jacobs,RB,Alabama,2018,"~640 rush yds, 11 rush TD on 120 att; ~20 rec, 247 yds, 3 TD (approx.)","Auto-match (approx. library): low-volume committee back, high TD efficiency. Verify exact line on Sports-Reference.",CFBD_SYNC
5295815,Duke Clark,,Florida,SEC,RB,SO,74,208,"Tampa, FL",2026,1,,,,,,,,,,8.0,65.0,1.0,8.12,1.0,10.0,1.0,10.0,Josh Jacobs,RB,Alabama,2018,"~640 rush yds, 11 rush TD on 120 att; ~20 rec, 247 yds, 3 TD (approx.)","Auto-match (approx. library): low-volume committee back, high TD efficiency. Verify exact line on Sports-Reference.",CFBD_SYNC
5295815,Duke Clark,,Florida,SEC,RB,SO,74,208,"Tampa, FL",2025,,,,,,,,,,,15.0,58.0,0.0,3.87,2.0,14.0,0.0,7.0,Josh Jacobs,RB,Alabama,2018,"~640 rush yds, 11 rush TD on 120 att; ~20 rec, 247 yds, 3 TD (approx.)","Auto-match (approx. library): low-volume committee back, high TD efficiency. Verify exact line on Sports-Reference.",CFBD_SYNC
5151892,Ja'Kobi Jackson,,Florida,SEC,RB,SR,72,219,"Pensacola, FL",2025,,,,,,,,,,,27.0,98.0,0.0,3.63,4.0,27.0,0.0,6.75,Josh Jacobs,RB,Alabama,2018,"~640 rush yds, 11 rush TD on 120 att; ~20 rec, 247 yds, 3 TD (approx.)","Auto-match (approx. library): low-volume committee back, high TD efficiency. Verify exact line on Sports-Reference.",CFBD_SYNC
5151892,Ja'Kobi Jackson,,Florida,SEC,RB,SR,72,219,"Pensacola, FL",2024,,,,,,,,,,,93.0,500.0,7.0,5.38,7.0,76.0,0.0,10.86,Josh Jacobs,RB,Alabama,2018,"~640 rush yds, 11 rush TD on 120 att; ~20 rec, 247 yds, 3 TD (approx.)","Auto-match (approx. library): low-volume committee back, high TD efficiency. Verify exact line on Sports-Reference.",CFBD_SYNC
5079322,Jadan Baugh,,Florida,SEC,RB,JR,73,225,"Atlanta, GA",2026,1,,,,,,,,,,14.0,160.0,3.0,11.43,,,,,Josh Jacobs,RB,Alabama,2018,"~640 rush yds, 11 rush TD on 120 att; ~20 rec, 247 yds, 3 TD (approx.)","Auto-match (approx. library): low-volume committee back, high TD efficiency. Verify exact line on Sports-Reference.",CFBD_SYNC
5079322,Jadan Baugh,,Florida,SEC,RB,JR,73,225,"Atlanta, GA",2025,,,,,,,,,,,220.0,1170.0,8.0,5.32,33.0,210.0,2.0,6.36,D'Andre Swift,RB,Georgia,2019,"~1218 rush yds, 7 rush TD on 196 att; ~24 rec, 216 yds, 1 TD (approx.)","Auto-match (approx. library): efficient split-backfield lead, receiving value. Verify exact line on Sports-Reference.",CFBD_SYNC
5079322,Jadan Baugh,,Florida,SEC,RB,JR,73,225,"Atlanta, GA",2024,,,,,,,,,,,133.0,673.0,7.0,5.06,4.0,33.0,1.0,8.25,Josh Jacobs,RB,Alabama,2018,"~640 rush yds, 11 rush TD on 120 att; ~20 rec, 247 yds, 3 TD (approx.)","Auto-match (approx. library): low-volume committee back, high TD efficiency. Verify exact line on Sports-Reference.",CFBD_SYNC
5222223,KD Daniels,,Florida,SEC,RB,SO,72,203,"West Point, MS",2025,,,,,,,,,,,28.0,120.0,1.0,4.29,3.0,17.0,0.0,5.67,Josh Jacobs,RB,Alabama,2018,"~640 rush yds, 11 rush TD on 120 att; ~20 rec, 247 yds, 3 TD (approx.)","Auto-match (approx. library): low-volume committee back, high TD efficiency. Verify exact line on Sports-Reference.",CFBD_SYNC
5222223,KD Daniels,,Florida,SEC,RB,SO,72,203,"West Point, MS",2024,,,,,,,,,,,11.0,77.0,1.0,7.0,,,,,Josh Jacobs,RB,Alabama,2018,"~640 rush yds, 11 rush TD on 120 att; ~20 rec, 247 yds, 3 TD (approx.)","Auto-match (approx. library): low-volume committee back, high TD efficiency. Verify exact line on Sports-Reference.",CFBD_SYNC
4941012,London Montgomery,,Florida,SEC,RB,SR,70,192,"Scranton, PA",2026,1,,,,,,,,,,3.0,12.0,0.0,4.0,,,,,Josh Jacobs,RB,Alabama,2018,"~640 rush yds, 11 rush TD on 120 att; ~20 rec, 247 yds, 3 TD (approx.)","Auto-match (approx. library): low-volume committee back, high TD efficiency. Verify exact line on Sports-Reference.",CFBD_SYNC
4871065,Treyaun Webb,,Florida,SEC,RB,SR,71,220,"Jacksonville, FL",2024,,,,,,,,,,,21.0,93.0,1.0,4.43,,,,,Josh Jacobs,RB,Alabama,2018,"~640 rush yds, 11 rush TD on 120 att; ~20 rec, 247 yds, 3 TD (approx.)","Auto-match (approx. library): low-volume committee back, high TD efficiency. Verify exact line on Sports-Reference.",CFBD_SYNC
4871065,Treyaun Webb,,Florida,SEC,RB,SR,71,220,"Jacksonville, FL",2023,,,,,,,,,,,26.0,163.0,2.0,6.27,4.0,18.0,0.0,4.5,Josh Jacobs,RB,Alabama,2018,"~640 rush yds, 11 rush TD on 120 att; ~20 rec, 247 yds, 3 TD (approx.)","Auto-match (approx. library): low-volume committee back, high TD efficiency. Verify exact line on Sports-Reference.",CFBD_SYNC
4911914,Andrew Paul,,Georgia,SEC,RB,SR,72,220,"Dallas, TX",2023,,,,,,,,,,,29.0,129.0,1.0,4.45,2.0,14.0,1.0,7.0,Josh Jacobs,RB,Alabama,2018,"~640 rush yds, 11 rush TD on 120 att; ~20 rec, 247 yds, 3 TD (approx.)","Auto-match (approx. library): low-volume committee back, high TD efficiency. Verify exact line on Sports-Reference.",CFBD_SYNC
5172095,Bo Walker,,Georgia,SEC,RB,SO,69,210,"Ellenwood, GA",2026,1,,,,,,,,,,5.0,35.0,0.0,7.0,,,,,Josh Jacobs,RB,Alabama,2018,"~640 rush yds, 11 rush TD on 120 att; ~20 rec, 247 yds, 3 TD (approx.)","Auto-match (approx. library): low-volume committee back, high TD efficiency. Verify exact line on Sports-Reference.",CFBD_SYNC
5172095,Bo Walker,,Georgia,SEC,RB,SO,69,210,"Ellenwood, GA",2025,,,,,,,,,,,22.0,100.0,3.0,4.55,2.0,2.0,0.0,1.0,Josh Jacobs,RB,Alabama,2018,"~640 rush yds, 11 rush TD on 120 att; ~20 rec, 247 yds, 3 TD (approx.)","Auto-match (approx. library): low-volume committee back, high TD efficiency. Verify exact line on Sports-Reference.",CFBD_SYNC
5079335,Chauncey Bowens,,Georgia,SEC,RB,JR,71,225,"Port Saint Lucie, FL",2026,1,,,,,,,,,,4.0,24.0,0.0,6.0,2.0,32.0,0.0,16.0,Josh Jacobs,RB,Alabama,2018,"~640 rush yds, 11 rush TD on 120 att; ~20 rec, 247 yds, 3 TD (approx.)","Auto-match (approx. library): low-volume committee back, high TD efficiency. Verify exact line on Sports-Reference.",CFBD_SYNC
5079335,Chauncey Bowens,,Georgia,SEC,RB,JR,71,225,"Port Saint Lucie, FL",2025,,,,,,,,,,,103.0,526.0,6.0,5.11,14.0,82.0,0.0,5.86,Josh Jacobs,RB,Alabama,2018,"~640 rush yds, 11 rush TD on 120 att; ~20 rec, 247 yds, 3 TD (approx.)","Auto-match (approx. library): low-volume committee back, high TD efficiency. Verify exact line on Sports-Reference.",CFBD_SYNC
5079335,Chauncey Bowens,,Georgia,SEC,RB,JR,71,225,"Port Saint Lucie, FL",2024,,,,,,,,,,,16.0,58.0,0.0,3.62,,,,,Josh Jacobs,RB,Alabama,2018,"~640 rush yds, 11 rush TD on 120 att; ~20 rec, 247 yds, 3 TD (approx.)","Auto-match (approx. library): low-volume committee back, high TD efficiency. Verify exact line on Sports-Reference.",CFBD_SYNC
5079561,Dwight Phillips Jr.,,Georgia,SEC,RB,JR,70,185,"Mableton, GA",2026,1,,,,,,,,,,3.0,25.0,0.0,8.33,,,,,Josh Jacobs,RB,Alabama,2018,"~640 rush yds, 11 rush TD on 120 att; ~20 rec, 247 yds, 3 TD (approx.)","Auto-match (approx. library): low-volume committee back, high TD efficiency. Verify exact line on Sports-Reference.",CFBD_SYNC
5079561,Dwight Phillips Jr.,,Georgia,SEC,RB,JR,70,185,"Mableton, GA",2025,,,,,,,,,,,35.0,210.0,1.0,6.0,1.0,-6.0,0.0,-6.0,Josh Jacobs,RB,Alabama,2018,"~640 rush yds, 11 rush TD on 120 att; ~20 rec, 247 yds, 3 TD (approx.)","Auto-match (approx. library): low-volume committee back, high TD efficiency. Verify exact line on Sports-Reference.",CFBD_SYNC
5079561,Dwight Phillips Jr.,,Georgia,SEC,RB,JR,70,185,"Mableton, GA",2024,,,,,,,,,,,6.0,33.0,1.0,5.5,2.0,24.0,0.0,12.0,Josh Jacobs,RB,Alabama,2018,"~640 rush yds, 11 rush TD on 120 att; ~20 rec, 247 yds, 3 TD (approx.)","Auto-match (approx. library): low-volume committee back, high TD efficiency. Verify exact line on Sports-Reference.",CFBD_SYNC
5244758,Jae Lamar,,Georgia,SEC,RB,FR,71,205,"Moultrie, GA",2026,1,,,,,,,,,,3.0,15.0,1.0,5.0,,,,,Josh Jacobs,RB,Alabama,2018,"~640 rush yds, 11 rush TD on 120 att; ~20 rec, 247 yds, 3 TD (approx.)","Auto-match (approx. library): low-volume committee back, high TD efficiency. Verify exact line on Sports-Reference.",CFBD_SYNC
5084047,Nate Frazier,,Georgia,SEC,RB,JR,70,205,"Compton, CA",2026,1,,,,,,,,,,4.0,72.0,3.0,18.0,,,,,Josh Jacobs,RB,Alabama,2018,"~640 rush yds, 11 rush TD on 120 att; ~20 rec, 247 yds, 3 TD (approx.)","Auto-match (approx. library): low-volume committee back, high TD efficiency. Verify exact line on Sports-Reference.",CFBD_SYNC
5084047,Nate Frazier,,Georgia,SEC,RB,JR,70,205,"Compton, CA",2025,,,,,,,,,,,173.0,947.0,6.0,5.47,16.0,116.0,1.0,7.25,D'Andre Swift,RB,Georgia,2019,"~1218 rush yds, 7 rush TD on 196 att; ~24 rec, 216 yds, 1 TD (approx.)","Auto-match (approx. library): efficient split-backfield lead, receiving value. Verify exact line on Sports-Reference.",CFBD_SYNC
5084047,Nate Frazier,,Georgia,SEC,RB,JR,70,205,"Compton, CA",2024,,,,,,,,,,,133.0,671.0,8.0,5.05,12.0,85.0,0.0,7.08,Josh Jacobs,RB,Alabama,2018,"~640 rush yds, 11 rush TD on 120 att; ~20 rec, 247 yds, 3 TD (approx.)","Auto-match (approx. library): low-volume committee back, high TD efficiency. Verify exact line on Sports-Reference.",CFBD_SYNC
5446770,Nick Peal,,Georgia,SEC,RB,FR,70,199,"Roswell, GA",2026,1,,,,,,,,,,1.0,5.0,0.0,5.0,,,,,Josh Jacobs,RB,Alabama,2018,"~640 rush yds, 11 rush TD on 120 att; ~20 rec, 247 yds, 3 TD (approx.)","Auto-match (approx. library): low-volume committee back, high TD efficiency. Verify exact line on Sports-Reference.",CFBD_SYNC
4918110,Roderick Robinson II,,Georgia,SEC,RB,JR,73,235,"San Diego, CA",2025,,,,,,,,,,,6.0,22.0,0.0,3.67,2.0,13.0,1.0,6.5,Josh Jacobs,RB,Alabama,2018,"~640 rush yds, 11 rush TD on 120 att; ~20 rec, 247 yds, 3 TD (approx.)","Auto-match (approx. library): low-volume committee back, high TD efficiency. Verify exact line on Sports-Reference.",CFBD_SYNC
4918110,Roderick Robinson II,,Georgia,SEC,RB,JR,73,235,"San Diego, CA",2024,,,,,,,,,,,4.0,3.0,0.0,0.75,2.0,34.0,0.0,17.0,Josh Jacobs,RB,Alabama,2018,"~640 rush yds, 11 rush TD on 120 att; ~20 rec, 247 yds, 3 TD (approx.)","Auto-match (approx. library): low-volume committee back, high TD efficiency. Verify exact line on Sports-Reference.",CFBD_SYNC
4918110,Roderick Robinson II,,Georgia,SEC,RB,JR,73,235,"San Diego, CA",2023,,,,,,,,,,,24.0,196.0,2.0,8.17,,,,,Josh Jacobs,RB,Alabama,2018,"~640 rush yds, 11 rush TD on 120 att; ~20 rec, 247 yds, 3 TD (approx.)","Auto-match (approx. library): low-volume committee back, high TD efficiency. Verify exact line on Sports-Reference.",CFBD_SYNC
5218583,Wade Penn,,Georgia,SEC,RB,JR,70,200,"Atlanta, GA",2024,,,,,,,,,,,3.0,15.0,0.0,5.0,,,,,Josh Jacobs,RB,Alabama,2018,"~640 rush yds, 11 rush TD on 120 att; ~20 rec, 247 yds, 3 TD (approx.)","Auto-match (approx. library): low-volume committee back, high TD efficiency. Verify exact line on Sports-Reference.",CFBD_SYNC
5194702,Ahmir Smith,,Kentucky,SEC,RB,JR,70,200,"Santee, SC",2026,1,,,,,,,,,,2.0,13.0,0.0,6.5,,,,,Josh Jacobs,RB,Alabama,2018,"~640 rush yds, 11 rush TD on 120 att; ~20 rec, 247 yds, 3 TD (approx.)","Auto-match (approx. library): low-volume committee back, high TD efficiency. Verify exact line on Sports-Reference.",CFBD_SYNC
4870609,CJ Baxter,,Kentucky,SEC,RB,SR,73,230,"Boynton Beach, FL",2026,1,,,,,,,,,,9.0,48.0,2.0,5.33,,,,,Josh Jacobs,RB,Alabama,2018,"~640 rush yds, 11 rush TD on 120 att; ~20 rec, 247 yds, 3 TD (approx.)","Auto-match (approx. library): low-volume committee back, high TD efficiency. Verify exact line on Sports-Reference.",CFBD_SYNC
4923252,Dante Dowdell,,Kentucky,SEC,RB,SR,74,225,"Picayune, MS",2025,,,,,,,,,,,112.0,560.0,3.0,5.0,7.0,30.0,0.0,4.29,Josh Jacobs,RB,Alabama,2018,"~640 rush yds, 11 rush TD on 120 att; ~20 rec, 247 yds, 3 TD (approx.)","Auto-match (approx. library): low-volume committee back, high TD efficiency. Verify exact line on Sports-Reference.",CFBD_SYNC
5123048,Jason Patterson,,Kentucky,SEC,RB,JR,70,204,"Sneads, FL",2026,1,,,,,,,,,,11.0,78.0,0.0,7.09,1.0,16.0,0.0,16.0,Josh Jacobs,RB,Alabama,2018,"~640 rush yds, 11 rush TD on 120 att; ~20 rec, 247 yds, 3 TD (approx.)","Auto-match (approx. library): low-volume committee back, high TD efficiency. Verify exact line on Sports-Reference.",CFBD_SYNC
5123048,Jason Patterson,,Kentucky,SEC,RB,JR,70,204,"Sneads, FL",2025,,,,,,,,,,,57.0,225.0,1.0,3.95,17.0,85.0,1.0,5.0,James Cook,RB,Georgia,2021,"~728 rush yds, 7 rush TD on 113 att; ~27 rec, 284 yds, 4 TD (approx.)","Auto-match (approx. library): satellite back in committee, per-touch juice. Verify exact line on Sports-Reference.",CFBD_SYNC
5123048,Jason Patterson,,Kentucky,SEC,RB,JR,70,204,"Sneads, FL",2024,,,,,,,,,,,20.0,111.0,0.0,5.55,1.0,15.0,0.0,15.0,Josh Jacobs,RB,Alabama,2018,"~640 rush yds, 11 rush TD on 120 att; ~20 rec, 247 yds, 3 TD (approx.)","Auto-match (approx. library): low-volume committee back, high TD efficiency. Verify exact line on Sports-Reference.",CFBD_SYNC
4683234,La'Vell Wright,,Kentucky,SEC,RB,SR,71,215,"Louisville, KY",2022,,,,,,,,,,,38.0,116.0,0.0,3.05,6.0,28.0,0.0,4.67,Josh Jacobs,RB,Alabama,2018,"~640 rush yds, 11 rush TD on 120 att; ~20 rec, 247 yds, 3 TD (approx.)","Auto-match (approx. library): low-volume committee back, high TD efficiency. Verify exact line on Sports-Reference.",CFBD_SYNC
4683234,La'Vell Wright,,Kentucky,SEC,RB,SR,71,215,"Louisville, KY",2021,,,,,,,,,,,9.0,118.0,1.0,13.11,,,,,Josh Jacobs,RB,Alabama,2018,"~640 rush yds, 11 rush TD on 120 att; ~20 rec, 247 yds, 3 TD (approx.)","Auto-match (approx. library): low-volume committee back, high TD efficiency. Verify exact line on Sports-Reference.",CFBD_SYNC
5079622,Tovani Mizell,,Kentucky,SEC,RB,JR,72,213,"Fort Lauderdale, FL",2025,,,,,,,,,,,3.0,10.0,0.0,3.33,,,,,Josh Jacobs,RB,Alabama,2018,"~640 rush yds, 11 rush TD on 120 att; ~20 rec, 247 yds, 3 TD (approx.)","Auto-match (approx. library): low-volume committee back, high TD efficiency. Verify exact line on Sports-Reference.",CFBD_SYNC
5079622,Tovani Mizell,,Kentucky,SEC,RB,JR,72,213,"Fort Lauderdale, FL",2024,,,,,,,,,,,1.0,0.0,0.0,0.0,,,,,Josh Jacobs,RB,Alabama,2018,"~640 rush yds, 11 rush TD on 120 att; ~20 rec, 247 yds, 3 TD (approx.)","Auto-match (approx. library): low-volume committee back, high TD efficiency. Verify exact line on Sports-Reference.",CFBD_SYNC
5079379,Caden Durham,,LSU,SEC,RB,JR,69,200,"Oklahoma City, OK",2026,1,,,,,,,,,,3.0,3.0,0.0,1.0,,,,,Josh Jacobs,RB,Alabama,2018,"~640 rush yds, 11 rush TD on 120 att; ~20 rec, 247 yds, 3 TD (approx.)","Auto-match (approx. library): low-volume committee back, high TD efficiency. Verify exact line on Sports-Reference.",CFBD_SYNC
5079379,Caden Durham,,LSU,SEC,RB,JR,69,200,"Oklahoma City, OK",2025,,,,,,,,,,,111.0,505.0,3.0,4.55,16.0,91.0,0.0,5.69,James Cook,RB,Georgia,2021,"~728 rush yds, 7 rush TD on 113 att; ~27 rec, 284 yds, 4 TD (approx.)","Auto-match (approx. library): satellite back in committee, per-touch juice. Verify exact line on Sports-Reference.",CFBD_SYNC
5079379,Caden Durham,,LSU,SEC,RB,JR,69,200,"Oklahoma City, OK",2024,,,,,,,,,,,138.0,754.0,6.0,5.46,28.0,260.0,2.0,9.29,James Cook,RB,Georgia,2021,"~728 rush yds, 7 rush TD on 113 att; ~27 rec, 284 yds, 4 TD (approx.)","Auto-match (approx. library): satellite back in committee, per-touch juice. Verify exact line on Sports-Reference.",CFBD_SYNC
5079482,Dilin Jones,,LSU,SEC,RB,SO,71,211,"Laurel, MD",2026,1,,,,,,,,,,23.0,113.0,2.0,4.91,1.0,1.0,0.0,1.0,Josh Jacobs,RB,Alabama,2018,"~640 rush yds, 11 rush TD on 120 att; ~20 rec, 247 yds, 3 TD (approx.)","Auto-match (approx. library): low-volume committee back, high TD efficiency. Verify exact line on Sports-Reference.",CFBD_SYNC
5122231,Harlem Berry,,LSU,SEC,RB,SO,70,187,"New Orleans, LA",2026,1,,,,,,,,,,4.0,9.0,0.0,2.25,,,,,Josh Jacobs,RB,Alabama,2018,"~640 rush yds, 11 rush TD on 120 att; ~20 rec, 247 yds, 3 TD (approx.)","Auto-match (approx. library): low-volume committee back, high TD efficiency. Verify exact line on Sports-Reference.",CFBD_SYNC
5122231,Harlem Berry,,LSU,SEC,RB,SO,70,187,"New Orleans, LA",2025,,,,,,,,,,,104.0,491.0,2.0,4.72,8.0,32.0,0.0,4.0,Josh Jacobs,RB,Alabama,2018,"~640 rush yds, 11 rush TD on 120 att; ~20 rec, 247 yds, 3 TD (approx.)","Auto-match (approx. library): low-volume committee back, high TD efficiency. Verify exact line on Sports-Reference.",CFBD_SYNC
5079537,Ju'Juan Johnson,,LSU,SEC,RB,JR,72,210,"Lafayette, LA",2025,,,1.0,1.0,100.0,14.0,0.0,0.0,14.0,217.6,41.0,155.0,2.0,3.78,17.0,72.0,0.0,4.24,James Cook,RB,Georgia,2021,"~728 rush yds, 7 rush TD on 113 att; ~27 rec, 284 yds, 4 TD (approx.)","Auto-match (approx. library): satellite back in committee, per-touch juice. Verify exact line on Sports-Reference.",CFBD_SYNC
5079537,Ju'Juan Johnson,,LSU,SEC,RB,JR,72,210,"Lafayette, LA",2024,,,,,,,,,,,7.0,14.0,0.0,2.0,5.0,22.0,1.0,4.4,Josh Jacobs,RB,Alabama,2018,"~640 rush yds, 11 rush TD on 120 att; ~20 rec, 247 yds, 3 TD (approx.)","Auto-match (approx. library): low-volume committee back, high TD efficiency. Verify exact line on Sports-Reference.",CFBD_SYNC
4870839,Kaleb Jackson,,LSU,SEC,RB,JR,72,234,"Baton Rouge, LA",2025,,,,,,,,,,,7.0,16.0,0.0,2.29,5.0,33.0,0.0,6.6,Josh Jacobs,RB,Alabama,2018,"~640 rush yds, 11 rush TD on 120 att; ~20 rec, 247 yds, 3 TD (approx.)","Auto-match (approx. library): low-volume committee back, high TD efficiency. Verify exact line on Sports-Reference.",CFBD_SYNC
4870839,Kaleb Jackson,,LSU,SEC,RB,JR,72,234,"Baton Rouge, LA",2024,,,,,,,,,,,47.0,149.0,0.0,3.17,5.0,42.0,0.0,8.4,Josh Jacobs,RB,Alabama,2018,"~640 rush yds, 11 rush TD on 120 att; ~20 rec, 247 yds, 3 TD (approx.)","Auto-match (approx. library): low-volume committee back, high TD efficiency. Verify exact line on Sports-Reference.",CFBD_SYNC
4870839,Kaleb Jackson,,LSU,SEC,RB,JR,72,234,"Baton Rouge, LA",2023,,,,,,,,,,,31.0,165.0,4.0,5.32,6.0,53.0,0.0,8.83,Josh Jacobs,RB,Alabama,2018,"~640 rush yds, 11 rush TD on 120 att; ~20 rec, 247 yds, 3 TD (approx.)","Auto-match (approx. library): low-volume committee back, high TD efficiency. Verify exact line on Sports-Reference.",CFBD_SYNC
5079405,Stacy Gage,,LSU,SEC,RB,SO,70,206,"Tampa, FL",2026,1,,,,,,,,,,8.0,33.0,0.0,4.12,,,,,Josh Jacobs,RB,Alabama,2018,"~640 rush yds, 11 rush TD on 120 att; ~20 rec, 247 yds, 3 TD (approx.)","Auto-match (approx. library): low-volume committee back, high TD efficiency. Verify exact line on Sports-Reference.",CFBD_SYNC
5280784,Cooper Crosby,,Mississippi State,SEC,RB,FR,72,205,"Gulfport, MS",2026,1,,,,,,,,,,4.0,10.0,0.0,2.5,,,,,Josh Jacobs,RB,Alabama,2018,"~640 rush yds, 11 rush TD on 120 att; ~20 rec, 247 yds, 3 TD (approx.)","Auto-match (approx. library): low-volume committee back, high TD efficiency. Verify exact line on Sports-Reference.",CFBD_SYNC
5220197,Fluff Bothwell,,Mississippi State,SEC,RB,JR,70,230,"Oneonta, AL",2026,1,,,,,,,,,,9.0,52.0,0.0,5.78,1.0,16.0,0.0,16.0,Josh Jacobs,RB,Alabama,2018,"~640 rush yds, 11 rush TD on 120 att; ~20 rec, 247 yds, 3 TD (approx.)","Auto-match (approx. library): low-volume committee back, high TD efficiency. Verify exact line on Sports-Reference.",CFBD_SYNC
5220197,Fluff Bothwell,,Mississippi State,SEC,RB,JR,70,230,"Oneonta, AL",2025,,,,,,,,,,,142.0,677.0,6.0,4.77,14.0,105.0,0.0,7.5,Josh Jacobs,RB,Alabama,2018,"~640 rush yds, 11 rush TD on 120 att; ~20 rec, 247 yds, 3 TD (approx.)","Auto-match (approx. library): low-volume committee back, high TD efficiency. Verify exact line on Sports-Reference.",CFBD_SYNC
5216626,J.J. Hill,,Mississippi State,SEC,RB,FR,72,220,"Tupelo, MS",2026,1,,,,,,,,,,7.0,118.0,2.0,16.86,,,,,Josh Jacobs,RB,Alabama,2018,"~640 rush yds, 11 rush TD on 120 att; ~20 rec, 247 yds, 3 TD (approx.)","Auto-match (approx. library): low-volume committee back, high TD efficiency. Verify exact line on Sports-Reference.",CFBD_SYNC
5218820,Johnnie Daniels,,Mississippi State,SEC,RB,SR,70,209,"Crystal Springs, MS",2025,,,,,,,,,,,9.0,44.0,0.0,4.89,3.0,19.0,0.0,6.33,Josh Jacobs,RB,Alabama,2018,"~640 rush yds, 11 rush TD on 120 att; ~20 rec, 247 yds, 3 TD (approx.)","Auto-match (approx. library): low-volume committee back, high TD efficiency. Verify exact line on Sports-Reference.",CFBD_SYNC
5218820,Johnnie Daniels,,Mississippi State,SEC,RB,SR,70,209,"Crystal Springs, MS",2024,,,,,,,,,,,108.0,540.0,4.0,5.0,8.0,76.0,0.0,9.5,Josh Jacobs,RB,Alabama,2018,"~640 rush yds, 11 rush TD on 120 att; ~20 rec, 247 yds, 3 TD (approx.)","Auto-match (approx. library): low-volume committee back, high TD efficiency. Verify exact line on Sports-Reference.",CFBD_SYNC
5209427,Kolin Wilson,,Mississippi State,SEC,RB,FR,69,190,"Gulf Shores, AL",2026,1,,,,,,,,,,4.0,53.0,0.0,13.25,2.0,19.0,0.0,9.5,Josh Jacobs,RB,Alabama,2018,"~640 rush yds, 11 rush TD on 120 att; ~20 rec, 247 yds, 3 TD (approx.)","Auto-match (approx. library): low-volume committee back, high TD efficiency. Verify exact line on Sports-Reference.",CFBD_SYNC
5209427,Kolin Wilson,,Mississippi State,SEC,RB,FR,69,190,"Gulf Shores, AL",2025,,,,,,,,,,,6.0,26.0,0.0,4.33,1.0,8.0,0.0,8.0,Josh Jacobs,RB,Alabama,2018,"~640 rush yds, 11 rush TD on 120 att; ~20 rec, 247 yds, 3 TD (approx.)","Auto-match (approx. library): low-volume committee back, high TD efficiency. Verify exact line on Sports-Reference.",CFBD_SYNC
4920162,Seth Davis,,Mississippi State,SEC,RB,JR,67,185,"Katy, TX",2025,,,,,,,,,,,5.0,47.0,1.0,9.4,,,,,Josh Jacobs,RB,Alabama,2018,"~640 rush yds, 11 rush TD on 120 att; ~20 rec, 247 yds, 3 TD (approx.)","Auto-match (approx. library): low-volume committee back, high TD efficiency. Verify exact line on Sports-Reference.",CFBD_SYNC
4920162,Seth Davis,,Mississippi State,SEC,RB,JR,67,185,"Katy, TX",2023,,,,,,,,,,,59.0,356.0,1.0,6.03,6.0,19.0,0.0,3.17,Josh Jacobs,RB,Alabama,2018,"~640 rush yds, 11 rush TD on 120 att; ~20 rec, 247 yds, 3 TD (approx.)","Auto-match (approx. library): low-volume committee back, high TD efficiency. Verify exact line on Sports-Reference.",CFBD_SYNC
4684421,Simeon Price,,Mississippi State,SEC,RB,SR,72,215,"Pensacola, FL",2023,,,,,,,,,,,5.0,41.0,0.0,8.2,2.0,13.0,0.0,6.5,Josh Jacobs,RB,Alabama,2018,"~640 rush yds, 11 rush TD on 120 att; ~20 rec, 247 yds, 3 TD (approx.)","Auto-match (approx. library): low-volume committee back, high TD efficiency. Verify exact line on Sports-Reference.",CFBD_SYNC
4684421,Simeon Price,,Mississippi State,SEC,RB,SR,72,215,"Pensacola, FL",2022,,,,,,,,,,,30.0,150.0,0.0,5.0,13.0,112.0,1.0,8.62,James Cook,RB,Georgia,2021,"~728 rush yds, 7 rush TD on 113 att; ~27 rec, 284 yds, 4 TD (approx.)","Auto-match (approx. library): satellite back in committee, per-touch juice. Verify exact line on Sports-Reference.",CFBD_SYNC
5146781,Xavier Gayten,,Mississippi State,SEC,RB,JR,72,205,"Brookhaven, MS",2026,1,,,,,,,,,,3.0,28.0,1.0,9.33,,,,,Josh Jacobs,RB,Alabama,2018,"~640 rush yds, 11 rush TD on 120 att; ~20 rec, 247 yds, 3 TD (approx.)","Auto-match (approx. library): low-volume committee back, high TD efficiency. Verify exact line on Sports-Reference.",CFBD_SYNC
5146781,Xavier Gayten,,Mississippi State,SEC,RB,JR,72,205,"Brookhaven, MS",2025,,,,,,,,,,,29.0,157.0,2.0,5.41,3.0,2.0,0.0,0.67,Josh Jacobs,RB,Alabama,2018,"~640 rush yds, 11 rush TD on 120 att; ~20 rec, 247 yds, 3 TD (approx.)","Auto-match (approx. library): low-volume committee back, high TD efficiency. Verify exact line on Sports-Reference.",CFBD_SYNC
5146781,Xavier Gayten,,Mississippi State,SEC,RB,JR,72,205,"Brookhaven, MS",2024,,,,,,,,,,,8.0,115.0,1.0,14.38,1.0,10.0,0.0,10.0,Josh Jacobs,RB,Alabama,2018,"~640 rush yds, 11 rush TD on 120 att; ~20 rec, 247 yds, 3 TD (approx.)","Auto-match (approx. library): low-volume committee back, high TD efficiency. Verify exact line on Sports-Reference.",CFBD_SYNC
5197065,Ahmad Hardy,,Missouri,SEC,RB,JR,70,210,"Oma, MS",2025,,,,,,,,,,,256.0,1649.0,16.0,6.44,6.0,22.0,0.0,3.67,Kenneth Walker III,RB,Michigan State,2021,"~1636 rush yds, 18 rush TD on 263 att; ~13 rec, 89 yds, 1 TD (approx.)","Auto-match (approx. library): contact-balance runner, minimal receiving usage. Verify exact line on Sports-Reference.",CFBD_SYNC
5081163,Anthony Favrow,,Missouri,SEC,RB,SR,68,198,"San Clemente, CA",2026,1,,,,,,,,,,8.0,30.0,0.0,3.75,1.0,9.0,0.0,9.0,Josh Jacobs,RB,Alabama,2018,"~640 rush yds, 11 rush TD on 120 att; ~20 rec, 247 yds, 3 TD (approx.)","Auto-match (approx. library): low-volume committee back, high TD efficiency. Verify exact line on Sports-Reference.",CFBD_SYNC
5081163,Anthony Favrow,,Missouri,SEC,RB,SR,68,198,"San Clemente, CA",2025,,,,,,,,,,,1.0,4.0,0.0,4.0,,,,,Josh Jacobs,RB,Alabama,2018,"~640 rush yds, 11 rush TD on 120 att; ~20 rec, 247 yds, 3 TD (approx.)","Auto-match (approx. library): low-volume committee back, high TD efficiency. Verify exact line on Sports-Reference.",CFBD_SYNC
5238020,Brendon Haygood,,Missouri,SEC,RB,SO,70,190,"Wylie, TX",2025,,,,,,,,,,,4.0,12.0,0.0,3.0,,,,,Josh Jacobs,RB,Alabama,2018,"~640 rush yds, 11 rush TD on 120 att; ~20 rec, 247 yds, 3 TD (approx.)","Auto-match (approx. library): low-volume committee back, high TD efficiency. Verify exact line on Sports-Reference.",CFBD_SYNC
4921116,Jamal Roberts,,Missouri,SEC,RB,SR,72,216,"Saint Louis, MO",2026,1,,,,,,,,,,13.0,47.0,1.0,3.62,,,,,Josh Jacobs,RB,Alabama,2018,"~640 rush yds, 11 rush TD on 120 att; ~20 rec, 247 yds, 3 TD (approx.)","Auto-match (approx. library): low-volume committee back, high TD efficiency. Verify exact line on Sports-Reference.",CFBD_SYNC
4921116,Jamal Roberts,,Missouri,SEC,RB,SR,72,216,"Saint Louis, MO",2025,,,,,,,,,,,124.0,753.0,6.0,6.07,18.0,141.0,1.0,7.83,Josh Jacobs,RB,Alabama,2018,"~640 rush yds, 11 rush TD on 120 att; ~20 rec, 247 yds, 3 TD (approx.)","Auto-match (approx. library): low-volume committee back, high TD efficiency. Verify exact line on Sports-Reference.",CFBD_SYNC
4921116,Jamal Roberts,,Missouri,SEC,RB,SR,72,216,"Saint Louis, MO",2024,,,,,,,,,,,53.0,216.0,3.0,4.08,5.0,21.0,0.0,4.2,Josh Jacobs,RB,Alabama,2018,"~640 rush yds, 11 rush TD on 120 att; ~20 rec, 247 yds, 3 TD (approx.)","Auto-match (approx. library): low-volume committee back, high TD efficiency. Verify exact line on Sports-Reference.",CFBD_SYNC
4921116,Jamal Roberts,,Missouri,SEC,RB,SR,72,216,"Saint Louis, MO",2023,,,,,,,,,,,1.0,-1.0,0.0,-1.0,,,,,Josh Jacobs,RB,Alabama,2018,"~640 rush yds, 11 rush TD on 120 att; ~20 rec, 247 yds, 3 TD (approx.)","Auto-match (approx. library): low-volume committee back, high TD efficiency. Verify exact line on Sports-Reference.",CFBD_SYNC
5086388,Kewan Lacy,,Missouri,SEC,RB,JR,71,205,"Dallas, TX",2024,,,,,,,,,,,23.0,104.0,0.0,4.52,2.0,9.0,0.0,4.5,Josh Jacobs,RB,Alabama,2018,"~640 rush yds, 11 rush TD on 120 att; ~20 rec, 247 yds, 3 TD (approx.)","Auto-match (approx. library): low-volume committee back, high TD efficiency. Verify exact line on Sports-Reference.",CFBD_SYNC
5225213,Malae Fonoti,,Missouri,SEC,RB,JR,70,209,"Laie, HI",2026,1,,,,,,,,,,3.0,18.0,0.0,6.0,,,,,Josh Jacobs,RB,Alabama,2018,"~640 rush yds, 11 rush TD on 120 att; ~20 rec, 247 yds, 3 TD (approx.)","Auto-match (approx. library): low-volume committee back, high TD efficiency. Verify exact line on Sports-Reference.",CFBD_SYNC
5141420,Marquise Davis,,Missouri,SEC,RB,FR,72,215,"Cleveland, OH",2025,,,,,,,,,,,34.0,200.0,2.0,5.88,,,,,Josh Jacobs,RB,Alabama,2018,"~640 rush yds, 11 rush TD on 120 att; ~20 rec, 247 yds, 3 TD (approx.)","Auto-match (approx. library): low-volume committee back, high TD efficiency. Verify exact line on Sports-Reference.",CFBD_SYNC
5276633,Max Warner,,Missouri,SEC,RB,FR,69,197,"Chicago, IL",2026,1,,,,,,,,,,2.0,7.0,0.0,3.5,,,,,Josh Jacobs,RB,Alabama,2018,"~640 rush yds, 11 rush TD on 120 att; ~20 rec, 247 yds, 3 TD (approx.)","Auto-match (approx. library): low-volume committee back, high TD efficiency. Verify exact line on Sports-Reference.",CFBD_SYNC
5333436,Preston Hatfield,,Missouri,SEC,RB,FR,69,170,"Lee's Summit, MO",2026,1,,,,,,,,,,4.0,34.0,1.0,8.5,,,,,Josh Jacobs,RB,Alabama,2018,"~640 rush yds, 11 rush TD on 120 att; ~20 rec, 247 yds, 3 TD (approx.)","Auto-match (approx. library): low-volume committee back, high TD efficiency. Verify exact line on Sports-Reference.",CFBD_SYNC
4685418,Tavorus Jones,,Missouri,SEC,RB,JR,69,205,"El Paso, TX",2025,,,,,,,,,,,7.0,31.0,1.0,4.43,3.0,26.0,0.0,8.67,Josh Jacobs,RB,Alabama,2018,"~640 rush yds, 11 rush TD on 120 att; ~20 rec, 247 yds, 3 TD (approx.)","Auto-match (approx. library): low-volume committee back, high TD efficiency. Verify exact line on Sports-Reference.",CFBD_SYNC
4685418,Tavorus Jones,,Missouri,SEC,RB,JR,69,205,"El Paso, TX",2024,,,,,,,,,,,13.0,55.0,0.0,4.23,1.0,20.0,0.0,20.0,Josh Jacobs,RB,Alabama,2018,"~640 rush yds, 11 rush TD on 120 att; ~20 rec, 247 yds, 3 TD (approx.)","Auto-match (approx. library): low-volume committee back, high TD efficiency. Verify exact line on Sports-Reference.",CFBD_SYNC
4685418,Tavorus Jones,,Missouri,SEC,RB,JR,69,205,"El Paso, TX",2022,,,,,,,,,,,7.0,25.0,0.0,3.57,2.0,36.0,0.0,18.0,Josh Jacobs,RB,Alabama,2018,"~640 rush yds, 11 rush TD on 120 att; ~20 rec, 247 yds, 3 TD (approx.)","Auto-match (approx. library): low-volume committee back, high TD efficiency. Verify exact line on Sports-Reference.",CFBD_SYNC
5225880,Xai'Shaun Edwards,,Missouri,SEC,RB,JR,69,198,"League City, TX",2026,1,,,,,,,,,,7.0,45.0,0.0,6.43,2.0,14.0,0.0,7.0,Josh Jacobs,RB,Alabama,2018,"~640 rush yds, 11 rush TD on 120 att; ~20 rec, 247 yds, 3 TD (approx.)","Auto-match (approx. library): low-volume committee back, high TD efficiency. Verify exact line on Sports-Reference.",CFBD_SYNC
5147405,Andy Bass,,Oklahoma,SEC,RB,SO,71,210,"Oklahoma City, OK",2026,1,,,,,,,,,,2.0,-8.0,0.0,-4.0,,,,,Josh Jacobs,RB,Alabama,2018,"~640 rush yds, 11 rush TD on 120 att; ~20 rec, 247 yds, 3 TD (approx.)","Auto-match (approx. library): low-volume committee back, high TD efficiency. Verify exact line on Sports-Reference.",CFBD_SYNC
5302489,Ben McCreary,,Oklahoma,SEC,RB,SR,69,215,"San Antonio, TX",2026,1,,,,,,,,,,6.0,40.0,0.0,6.67,,,,,Josh Jacobs,RB,Alabama,2018,"~640 rush yds, 11 rush TD on 120 att; ~20 rec, 247 yds, 3 TD (approx.)","Auto-match (approx. library): low-volume committee back, high TD efficiency. Verify exact line on Sports-Reference.",CFBD_SYNC
5079673,Gabe Sawchuk,,Oklahoma,SEC,RB,SO,70,202,"Littleton, CO",2025,,,,,,,,,,,2.0,21.0,0.0,10.5,,,,,Josh Jacobs,RB,Alabama,2018,"~640 rush yds, 11 rush TD on 120 att; ~20 rec, 247 yds, 3 TD (approx.)","Auto-match (approx. library): low-volume committee back, high TD efficiency. Verify exact line on Sports-Reference.",CFBD_SYNC
4685545,Gavin Sawchuk,,Oklahoma,SEC,RB,SR,72,205,"Littleton, CO",2024,,,,,,,,,,,39.0,128.0,1.0,3.28,8.0,28.0,0.0,3.5,Josh Jacobs,RB,Alabama,2018,"~640 rush yds, 11 rush TD on 120 att; ~20 rec, 247 yds, 3 TD (approx.)","Auto-match (approx. library): low-volume committee back, high TD efficiency. Verify exact line on Sports-Reference.",CFBD_SYNC
5159029,Jonathan Hatton Jr.,,Oklahoma,SEC,RB,FR,73,235,"Cibolo, TX",2026,1,,,,,,,,,,3.0,21.0,0.0,7.0,,,,,Josh Jacobs,RB,Alabama,2018,"~640 rush yds, 11 rush TD on 120 att; ~20 rec, 247 yds, 3 TD (approx.)","Auto-match (approx. library): low-volume committee back, high TD efficiency. Verify exact line on Sports-Reference.",CFBD_SYNC
4685269,Jovantae Barnes,,Oklahoma,SEC,RB,SR,72,211,"Las Vegas, NV",2025,,,,,,,,,,,19.0,45.0,1.0,2.37,1.0,16.0,0.0,16.0,Josh Jacobs,RB,Alabama,2018,"~640 rush yds, 11 rush TD on 120 att; ~20 rec, 247 yds, 3 TD (approx.)","Auto-match (approx. library): low-volume committee back, high TD efficiency. Verify exact line on Sports-Reference.",CFBD_SYNC
4685269,Jovantae Barnes,,Oklahoma,SEC,RB,SR,72,211,"Las Vegas, NV",2024,,,,,,,,,,,122.0,577.0,5.0,4.73,17.0,123.0,1.0,7.24,Josh Jacobs,RB,Alabama,2018,"~640 rush yds, 11 rush TD on 120 att; ~20 rec, 247 yds, 3 TD (approx.)","Auto-match (approx. library): low-volume committee back, high TD efficiency. Verify exact line on Sports-Reference.",CFBD_SYNC
4920135,Kalib Hicks,,Oklahoma,SEC,RB,JR,71,220,"Denton, TX",2024,,,,,,,,,,,2.0,11.0,0.0,5.5,,,,,Josh Jacobs,RB,Alabama,2018,"~640 rush yds, 11 rush TD on 120 att; ~20 rec, 247 yds, 3 TD (approx.)","Auto-match (approx. library): low-volume committee back, high TD efficiency. Verify exact line on Sports-Reference.",CFBD_SYNC
5079298,Lloyd Avant,,Oklahoma,SEC,RB,JR,70,212,"Humble, TX",2026,1,,,,,,,,,,15.0,79.0,1.0,5.27,1.0,6.0,0.0,6.0,Josh Jacobs,RB,Alabama,2018,"~640 rush yds, 11 rush TD on 120 att; ~20 rec, 247 yds, 3 TD (approx.)","Auto-match (approx. library): low-volume committee back, high TD efficiency. Verify exact line on Sports-Reference.",CFBD_SYNC
5141386,Tory Blaylock,,Oklahoma,SEC,RB,SO,71,212,"Humble, TX",2025,,,,,,,,,,,120.0,482.0,4.0,4.02,13.0,77.0,0.0,5.92,Josh Jacobs,RB,Alabama,2018,"~640 rush yds, 11 rush TD on 120 att; ~20 rec, 247 yds, 3 TD (approx.)","Auto-match (approx. library): low-volume committee back, high TD efficiency. Verify exact line on Sports-Reference.",CFBD_SYNC
5122554,Xavier Robinson,,Oklahoma,SEC,RB,JR,72,235,"Yukon, OK",2026,1,,,,,,,,,,7.0,30.0,0.0,4.29,,,,,Josh Jacobs,RB,Alabama,2018,"~640 rush yds, 11 rush TD on 120 att; ~20 rec, 247 yds, 3 TD (approx.)","Auto-match (approx. library): low-volume committee back, high TD efficiency. Verify exact line on Sports-Reference.",CFBD_SYNC
5122554,Xavier Robinson,,Oklahoma,SEC,RB,JR,72,235,"Yukon, OK",2025,,,,,,,,,,,83.0,421.0,4.0,5.07,15.0,106.0,1.0,7.07,Josh Jacobs,RB,Alabama,2018,"~640 rush yds, 11 rush TD on 120 att; ~20 rec, 247 yds, 3 TD (approx.)","Auto-match (approx. library): low-volume committee back, high TD efficiency. Verify exact line on Sports-Reference.",CFBD_SYNC
5122554,Xavier Robinson,,Oklahoma,SEC,RB,JR,72,235,"Yukon, OK",2024,,,,,,,,,,,49.0,233.0,4.0,4.76,13.0,119.0,0.0,9.15,Josh Jacobs,RB,Alabama,2018,"~640 rush yds, 11 rush TD on 120 att; ~20 rec, 247 yds, 3 TD (approx.)","Auto-match (approx. library): low-volume committee back, high TD efficiency. Verify exact line on Sports-Reference.",CFBD_SYNC
5209688,JT Lindsey,,Ole Miss,SEC,RB,FR,71,190,"Alexandria, LA",2026,1,,,,,,,,,,7.0,25.0,0.0,3.57,1.0,4.0,0.0,4.0,Josh Jacobs,RB,Alabama,2018,"~640 rush yds, 11 rush TD on 120 att; ~20 rec, 247 yds, 3 TD (approx.)","Auto-match (approx. library): low-volume committee back, high TD efficiency. Verify exact line on Sports-Reference.",CFBD_SYNC
5086388,Kewan Lacy,,Ole Miss,SEC,RB,JR,71,205,"Dallas, TX",2026,1,,,,,,,,,,17.0,61.0,1.0,3.59,4.0,19.0,0.0,4.75,Josh Jacobs,RB,Alabama,2018,"~640 rush yds, 11 rush TD on 120 att; ~20 rec, 247 yds, 3 TD (approx.)","Auto-match (approx. library): low-volume committee back, high TD efficiency. Verify exact line on Sports-Reference.",CFBD_SYNC
5086388,Kewan Lacy,,Ole Miss,SEC,RB,JR,71,205,"Dallas, TX",2025,,,,,,,,,,,306.0,1567.0,24.0,5.12,29.0,177.0,0.0,6.1,Ezekiel Elliott,RB,Ohio State,2015,"~1821 rush yds, 23 rush TD on 289 att; ~27 rec, 206 yds, 0 TD (approx.)",Auto-match (approx. library): classic feature back behind elite line. Verify exact line on Sports-Reference.,CFBD_SYNC
5084286,Makhi Frazier,,Ole Miss,SEC,RB,JR,70,225,"McKinney, TX",2026,1,,,,,,,,,,7.0,27.0,0.0,3.86,,,,,Josh Jacobs,RB,Alabama,2018,"~640 rush yds, 11 rush TD on 120 att; ~20 rec, 247 yds, 3 TD (approx.)","Auto-match (approx. library): low-volume committee back, high TD efficiency. Verify exact line on Sports-Reference.",CFBD_SYNC
5214395,Shekai Mills-Knight,,Ole Miss,SEC,RB,FR,74,220,"Montreal, PQ",2025,,,,,,,,,,,8.0,25.0,0.0,3.12,,,,,Josh Jacobs,RB,Alabama,2018,"~640 rush yds, 11 rush TD on 120 att; ~20 rec, 247 yds, 3 TD (approx.)","Auto-match (approx. library): low-volume committee back, high TD efficiency. Verify exact line on Sports-Reference.",CFBD_SYNC
5127724,Christian Clark,,South Carolina,SEC,RB,SO,71,216,"Phoenix, AZ",2026,1,,,,,,,,,,5.0,29.0,0.0,5.8,,,,,Josh Jacobs,RB,Alabama,2018,"~640 rush yds, 11 rush TD on 120 att; ~20 rec, 247 yds, 3 TD (approx.)","Auto-match (approx. library): low-volume committee back, high TD efficiency. Verify exact line on Sports-Reference.",CFBD_SYNC
4921292,Isaiah Augustave,,South Carolina,SEC,RB,JR,72,215,"Naples, FL",2026,1,,,,,,,,,,8.0,43.0,1.0,5.38,,,,,Josh Jacobs,RB,Alabama,2018,"~640 rush yds, 11 rush TD on 120 att; ~20 rec, 247 yds, 3 TD (approx.)","Auto-match (approx. library): low-volume committee back, high TD efficiency. Verify exact line on Sports-Reference.",CFBD_SYNC
4921292,Isaiah Augustave,,South Carolina,SEC,RB,JR,72,215,"Naples, FL",2025,,,,,,,,,,,2.0,1.0,0.0,0.5,1.0,16.0,0.0,16.0,Josh Jacobs,RB,Alabama,2018,"~640 rush yds, 11 rush TD on 120 att; ~20 rec, 247 yds, 3 TD (approx.)","Auto-match (approx. library): low-volume committee back, high TD efficiency. Verify exact line on Sports-Reference.",CFBD_SYNC
5141742,Jabree Coleman,,South Carolina,SEC,RB,FR,73,215,"Darby Township, PA",2026,1,,,,,,,,,,4.0,77.0,2.0,19.25,,,,,Josh Jacobs,RB,Alabama,2018,"~640 rush yds, 11 rush TD on 120 att; ~20 rec, 247 yds, 3 TD (approx.)","Auto-match (approx. library): low-volume committee back, high TD efficiency. Verify exact line on Sports-Reference.",CFBD_SYNC
5159232,Jawarn Howell,,South Carolina,SEC,RB,JR,73,222,"Mooresville, NC",2026,1,,,,,,,,,,9.0,62.0,0.0,6.89,,,,,Josh Jacobs,RB,Alabama,2018,"~640 rush yds, 11 rush TD on 120 att; ~20 rec, 247 yds, 3 TD (approx.)","Auto-match (approx. library): low-volume committee back, high TD efficiency. Verify exact line on Sports-Reference.",CFBD_SYNC
5159232,Jawarn Howell,,South Carolina,SEC,RB,JR,73,222,"Mooresville, NC",2025,,,,,,,,,,,14.0,80.0,0.0,5.71,4.0,61.0,0.0,15.25,Josh Jacobs,RB,Alabama,2018,"~640 rush yds, 11 rush TD on 120 att; ~20 rec, 247 yds, 3 TD (approx.)","Auto-match (approx. library): low-volume committee back, high TD efficiency. Verify exact line on Sports-Reference.",CFBD_SYNC
5159232,Jawarn Howell,,South Carolina,SEC,RB,JR,73,222,"Mooresville, NC",2024,,,,,,,,,,,19.0,123.0,2.0,6.47,1.0,5.0,0.0,5.0,Josh Jacobs,RB,Alabama,2018,"~640 rush yds, 11 rush TD on 120 att; ~20 rec, 247 yds, 3 TD (approx.)","Auto-match (approx. library): low-volume committee back, high TD efficiency. Verify exact line on Sports-Reference.",CFBD_SYNC
5145737,Matt Fuller,,South Carolina,SEC,RB,SO,71,221,"Jesup, GA",2026,1,,,,,,,,,,10.0,74.0,1.0,7.4,,,,,Josh Jacobs,RB,Alabama,2018,"~640 rush yds, 11 rush TD on 120 att; ~20 rec, 247 yds, 3 TD (approx.)","Auto-match (approx. library): low-volume committee back, high TD efficiency. Verify exact line on Sports-Reference.",CFBD_SYNC
5145737,Matt Fuller,,South Carolina,SEC,RB,SO,71,221,"Jesup, GA",2025,,,,,,,,,,,72.0,260.0,2.0,3.61,6.0,32.0,0.0,5.33,Josh Jacobs,RB,Alabama,2018,"~640 rush yds, 11 rush TD on 120 att; ~20 rec, 247 yds, 3 TD (approx.)","Auto-match (approx. library): low-volume committee back, high TD efficiency. Verify exact line on Sports-Reference.",CFBD_SYNC
5145737,Matt Fuller,,South Carolina,SEC,RB,SO,71,221,"Jesup, GA",2024,,,,,,,,,,,8.0,25.0,0.0,3.12,,,,,Josh Jacobs,RB,Alabama,2018,"~640 rush yds, 11 rush TD on 120 att; ~20 rec, 247 yds, 3 TD (approx.)","Auto-match (approx. library): low-volume committee back, high TD efficiency. Verify exact line on Sports-Reference.",CFBD_SYNC
5141598,Daune Morris,,Tennessee,SEC,RB,SO,70,200,"Chattanooga, TN",2026,1,,,,,,,,,,5.0,20.0,0.0,4.0,,,,,Josh Jacobs,RB,Alabama,2018,"~640 rush yds, 11 rush TD on 120 att; ~20 rec, 247 yds, 3 TD (approx.)","Auto-match (approx. library): low-volume committee back, high TD efficiency. Verify exact line on Sports-Reference.",CFBD_SYNC
5141598,Daune Morris,,Tennessee,SEC,RB,SO,70,200,"Chattanooga, TN",2025,,,,,,,,,,,35.0,133.0,1.0,3.8,1.0,4.0,0.0,4.0,Josh Jacobs,RB,Alabama,2018,"~640 rush yds, 11 rush TD on 120 att; ~20 rec, 247 yds, 3 TD (approx.)","Auto-match (approx. library): low-volume committee back, high TD efficiency. Verify exact line on Sports-Reference.",CFBD_SYNC
4921108,DeSean Bishop,,Tennessee,SEC,RB,JR,70,215,"Knoxville, TN",2026,1,,,,,,,,,,14.0,97.0,1.0,6.93,,,,,Josh Jacobs,RB,Alabama,2018,"~640 rush yds, 11 rush TD on 120 att; ~20 rec, 247 yds, 3 TD (approx.)","Auto-match (approx. library): low-volume committee back, high TD efficiency. Verify exact line on Sports-Reference.",CFBD_SYNC
4921108,DeSean Bishop,,Tennessee,SEC,RB,JR,70,215,"Knoxville, TN",2025,,,,,,,,,,,182.0,1076.0,16.0,5.91,15.0,135.0,0.0,9.0,Nick Chubb,RB,Georgia,2014,"~1547 rush yds, 14 rush TD on 219 att; ~18 rec, 213 yds, 2 TD (approx.)",Auto-match (approx. library): downhill efficiency as freshman feature back. Verify exact line on Sports-Reference.,CFBD_SYNC
4921108,DeSean Bishop,,Tennessee,SEC,RB,JR,70,215,"Knoxville, TN",2024,,,,,,,,,,,74.0,455.0,3.0,6.15,1.0,10.0,0.0,10.0,Josh Jacobs,RB,Alabama,2018,"~640 rush yds, 11 rush TD on 120 att; ~20 rec, 247 yds, 3 TD (approx.)","Auto-match (approx. library): low-volume committee back, high TD efficiency. Verify exact line on Sports-Reference.",CFBD_SYNC
5081378,Hunter Barnes,,Tennessee,SEC,RB,SR,72,200,"Memphis, TN",2026,1,,,,,,,,,,4.0,12.0,0.0,3.0,,,,,Josh Jacobs,RB,Alabama,2018,"~640 rush yds, 11 rush TD on 120 att; ~20 rec, 247 yds, 3 TD (approx.)","Auto-match (approx. library): low-volume committee back, high TD efficiency. Verify exact line on Sports-Reference.",CFBD_SYNC
5081378,Hunter Barnes,,Tennessee,SEC,RB,SR,72,200,"Memphis, TN",2025,,,,,,,,,,,1.0,2.0,0.0,2.0,,,,,Josh Jacobs,RB,Alabama,2018,"~640 rush yds, 11 rush TD on 120 att; ~20 rec, 247 yds, 3 TD (approx.)","Auto-match (approx. library): low-volume committee back, high TD efficiency. Verify exact line on Sports-Reference.",CFBD_SYNC
5081378,Hunter Barnes,,Tennessee,SEC,RB,SR,72,200,"Memphis, TN",2024,,,,,,,,,,,7.0,38.0,0.0,5.43,,,,,Josh Jacobs,RB,Alabama,2018,"~640 rush yds, 11 rush TD on 120 att; ~20 rec, 247 yds, 3 TD (approx.)","Auto-match (approx. library): low-volume committee back, high TD efficiency. Verify exact line on Sports-Reference.",CFBD_SYNC
5081378,Hunter Barnes,,Tennessee,SEC,RB,SR,72,200,"Memphis, TN",2023,,,,,,,,,,,4.0,17.0,0.0,4.25,,,,,Josh Jacobs,RB,Alabama,2018,"~640 rush yds, 11 rush TD on 120 att; ~20 rec, 247 yds, 3 TD (approx.)","Auto-match (approx. library): low-volume committee back, high TD efficiency. Verify exact line on Sports-Reference.",CFBD_SYNC
5294293,Javin Gordon,,Tennessee,SEC,RB,SO,70,212,"Toccoa, GA",2026,1,,,,,,,,,,10.0,47.0,0.0,4.7,1.0,18.0,0.0,18.0,Josh Jacobs,RB,Alabama,2018,"~640 rush yds, 11 rush TD on 120 att; ~20 rec, 247 yds, 3 TD (approx.)","Auto-match (approx. library): low-volume committee back, high TD efficiency. Verify exact line on Sports-Reference.",CFBD_SYNC
5141361,Justin Baker,,Tennessee,SEC,RB,SO,70,210,"Stone Mountain, GA",2026,1,,,,,,,,,,3.0,89.0,1.0,29.67,,,,,Josh Jacobs,RB,Alabama,2018,"~640 rush yds, 11 rush TD on 120 att; ~20 rec, 247 yds, 3 TD (approx.)","Auto-match (approx. library): low-volume committee back, high TD efficiency. Verify exact line on Sports-Reference.",CFBD_SYNC
5141361,Justin Baker,,Tennessee,SEC,RB,SO,70,210,"Stone Mountain, GA",2025,,,,,,,,,,,14.0,43.0,0.0,3.07,,,,,Josh Jacobs,RB,Alabama,2018,"~640 rush yds, 11 rush TD on 120 att; ~20 rec, 247 yds, 3 TD (approx.)","Auto-match (approx. library): low-volume committee back, high TD efficiency. Verify exact line on Sports-Reference.",CFBD_SYNC
5081363,Justin Williams-Thomas,,Tennessee,SEC,RB,SR,72,220,"Dallas, GA",2022,,,,,,,,,,,11.0,37.0,0.0,3.36,,,,,Josh Jacobs,RB,Alabama,2018,"~640 rush yds, 11 rush TD on 120 att; ~20 rec, 247 yds, 3 TD (approx.)","Auto-match (approx. library): low-volume committee back, high TD efficiency. Verify exact line on Sports-Reference.",CFBD_SYNC
5078917,Khalifa Keith,,Tennessee,SEC,RB,SR,73,232,"Birmingham, AL",2024,,,,,,,,,,,21.0,100.0,1.0,4.76,1.0,8.0,0.0,8.0,Josh Jacobs,RB,Alabama,2018,"~640 rush yds, 11 rush TD on 120 att; ~20 rec, 247 yds, 3 TD (approx.)","Auto-match (approx. library): low-volume committee back, high TD efficiency. Verify exact line on Sports-Reference.",CFBD_SYNC
5078917,Khalifa Keith,,Tennessee,SEC,RB,SR,73,232,"Birmingham, AL",2023,,,,,,,,,,,10.0,21.0,0.0,2.1,,,,,Josh Jacobs,RB,Alabama,2018,"~640 rush yds, 11 rush TD on 120 att; ~20 rec, 247 yds, 3 TD (approx.)","Auto-match (approx. library): low-volume committee back, high TD efficiency. Verify exact line on Sports-Reference.",CFBD_SYNC
5122553,Peyton Lewis,,Tennessee,SEC,RB,JR,73,212,"Salem, VA",2025,,,,,,,,,,,70.0,290.0,7.0,4.14,4.0,42.0,0.0,10.5,Josh Jacobs,RB,Alabama,2018,"~640 rush yds, 11 rush TD on 120 att; ~20 rec, 247 yds, 3 TD (approx.)","Auto-match (approx. library): low-volume committee back, high TD efficiency. Verify exact line on Sports-Reference.",CFBD_SYNC
5122553,Peyton Lewis,,Tennessee,SEC,RB,JR,73,212,"Salem, VA",2024,,,,,,,,,,,64.0,339.0,3.0,5.3,4.0,14.0,0.0,3.5,Josh Jacobs,RB,Alabama,2018,"~640 rush yds, 11 rush TD on 120 att; ~20 rec, 247 yds, 3 TD (approx.)","Auto-match (approx. library): low-volume committee back, high TD efficiency. Verify exact line on Sports-Reference.",CFBD_SYNC
4870609,CJ Baxter,,Texas,SEC,RB,SR,73,230,"Boynton Beach, FL",2025,,,,,,,,,,,54.0,196.0,0.0,3.63,12.0,41.0,1.0,3.42,James Cook,RB,Georgia,2021,"~728 rush yds, 7 rush TD on 113 att; ~27 rec, 284 yds, 4 TD (approx.)","Auto-match (approx. library): satellite back in committee, per-touch juice. Verify exact line on Sports-Reference.",CFBD_SYNC
5127724,Christian Clark,,Texas,SEC,RB,SO,71,216,"Phoenix, AZ",2025,,,,,,,,,,,55.0,236.0,2.0,4.29,4.0,57.0,0.0,14.25,Josh Jacobs,RB,Alabama,2018,"~640 rush yds, 11 rush TD on 120 att; ~20 rec, 247 yds, 3 TD (approx.)","Auto-match (approx. library): low-volume committee back, high TD efficiency. Verify exact line on Sports-Reference.",CFBD_SYNC
5081966,Colin Page,,Texas,SEC,RB,SR,71,215,"Austin, TX",2024,,,,,,,,,,,18.0,99.0,0.0,5.5,,,,,Josh Jacobs,RB,Alabama,2018,"~640 rush yds, 11 rush TD on 120 att; ~20 rec, 247 yds, 3 TD (approx.)","Auto-match (approx. library): low-volume committee back, high TD efficiency. Verify exact line on Sports-Reference.",CFBD_SYNC
5203606,Derrek Cooper,,Texas,SEC,RB,FR,73,212,"Lauderhill, FL",2026,1,,,,,,,,,,2.0,6.0,0.0,3.0,,,,,Josh Jacobs,RB,Alabama,2018,"~640 rush yds, 11 rush TD on 120 att; ~20 rec, 247 yds, 3 TD (approx.)","Auto-match (approx. library): low-volume committee back, high TD efficiency. Verify exact line on Sports-Reference.",CFBD_SYNC
4871053,Hollywood Smothers,,Texas,SEC,RB,JR,71,193,"Charlotte, NC",2026,1,,,,,,,,,,10.0,70.0,0.0,7.0,3.0,28.0,1.0,9.33,Josh Jacobs,RB,Alabama,2018,"~640 rush yds, 11 rush TD on 120 att; ~20 rec, 247 yds, 3 TD (approx.)","Auto-match (approx. library): low-volume committee back, high TD efficiency. Verify exact line on Sports-Reference.",CFBD_SYNC
5141686,James Simon,,Texas,SEC,RB,FR,71,208,"Shreveport, LA",2026,1,,,,,,,,,,3.0,19.0,1.0,6.33,,,,,Josh Jacobs,RB,Alabama,2018,"~640 rush yds, 11 rush TD on 120 att; ~20 rec, 247 yds, 3 TD (approx.)","Auto-match (approx. library): low-volume committee back, high TD efficiency. Verify exact line on Sports-Reference.",CFBD_SYNC
5141686,James Simon,,Texas,SEC,RB,FR,71,208,"Shreveport, LA",2025,,,,,,,,,,,29.0,122.0,0.0,4.21,3.0,1.0,0.0,0.33,Josh Jacobs,RB,Alabama,2018,"~640 rush yds, 11 rush TD on 120 att; ~20 rec, 247 yds, 3 TD (approx.)","Auto-match (approx. library): low-volume committee back, high TD efficiency. Verify exact line on Sports-Reference.",CFBD_SYNC
5079410,Jerrick Gibson,,Texas,SEC,RB,SO,70,215,"Gainesville, FL",2025,,,,,,,,,,,37.0,152.0,1.0,4.11,,,,,Josh Jacobs,RB,Alabama,2018,"~640 rush yds, 11 rush TD on 120 att; ~20 rec, 247 yds, 3 TD (approx.)","Auto-match (approx. library): low-volume committee back, high TD efficiency. Verify exact line on Sports-Reference.",CFBD_SYNC
5079410,Jerrick Gibson,,Texas,SEC,RB,SO,70,215,"Gainesville, FL",2024,,,,,,,,,,,78.0,377.0,4.0,4.83,3.0,25.0,0.0,8.33,Josh Jacobs,RB,Alabama,2018,"~640 rush yds, 11 rush TD on 120 att; ~20 rec, 247 yds, 3 TD (approx.)","Auto-match (approx. library): low-volume committee back, high TD efficiency. Verify exact line on Sports-Reference.",CFBD_SYNC
5141729,Michael Terry III,,Texas,SEC,RB,FR,75,229,"San Antonio, TX",2026,1,,,,,,,,,,3.0,8.0,0.0,2.67,,,,,Josh Jacobs,RB,Alabama,2018,"~640 rush yds, 11 rush TD on 120 att; ~20 rec, 247 yds, 3 TD (approx.)","Auto-match (approx. library): low-volume committee back, high TD efficiency. Verify exact line on Sports-Reference.",CFBD_SYNC
5141729,Michael Terry III,,Texas,SEC,RB,FR,75,229,"San Antonio, TX",2025,,,,,,,,,,,1.0,0.0,0.0,0.0,,,,,Josh Jacobs,RB,Alabama,2018,"~640 rush yds, 11 rush TD on 120 att; ~20 rec, 247 yds, 3 TD (approx.)","Auto-match (approx. library): low-volume committee back, high TD efficiency. Verify exact line on Sports-Reference.",CFBD_SYNC
4871076,Quintrevion Wisner,,Texas,SEC,RB,SR,72,203,"Mexia, TX",2025,,,,,,,,,,,131.0,597.0,3.0,4.56,22.0,146.0,1.0,6.64,James Cook,RB,Georgia,2021,"~728 rush yds, 7 rush TD on 113 att; ~27 rec, 284 yds, 4 TD (approx.)","Auto-match (approx. library): satellite back in committee, per-touch juice. Verify exact line on Sports-Reference.",CFBD_SYNC
4871076,Quintrevion Wisner,,Texas,SEC,RB,SR,72,203,"Mexia, TX",2024,,,,,,,,,,,226.0,1064.0,5.0,4.71,44.0,311.0,1.0,7.07,De'Von Achane,RB,Texas A&M,2022,"~1102 rush yds, 8 rush TD on 196 att; ~36 rec, 383 yds, 3 TD (approx.)","Auto-match (approx. library): speed back, moderate volume, pass-game usage. Verify exact line on Sports-Reference.",CFBD_SYNC
4685268,Raleek Brown,,Texas,SEC,RB,SR,69,193,"Stockton, CA",2026,1,,,,,,,,,,11.0,34.0,2.0,3.09,1.0,11.0,0.0,11.0,Josh Jacobs,RB,Alabama,2018,"~640 rush yds, 11 rush TD on 120 att; ~20 rec, 247 yds, 3 TD (approx.)","Auto-match (approx. library): low-volume committee back, high TD efficiency. Verify exact line on Sports-Reference.",CFBD_SYNC
4899367,Ryan Niblett,,Texas,SEC,RB,JR,70,189,"Houston, TX",2026,1,,,,,,,,,,2.0,10.0,0.0,5.0,,,,,Josh Jacobs,RB,Alabama,2018,"~640 rush yds, 11 rush TD on 120 att; ~20 rec, 247 yds, 3 TD (approx.)","Auto-match (approx. library): low-volume committee back, high TD efficiency. Verify exact line on Sports-Reference.",CFBD_SYNC
4899367,Ryan Niblett,,Texas,SEC,RB,JR,70,189,"Houston, TX",2025,,,,,,,,,,,5.0,15.0,0.0,3.0,8.0,60.0,0.0,7.5,Josh Jacobs,RB,Alabama,2018,"~640 rush yds, 11 rush TD on 120 att; ~20 rec, 247 yds, 3 TD (approx.)","Auto-match (approx. library): low-volume committee back, high TD efficiency. Verify exact line on Sports-Reference.",CFBD_SYNC
4899367,Ryan Niblett,,Texas,SEC,RB,JR,70,189,"Houston, TX",2024,,,,,,,,,,,8.0,23.0,1.0,2.88,3.0,24.0,0.0,8.0,Josh Jacobs,RB,Alabama,2018,"~640 rush yds, 11 rush TD on 120 att; ~20 rec, 247 yds, 3 TD (approx.)","Auto-match (approx. library): low-volume committee back, high TD efficiency. Verify exact line on Sports-Reference.",CFBD_SYNC
5199850,Carsyn Baker,,Texas A&M,SEC,RB,FR,72,210,"Fairburn, GA",2026,1,,,,,,,,,,7.0,52.0,1.0,7.43,,,,,Josh Jacobs,RB,Alabama,2018,"~640 rush yds, 11 rush TD on 120 att; ~20 rec, 247 yds, 3 TD (approx.)","Auto-match (approx. library): low-volume committee back, high TD efficiency. Verify exact line on Sports-Reference.",CFBD_SYNC
5141561,Jamarion Morrow,,Texas A&M,SEC,RB,SO,69,200,"Memphis, TN",2026,1,,,,,,,,,,8.0,29.0,1.0,3.62,2.0,18.0,0.0,9.0,Josh Jacobs,RB,Alabama,2018,"~640 rush yds, 11 rush TD on 120 att; ~20 rec, 247 yds, 3 TD (approx.)","Auto-match (approx. library): low-volume committee back, high TD efficiency. Verify exact line on Sports-Reference.",CFBD_SYNC
5141561,Jamarion Morrow,,Texas A&M,SEC,RB,SO,69,200,"Memphis, TN",2025,,,,,,,,,,,43.0,182.0,1.0,4.23,6.0,80.0,2.0,13.33,Josh Jacobs,RB,Alabama,2018,"~640 rush yds, 11 rush TD on 120 att; ~20 rec, 247 yds, 3 TD (approx.)","Auto-match (approx. library): low-volume committee back, high TD efficiency. Verify exact line on Sports-Reference.",CFBD_SYNC
5158975,KJ Edwards,,Texas A&M,SEC,RB,FR,70,197,"Carthage, TX",2026,1,,,,,,,,,,5.0,44.0,0.0,8.8,1.0,2.0,0.0,2.0,Josh Jacobs,RB,Alabama,2018,"~640 rush yds, 11 rush TD on 120 att; ~20 rec, 247 yds, 3 TD (approx.)","Auto-match (approx. library): low-volume committee back, high TD efficiency. Verify exact line on Sports-Reference.",CFBD_SYNC
5228130,Ramarian Tillman,,Texas A&M,SEC,RB,JR,70,217,"Rockford, IL",2025,,,,,,,,,,,1.0,2.0,0.0,2.0,,,,,Josh Jacobs,RB,Alabama,2018,"~640 rush yds, 11 rush TD on 120 att; ~20 rec, 247 yds, 3 TD (approx.)","Auto-match (approx. library): low-volume committee back, high TD efficiency. Verify exact line on Sports-Reference.",CFBD_SYNC
4870934,Rueben Owens II,,Texas A&M,SEC,RB,SR,71,215,"El Campo, TX",2026,1,,,,,,,,,,17.0,77.0,0.0,4.53,2.0,25.0,0.0,12.5,Josh Jacobs,RB,Alabama,2018,"~640 rush yds, 11 rush TD on 120 att; ~20 rec, 247 yds, 3 TD (approx.)","Auto-match (approx. library): low-volume committee back, high TD efficiency. Verify exact line on Sports-Reference.",CFBD_SYNC
4870934,Rueben Owens II,,Texas A&M,SEC,RB,SR,71,215,"El Campo, TX",2025,,,,,,,,,,,119.0,639.0,5.0,5.37,13.0,130.0,0.0,10.0,Josh Jacobs,RB,Alabama,2018,"~640 rush yds, 11 rush TD on 120 att; ~20 rec, 247 yds, 3 TD (approx.)","Auto-match (approx. library): low-volume committee back, high TD efficiency. Verify exact line on Sports-Reference.",CFBD_SYNC
4870934,Rueben Owens II,,Texas A&M,SEC,RB,SR,71,215,"El Campo, TX",2024,,,,,,,,,,,16.0,66.0,0.0,4.12,1.0,6.0,0.0,6.0,Josh Jacobs,RB,Alabama,2018,"~640 rush yds, 11 rush TD on 120 att; ~20 rec, 247 yds, 3 TD (approx.)","Auto-match (approx. library): low-volume committee back, high TD efficiency. Verify exact line on Sports-Reference.",CFBD_SYNC
4870934,Rueben Owens II,,Texas A&M,SEC,RB,SR,71,215,"El Campo, TX",2023,,,,,,,,,,,101.0,385.0,3.0,3.81,12.0,109.0,0.0,9.08,Josh Jacobs,RB,Alabama,2018,"~640 rush yds, 11 rush TD on 120 att; ~20 rec, 247 yds, 3 TD (approx.)","Auto-match (approx. library): low-volume committee back, high TD efficiency. Verify exact line on Sports-Reference.",CFBD_SYNC
5296720,Tiger Riden Jr.,,Texas A&M,SEC,RB,SO,70,219,"Desoto, TX",2025,,,,,,,,,,,11.0,45.0,1.0,4.09,,,,,Josh Jacobs,RB,Alabama,2018,"~640 rush yds, 11 rush TD on 120 att; ~20 rec, 247 yds, 3 TD (approx.)","Auto-match (approx. library): low-volume committee back, high TD efficiency. Verify exact line on Sports-Reference.",CFBD_SYNC
4917981,AJ Newberry,,Vanderbilt,SEC,RB,SR,73,200,"Grand Prairie, TX",2025,,,,,,,,,,,18.0,57.0,3.0,3.17,2.0,18.0,0.0,9.0,Josh Jacobs,RB,Alabama,2018,"~640 rush yds, 11 rush TD on 120 att; ~20 rec, 247 yds, 3 TD (approx.)","Auto-match (approx. library): low-volume committee back, high TD efficiency. Verify exact line on Sports-Reference.",CFBD_SYNC
4917981,AJ Newberry,,Vanderbilt,SEC,RB,SR,73,200,"Grand Prairie, TX",2024,,,,,,,,,,,41.0,185.0,3.0,4.51,7.0,134.0,2.0,19.14,Josh Jacobs,RB,Alabama,2018,"~640 rush yds, 11 rush TD on 120 att; ~20 rec, 247 yds, 3 TD (approx.)","Auto-match (approx. library): low-volume committee back, high TD efficiency. Verify exact line on Sports-Reference.",CFBD_SYNC
4917981,AJ Newberry,,Vanderbilt,SEC,RB,SR,73,200,"Grand Prairie, TX",2023,,,,,,,,,,,20.0,96.0,0.0,4.8,,,,,Josh Jacobs,RB,Alabama,2018,"~640 rush yds, 11 rush TD on 120 att; ~20 rec, 247 yds, 3 TD (approx.)","Auto-match (approx. library): low-volume committee back, high TD efficiency. Verify exact line on Sports-Reference.",CFBD_SYNC
5215150,Gabe Fields,,Vanderbilt,SEC,RB,SO,72,217,"Saint Joseph, MO",2025,,,,,,,,,,,5.0,8.0,0.0,1.6,,,,,Josh Jacobs,RB,Alabama,2018,"~640 rush yds, 11 rush TD on 120 att; ~20 rec, 247 yds, 3 TD (approx.)","Auto-match (approx. library): low-volume committee back, high TD efficiency. Verify exact line on Sports-Reference.",CFBD_SYNC
5218655,Jamezell Lassiter,,Vanderbilt,SEC,RB,JR,68,192,"Providence, RI",2026,1,,,,,,,,,,5.0,33.0,0.0,6.6,,,,,Josh Jacobs,RB,Alabama,2018,"~640 rush yds, 11 rush TD on 120 att; ~20 rec, 247 yds, 3 TD (approx.)","Auto-match (approx. library): low-volume committee back, high TD efficiency. Verify exact line on Sports-Reference.",CFBD_SYNC
5218655,Jamezell Lassiter,,Vanderbilt,SEC,RB,JR,68,192,"Providence, RI",2025,,,,,,,,,,,9.0,143.0,2.0,15.89,4.0,57.0,0.0,14.25,Josh Jacobs,RB,Alabama,2018,"~640 rush yds, 11 rush TD on 120 att; ~20 rec, 247 yds, 3 TD (approx.)","Auto-match (approx. library): low-volume committee back, high TD efficiency. Verify exact line on Sports-Reference.",CFBD_SYNC
4912302,Makhilyn Young,,Vanderbilt,SEC,RB,SR,70,210,"Midland, TX",2026,1,,,,,,,,,,8.0,24.0,0.0,3.0,1.0,14.0,0.0,14.0,Josh Jacobs,RB,Alabama,2018,"~640 rush yds, 11 rush TD on 120 att; ~20 rec, 247 yds, 3 TD (approx.)","Auto-match (approx. library): low-volume committee back, high TD efficiency. Verify exact line on Sports-Reference.",CFBD_SYNC
4912302,Makhilyn Young,,Vanderbilt,SEC,RB,SR,70,210,"Midland, TX",2025,,,,,,,,,,,45.0,411.0,6.0,9.13,14.0,133.0,0.0,9.5,Josh Jacobs,RB,Alabama,2018,"~640 rush yds, 11 rush TD on 120 att; ~20 rec, 247 yds, 3 TD (approx.)","Auto-match (approx. library): low-volume committee back, high TD efficiency. Verify exact line on Sports-Reference.",CFBD_SYNC
4868300,Nate Johnson,,Vanderbilt,SEC,RB,SR,73,200,"Clovis, CA",2024,,,3.0,1.0,33.3,12.0,0.0,0.0,4.0,66.9,11.0,114.0,1.0,10.36,1.0,1.0,0.0,1.0,Josh Jacobs,RB,Alabama,2018,"~640 rush yds, 11 rush TD on 120 att; ~20 rec, 247 yds, 3 TD (approx.)","Auto-match (approx. library): low-volume committee back, high TD efficiency. Verify exact line on Sports-Reference.",CFBD_SYNC
5030333,Sedrick Alexander,,Vanderbilt,SEC,RB,SR,69,207,"Austin, TX",2026,1,,,,,,,,,,10.0,60.0,1.0,6.0,1.0,4.0,0.0,4.0,Josh Jacobs,RB,Alabama,2018,"~640 rush yds, 11 rush TD on 120 att; ~20 rec, 247 yds, 3 TD (approx.)","Auto-match (approx. library): low-volume committee back, high TD efficiency. Verify exact line on Sports-Reference.",CFBD_SYNC
5030333,Sedrick Alexander,,Vanderbilt,SEC,RB,SR,69,207,"Austin, TX",2025,,,,,,,,,,,106.0,570.0,11.0,5.38,19.0,200.0,4.0,10.53,Josh Jacobs,RB,Alabama,2018,"~640 rush yds, 11 rush TD on 120 att; ~20 rec, 247 yds, 3 TD (approx.)","Auto-match (approx. library): low-volume committee back, high TD efficiency. Verify exact line on Sports-Reference.",CFBD_SYNC
5030333,Sedrick Alexander,,Vanderbilt,SEC,RB,SR,69,207,"Austin, TX",2024,,,,,,,,,,,164.0,586.0,6.0,3.57,23.0,238.0,1.0,10.35,James Cook,RB,Georgia,2021,"~728 rush yds, 7 rush TD on 113 att; ~27 rec, 284 yds, 4 TD (approx.)","Auto-match (approx. library): satellite back in committee, per-touch juice. Verify exact line on Sports-Reference.",CFBD_SYNC
5030333,Sedrick Alexander,,Vanderbilt,SEC,RB,SR,69,207,"Austin, TX",2023,,,,,,,,,,,96.0,370.0,4.0,3.85,18.0,133.0,0.0,7.39,James Cook,RB,Georgia,2021,"~728 rush yds, 7 rush TD on 113 att; ~27 rec, 284 yds, 4 TD (approx.)","Auto-match (approx. library): satellite back in committee, per-touch juice. Verify exact line on Sports-Reference.",CFBD_SYNC
5214566,Dawson Pough,,Boston College,ACC,WR,SO,72,205,"Leesburg, VA",2025,,,,,,,,,,,,,,,13.0,197.0,1.0,15.15,DK Metcalf,WR,Ole Miss,2018,"~26 rec, 569 yds, 5 TD (approx.)","Auto-match (approx. library): injury-shortened season, elite per-catch traits. Verify exact line on Sports-Reference.",CFBD_SYNC
5151897,Jackson Wade,,Boston College,ACC,WR,JR,72,180,"Dallas, GA",2026,1,,,,,,,,,,,,,,1.0,1.0,0.0,1.0,DK Metcalf,WR,Ole Miss,2018,"~26 rec, 569 yds, 5 TD (approx.)","Auto-match (approx. library): injury-shortened season, elite per-catch traits. Verify exact line on Sports-Reference.",CFBD_SYNC
4871001,Jaedn Skeete,,Boston College,ACC,WR,JR,74,200,"Hyde Park, MA",2026,1,,,,,,,,,,,,,,1.0,8.0,0.0,8.0,DK Metcalf,WR,Ole Miss,2018,"~26 rec, 569 yds, 5 TD (approx.)","Auto-match (approx. library): injury-shortened season, elite per-catch traits. Verify exact line on Sports-Reference.",CFBD_SYNC
4871001,Jaedn Skeete,,Boston College,ACC,WR,JR,74,200,"Hyde Park, MA",2025,,,,,,,,,,,,,,,13.0,140.0,3.0,10.77,DK Metcalf,WR,Ole Miss,2018,"~26 rec, 569 yds, 5 TD (approx.)","Auto-match (approx. library): injury-shortened season, elite per-catch traits. Verify exact line on Sports-Reference.",CFBD_SYNC
4871001,Jaedn Skeete,,Boston College,ACC,WR,JR,74,200,"Hyde Park, MA",2024,,,,,,,,,,,,,,,18.0,189.0,1.0,10.5,Jaylen Waddle,WR,Alabama,2020,"~28 rec, 591 yds, 4 TD (approx.)","Auto-match (approx. library): injury-shortened season, explosive per-touch profile. Verify exact line on Sports-Reference.",CFBD_SYNC
4871001,Jaedn Skeete,,Boston College,ACC,WR,JR,74,200,"Hyde Park, MA",2023,,,,,,,,,,,,,,,12.0,157.0,1.0,13.08,DK Metcalf,WR,Ole Miss,2018,"~26 rec, 569 yds, 5 TD (approx.)","Auto-match (approx. library): injury-shortened season, elite per-catch traits. Verify exact line on Sports-Reference.",CFBD_SYNC
5146747,Javarius Green,,Boston College,ACC,WR,SO,70,205,"Shelby, NC",2026,1,,,,,,,,,,,,,,6.0,74.0,0.0,12.33,DK Metcalf,WR,Ole Miss,2018,"~26 rec, 569 yds, 5 TD (approx.)","Auto-match (approx. library): injury-shortened season, elite per-catch traits. Verify exact line on Sports-Reference.",CFBD_SYNC
4883774,Jayden McGowan,,Boston College,ACC,WR,SR,67,187,"Laurens, SC",2024,,,,,,,,,,,2.0,13.0,0.0,6.5,2.0,0.0,0.0,0.0,DK Metcalf,WR,Ole Miss,2018,"~26 rec, 569 yds, 5 TD (approx.)","Auto-match (approx. library): injury-shortened season, elite per-catch traits. Verify exact line on Sports-Reference.",CFBD_SYNC
5222689,Johnathan Montague Jr.,,Boston College,ACC,WR,SO,74,210,"Zebulon, NC",2026,1,,,,,,,,,,,,,,2.0,55.0,1.0,27.5,DK Metcalf,WR,Ole Miss,2018,"~26 rec, 569 yds, 5 TD (approx.)","Auto-match (approx. library): injury-shortened season, elite per-catch traits. Verify exact line on Sports-Reference.",CFBD_SYNC
5222689,Johnathan Montague Jr.,,Boston College,ACC,WR,SO,74,210,"Zebulon, NC",2024,,,,,,,,,,,3.0,32.0,1.0,10.67,5.0,26.0,0.0,5.2,DK Metcalf,WR,Ole Miss,2018,"~26 rec, 569 yds, 5 TD (approx.)","Auto-match (approx. library): injury-shortened season, elite per-catch traits. Verify exact line on Sports-Reference.",CFBD_SYNC
4700147,Joseph Griffin Jr.,,Boston College,ACC,WR,SR,76,210,"Springfield, MA",2023,,,,,,,,,,,,,,,19.0,283.0,0.0,14.89,Jaylen Waddle,WR,Alabama,2020,"~28 rec, 591 yds, 4 TD (approx.)","Auto-match (approx. library): injury-shortened season, explosive per-touch profile. Verify exact line on Sports-Reference.",CFBD_SYNC
4700147,Joseph Griffin Jr.,,Boston College,ACC,WR,SR,76,210,"Springfield, MA",2022,,,,,,,,,,,,,,,18.0,234.0,5.0,13.0,DK Metcalf,WR,Ole Miss,2018,"~26 rec, 569 yds, 5 TD (approx.)","Auto-match (approx. library): injury-shortened season, elite per-catch traits. Verify exact line on Sports-Reference.",CFBD_SYNC
5203610,Nedrick Boldin Jr.,,Boston College,ACC,WR,FR,71,185,"Pahokee, FL",2026,1,,,,,,,,,,,,,,1.0,8.0,0.0,8.0,DK Metcalf,WR,Ole Miss,2018,"~26 rec, 569 yds, 5 TD (approx.)","Auto-match (approx. library): injury-shortened season, elite per-catch traits. Verify exact line on Sports-Reference.",CFBD_SYNC
5031157,Reed Harris,,Boston College,ACC,WR,SR,77,220,"Great Falls, MT",2025,,,,,,,,,,,1.0,-4.0,0.0,-4.0,39.0,673.0,5.0,17.26,Jaylen Waddle,WR,Alabama,2020,"~28 rec, 591 yds, 4 TD (approx.)","Auto-match (approx. library): injury-shortened season, explosive per-touch profile. Verify exact line on Sports-Reference.",CFBD_SYNC
5031157,Reed Harris,,Boston College,ACC,WR,SR,77,220,"Great Falls, MT",2024,,,,,,,,,,,0.0,22.0,0.0,,17.0,486.0,4.0,28.59,DK Metcalf,WR,Ole Miss,2018,"~26 rec, 569 yds, 5 TD (approx.)","Auto-match (approx. library): injury-shortened season, elite per-catch traits. Verify exact line on Sports-Reference.",CFBD_SYNC
5031157,Reed Harris,,Boston College,ACC,WR,SR,77,220,"Great Falls, MT",2023,,,,,,,,,,,,,,,1.0,2.0,0.0,2.0,DK Metcalf,WR,Ole Miss,2018,"~26 rec, 569 yds, 5 TD (approx.)","Auto-match (approx. library): injury-shortened season, elite per-catch traits. Verify exact line on Sports-Reference.",CFBD_SYNC
5086051,VJ Wilkins,,Boston College,ACC,WR,SR,69,185,"Pfafftown, NC",2025,,,,,,,,,,,,,,,4.0,113.0,0.0,28.25,DK Metcalf,WR,Ole Miss,2018,"~26 rec, 569 yds, 5 TD (approx.)","Auto-match (approx. library): injury-shortened season, elite per-catch traits. Verify exact line on Sports-Reference.",CFBD_SYNC
4921110,Chase Hendricks,,California,ACC,WR,SR,72,195,"St. Louis, MO",2026,1,,,,,,,,,,,,,,6.0,66.0,1.0,11.0,DK Metcalf,WR,Ole Miss,2018,"~26 rec, 569 yds, 5 TD (approx.)","Auto-match (approx. library): injury-shortened season, elite per-catch traits. Verify exact line on Sports-Reference.",CFBD_SYNC
5082662,Cole Boscia,,California,ACC,WR,SR,75,215,"Danville, CA",2025,,,,,,,,,,,,,,,7.0,85.0,1.0,12.14,DK Metcalf,WR,Ole Miss,2018,"~26 rec, 569 yds, 5 TD (approx.)","Auto-match (approx. library): injury-shortened season, elite per-catch traits. Verify exact line on Sports-Reference.",CFBD_SYNC
5141597,Cooper Perry,,California,ACC,WR,SO,73,200,"Scottsdale, AZ",2026,1,,,,,,,,,,,,,,1.0,19.0,0.0,19.0,DK Metcalf,WR,Ole Miss,2018,"~26 rec, 569 yds, 5 TD (approx.)","Auto-match (approx. library): injury-shortened season, elite per-catch traits. Verify exact line on Sports-Reference.",CFBD_SYNC
5075390,Ian Strong,,California,ACC,WR,SR,76,215,"Coram, NY",2026,1,,,,,,,,,,,,,,5.0,94.0,0.0,18.8,DK Metcalf,WR,Ole Miss,2018,"~26 rec, 569 yds, 5 TD (approx.)","Auto-match (approx. library): injury-shortened season, elite per-catch traits. Verify exact line on Sports-Reference.",CFBD_SYNC
4703030,Jaiven Plummer,,California,ACC,WR,SR,75,210,"Dallas, TX",2025,,,,,,,,,,,,,,,2.0,86.0,1.0,43.0,DK Metcalf,WR,Ole Miss,2018,"~26 rec, 569 yds, 5 TD (approx.)","Auto-match (approx. library): injury-shortened season, elite per-catch traits. Verify exact line on Sports-Reference.",CFBD_SYNC
4899704,Jordan King,,California,ACC,WR,SR,74,215,"Portland, OR",2026,1,,,,,,,,,,,,,,1.0,2.0,0.0,2.0,DK Metcalf,WR,Ole Miss,2018,"~26 rec, 569 yds, 5 TD (approx.)","Auto-match (approx. library): injury-shortened season, elite per-catch traits. Verify exact line on Sports-Reference.",CFBD_SYNC
4899704,Jordan King,,California,ACC,WR,SR,74,215,"Portland, OR",2025,,,,,,,,,,,,,,,22.0,267.0,2.0,12.14,Jaylen Waddle,WR,Alabama,2020,"~28 rec, 591 yds, 4 TD (approx.)","Auto-match (approx. library): injury-shortened season, explosive per-touch profile. Verify exact line on Sports-Reference.",CFBD_SYNC
4899704,Jordan King,,California,ACC,WR,SR,74,215,"Portland, OR",2024,,,,,,,,,,,,,,,4.0,50.0,0.0,12.5,DK Metcalf,WR,Ole Miss,2018,"~26 rec, 569 yds, 5 TD (approx.)","Auto-match (approx. library): injury-shortened season, elite per-catch traits. Verify exact line on Sports-Reference.",CFBD_SYNC
5108225,Josiah Martin,,California,ACC,WR,JR,71,173,"Corinth, TX",2024,,,,,,,,,,,5.0,44.0,1.0,8.8,12.0,112.0,0.0,9.33,Jaylen Waddle,WR,Alabama,2020,"~28 rec, 591 yds, 4 TD (approx.)","Auto-match (approx. library): injury-shortened season, explosive per-touch profile. Verify exact line on Sports-Reference.",CFBD_SYNC
4688541,Kyion Grayes,,California,ACC,WR,JR,72,190,"Chandler, AZ",2025,,,,,,,,,,,,,,,1.0,10.0,0.0,10.0,DK Metcalf,WR,Ole Miss,2018,"~26 rec, 569 yds, 5 TD (approx.)","Auto-match (approx. library): injury-shortened season, elite per-catch traits. Verify exact line on Sports-Reference.",CFBD_SYNC
4688541,Kyion Grayes,,California,ACC,WR,JR,72,190,"Chandler, AZ",2024,,,,,,,,,,,,,,,2.0,22.0,0.0,11.0,DK Metcalf,WR,Ole Miss,2018,"~26 rec, 569 yds, 5 TD (approx.)","Auto-match (approx. library): injury-shortened season, elite per-catch traits. Verify exact line on Sports-Reference.",CFBD_SYNC
5165117,Mark Hamper,,California,ACC,WR,JR,74,205,"West Linn, OR",2025,,,,,,,,,,,,,,,17.0,202.0,0.0,11.88,Jaylen Waddle,WR,Alabama,2020,"~28 rec, 591 yds, 4 TD (approx.)","Auto-match (approx. library): injury-shortened season, explosive per-touch profile. Verify exact line on Sports-Reference.",CFBD_SYNC
4921306,Mikey Matthews,,California,ACC,WR,SR,68,182,"Irvine, CA",2024,,,1.0,0.0,0.0,0.0,0.0,0.0,0.0,0.0,7.0,29.0,0.0,4.14,34.0,292.0,1.0,8.59,Jaylen Waddle,WR,Alabama,2020,"~28 rec, 591 yds, 4 TD (approx.)","Auto-match (approx. library): injury-shortened season, explosive per-touch profile. Verify exact line on Sports-Reference.",CFBD_SYNC
5078312,Nyziah Hunter,,California,ACC,WR,JR,73,205,"Salinas, CA",2024,,,,,,,,,,,1.0,6.0,0.0,6.0,40.0,578.0,5.0,14.45,Jaylen Waddle,WR,Alabama,2020,"~28 rec, 591 yds, 4 TD (approx.)","Auto-match (approx. library): injury-shortened season, explosive per-touch profile. Verify exact line on Sports-Reference.",CFBD_SYNC
4705557,QuaRon Adams,,California,ACC,WR,SR,67,165,"Phoenix, AZ",2025,,,,,,,,,,,4.0,17.0,0.0,4.25,20.0,273.0,1.0,13.65,Jaylen Waddle,WR,Alabama,2020,"~28 rec, 591 yds, 4 TD (approx.)","Auto-match (approx. library): injury-shortened season, explosive per-touch profile. Verify exact line on Sports-Reference.",CFBD_SYNC
4685476,Tobias Merriweather,,California,ACC,WR,SR,77,200,"Vancouver, WA",2024,,,,,,,,,,,,,,,11.0,125.0,1.0,11.36,DK Metcalf,WR,Ole Miss,2018,"~26 rec, 569 yds, 5 TD (approx.)","Auto-match (approx. library): injury-shortened season, elite per-catch traits. Verify exact line on Sports-Reference.",CFBD_SYNC
5115243,Trevor Rogers,,California,ACC,WR,SO,75,195,"Lafayette, CA",2024,,,,,,,,,,,,,,,1.0,17.0,0.0,17.0,DK Metcalf,WR,Ole Miss,2018,"~26 rec, 569 yds, 5 TD (approx.)","Auto-match (approx. library): injury-shortened season, elite per-catch traits. Verify exact line on Sports-Reference.",CFBD_SYNC
5112674,Bryant Wesco Jr.,,Clemson,ACC,WR,JR,74,195,"Midlothian, TX",2026,1,,,,,,,,,,1.0,-7.0,0.0,-7.0,2.0,29.0,0.0,14.5,DK Metcalf,WR,Ole Miss,2018,"~26 rec, 569 yds, 5 TD (approx.)","Auto-match (approx. library): injury-shortened season, elite per-catch traits. Verify exact line on Sports-Reference.",CFBD_SYNC
5112674,Bryant Wesco Jr.,,Clemson,ACC,WR,JR,74,195,"Midlothian, TX",2025,,,,,,,,,,,1.0,4.0,0.0,4.0,31.0,537.0,6.0,17.32,DK Metcalf,WR,Ole Miss,2018,"~26 rec, 569 yds, 5 TD (approx.)","Auto-match (approx. library): injury-shortened season, elite per-catch traits. Verify exact line on Sports-Reference.",CFBD_SYNC
5112674,Bryant Wesco Jr.,,Clemson,ACC,WR,JR,74,195,"Midlothian, TX",2024,,,,,,,,,,,,,,,41.0,708.0,5.0,17.27,Jaylen Waddle,WR,Alabama,2020,"~28 rec, 591 yds, 4 TD (approx.)","Auto-match (approx. library): injury-shortened season, explosive per-touch profile. Verify exact line on Sports-Reference.",CFBD_SYNC
5218757,Chase Byrd,,Clemson,ACC,WR,JR,70,185,"Greenville, SC",2025,,,,,,,,,,,,,,,2.0,17.0,0.0,8.5,DK Metcalf,WR,Ole Miss,2018,"~26 rec, 569 yds, 5 TD (approx.)","Auto-match (approx. library): injury-shortened season, elite per-catch traits. Verify exact line on Sports-Reference.",CFBD_SYNC
5218756,Clark Sanderson,,Clemson,ACC,WR,JR,69,175,"Birmingham, AL",2025,,,,,,,,,,,,,,,2.0,40.0,0.0,20.0,DK Metcalf,WR,Ole Miss,2018,"~26 rec, 569 yds, 5 TD (approx.)","Auto-match (approx. library): injury-shortened season, elite per-catch traits. Verify exact line on Sports-Reference.",CFBD_SYNC
5081452,Clay Swinney,,Clemson,ACC,WR,SR,70,175,"Clemson, SC",2024,,,,,,,,,,,,,,,1.0,4.0,0.0,4.0,DK Metcalf,WR,Ole Miss,2018,"~26 rec, 569 yds, 5 TD (approx.)","Auto-match (approx. library): injury-shortened season, elite per-catch traits. Verify exact line on Sports-Reference.",CFBD_SYNC
5081452,Clay Swinney,,Clemson,ACC,WR,SR,70,175,"Clemson, SC",2023,,,,,,,,,,,,,,,1.0,24.0,0.0,24.0,DK Metcalf,WR,Ole Miss,2018,"~26 rec, 569 yds, 5 TD (approx.)","Auto-match (approx. library): injury-shortened season, elite per-catch traits. Verify exact line on Sports-Reference.",CFBD_SYNC
4914980,Cole Turner,,Clemson,ACC,WR,SR,73,190,"Vestavia Hills, AL",2025,,,,,,,,,,,1.0,-2.0,0.0,-2.0,16.0,144.0,0.0,9.0,Jaylen Waddle,WR,Alabama,2020,"~28 rec, 591 yds, 4 TD (approx.)","Auto-match (approx. library): injury-shortened season, explosive per-touch profile. Verify exact line on Sports-Reference.",CFBD_SYNC
4914980,Cole Turner,,Clemson,ACC,WR,SR,73,190,"Vestavia Hills, AL",2024,,,,,,,,,,,5.0,56.0,1.0,11.2,16.0,229.0,2.0,14.31,DK Metcalf,WR,Ole Miss,2018,"~26 rec, 569 yds, 5 TD (approx.)","Auto-match (approx. library): injury-shortened season, elite per-catch traits. Verify exact line on Sports-Reference.",CFBD_SYNC
4914980,Cole Turner,,Clemson,ACC,WR,SR,73,190,"Vestavia Hills, AL",2023,,,,,,,,,,,,,,,3.0,28.0,0.0,9.33,DK Metcalf,WR,Ole Miss,2018,"~26 rec, 569 yds, 5 TD (approx.)","Auto-match (approx. library): injury-shortened season, elite per-catch traits. Verify exact line on Sports-Reference.",CFBD_SYNC
4914980,Cole Turner,,Clemson,ACC,WR,SR,73,190,"Vestavia Hills, AL",2022,,,,,,,,,,,,,,,8.0,161.0,0.0,20.12,Jaylen Waddle,WR,Alabama,2020,"~28 rec, 591 yds, 4 TD (approx.)","Auto-match (approx. library): injury-shortened season, explosive per-touch profile. Verify exact line on Sports-Reference.",CFBD_SYNC
5371961,Gordon Sellars III,,Clemson,ACC,WR,FR,75,200,"Charlotte, NC",2026,1,,,,,,,,,,,,,,1.0,4.0,0.0,4.0,DK Metcalf,WR,Ole Miss,2018,"~26 rec, 569 yds, 5 TD (approx.)","Auto-match (approx. library): injury-shortened season, elite per-catch traits. Verify exact line on Sports-Reference.",CFBD_SYNC
5156116,Juju Preston,,Clemson,ACC,WR,SO,72,155,"Alexandria, VA",2026,1,,,,,,,,,,,,,,1.0,25.0,0.0,25.0,DK Metcalf,WR,Ole Miss,2018,"~26 rec, 569 yds, 5 TD (approx.)","Auto-match (approx. library): injury-shortened season, elite per-catch traits. Verify exact line on Sports-Reference.",CFBD_SYNC
5156116,Juju Preston,,Clemson,ACC,WR,SO,72,155,"Alexandria, VA",2025,,,,,,,,,,,,,,,1.0,4.0,0.0,4.0,DK Metcalf,WR,Ole Miss,2018,"~26 rec, 569 yds, 5 TD (approx.)","Auto-match (approx. library): injury-shortened season, elite per-catch traits. Verify exact line on Sports-Reference.",CFBD_SYNC
5158940,Naeem Burroughs,,Clemson,ACC,WR,FR,71,185,"Jacksonville, FL",2026,1,,,,,,,,,,,,,,1.0,1.0,0.0,1.0,DK Metcalf,WR,Ole Miss,2018,"~26 rec, 569 yds, 5 TD (approx.)","Auto-match (approx. library): injury-shortened season, elite per-catch traits. Verify exact line on Sports-Reference.",CFBD_SYNC
4870859,Noble Johnson,,Clemson,ACC,WR,SR,75,210,"Rockwall, TX",2024,,,,,,,,,,,,,,,3.0,16.0,0.0,5.33,DK Metcalf,WR,Ole Miss,2018,"~26 rec, 569 yds, 5 TD (approx.)","Auto-match (approx. library): injury-shortened season, elite per-catch traits. Verify exact line on Sports-Reference.",CFBD_SYNC
5218753,T.J. Moore,,Clemson,ACC,WR,JR,75,200,"Key West, FL",2026,1,,,,,,,,,,,,,,4.0,31.0,0.0,7.75,DK Metcalf,WR,Ole Miss,2018,"~26 rec, 569 yds, 5 TD (approx.)","Auto-match (approx. library): injury-shortened season, elite per-catch traits. Verify exact line on Sports-Reference.",CFBD_SYNC
5218753,T.J. Moore,,Clemson,ACC,WR,JR,75,200,"Key West, FL",2025,,,,,,,,,,,2.0,8.0,0.0,4.0,52.0,837.0,4.0,16.1,Stefon Diggs,WR,Maryland,2014,"~62 rec, 792 yds, 5 TD (approx.)","Auto-match (approx. library): moderate college volume, traits over production. Verify exact line on Sports-Reference.",CFBD_SYNC
5218753,T.J. Moore,,Clemson,ACC,WR,JR,75,200,"Key West, FL",2024,,,,,,,,,,,,,,,45.0,651.0,5.0,14.47,Jaylen Waddle,WR,Alabama,2020,"~28 rec, 591 yds, 4 TD (approx.)","Auto-match (approx. library): injury-shortened season, explosive per-touch profile. Verify exact line on Sports-Reference.",CFBD_SYNC
5225740,Tristan Smith,,Clemson,ACC,WR,SR,77,210,"LaGrange, GA",2026,1,,,,,,,,,,,,,,1.0,6.0,0.0,6.0,DK Metcalf,WR,Ole Miss,2018,"~26 rec, 569 yds, 5 TD (approx.)","Auto-match (approx. library): injury-shortened season, elite per-catch traits. Verify exact line on Sports-Reference.",CFBD_SYNC
5225740,Tristan Smith,,Clemson,ACC,WR,SR,77,210,"LaGrange, GA",2025,,,,,,,,,,,,,,,24.0,239.0,1.0,9.96,Jaylen Waddle,WR,Alabama,2020,"~28 rec, 591 yds, 4 TD (approx.)","Auto-match (approx. library): injury-shortened season, explosive per-touch profile. Verify exact line on Sports-Reference.",CFBD_SYNC
4587722,Troy Stellato,,Clemson,ACC,WR,SR,73,195,"Fort Lauderdale, FL",2024,,,,,,,,,,,1.0,11.0,0.0,11.0,26.0,266.0,1.0,10.23,Jaylen Waddle,WR,Alabama,2020,"~28 rec, 591 yds, 4 TD (approx.)","Auto-match (approx. library): injury-shortened season, explosive per-touch profile. Verify exact line on Sports-Reference.",CFBD_SYNC
4587722,Troy Stellato,,Clemson,ACC,WR,SR,73,195,"Fort Lauderdale, FL",2023,,,,,,,,,,,,,,,39.0,337.0,1.0,8.64,Jaylen Waddle,WR,Alabama,2020,"~28 rec, 591 yds, 4 TD (approx.)","Auto-match (approx. library): injury-shortened season, explosive per-touch profile. Verify exact line on Sports-Reference.",CFBD_SYNC
4587722,Troy Stellato,,Clemson,ACC,WR,SR,73,195,"Fort Lauderdale, FL",2021,,,,,,,,,,,,,,,2.0,15.0,0.0,7.5,DK Metcalf,WR,Ole Miss,2018,"~26 rec, 569 yds, 5 TD (approx.)","Auto-match (approx. library): injury-shortened season, elite per-catch traits. Verify exact line on Sports-Reference.",CFBD_SYNC
4379471,Tyler Brown,,Clemson,ACC,WR,SR,71,185,"Greenville, SC",2026,1,,,,,,,,,,,,,,2.0,11.0,0.0,5.5,DK Metcalf,WR,Ole Miss,2018,"~26 rec, 569 yds, 5 TD (approx.)","Auto-match (approx. library): injury-shortened season, elite per-catch traits. Verify exact line on Sports-Reference.",CFBD_SYNC
4379471,Tyler Brown,,Clemson,ACC,WR,SR,71,185,"Greenville, SC",2025,,,,,,,,,,,6.0,71.0,1.0,11.83,22.0,191.0,0.0,8.68,Jaylen Waddle,WR,Alabama,2020,"~28 rec, 591 yds, 4 TD (approx.)","Auto-match (approx. library): injury-shortened season, explosive per-touch profile. Verify exact line on Sports-Reference.",CFBD_SYNC
4379471,Tyler Brown,,Clemson,ACC,WR,SR,71,185,"Greenville, SC",2024,,,,,,,,,,,1.0,-2.0,0.0,-2.0,5.0,30.0,0.0,6.0,DK Metcalf,WR,Ole Miss,2018,"~26 rec, 569 yds, 5 TD (approx.)","Auto-match (approx. library): injury-shortened season, elite per-catch traits. Verify exact line on Sports-Reference.",CFBD_SYNC
4379471,Tyler Brown,,Clemson,ACC,WR,SR,71,185,"Greenville, SC",2023,,,,,,,,,,,2.0,41.0,0.0,20.5,52.0,531.0,4.0,10.21,Stefon Diggs,WR,Maryland,2014,"~62 rec, 792 yds, 5 TD (approx.)","Auto-match (approx. library): moderate college volume, traits over production. Verify exact line on Sports-Reference.",CFBD_SYNC
5147203,Chase Tyler,,Duke,ACC,WR,SO,74,200,"Powder Springs, GA",2025,,,,,,,,,,,,,,,4.0,120.0,0.0,30.0,DK Metcalf,WR,Ole Miss,2018,"~26 rec, 569 yds, 5 TD (approx.)","Auto-match (approx. library): injury-shortened season, elite per-catch traits. Verify exact line on Sports-Reference.",CFBD_SYNC
5147203,Chase Tyler,,Duke,ACC,WR,SO,74,200,"Powder Springs, GA",2024,,,,,,,,,,,,,,,1.0,1.0,0.0,1.0,DK Metcalf,WR,Ole Miss,2018,"~26 rec, 569 yds, 5 TD (approx.)","Auto-match (approx. library): injury-shortened season, elite per-catch traits. Verify exact line on Sports-Reference.",CFBD_SYNC
4804878,Cooper Barkate,,Duke,ACC,WR,SR,73,195,"Newport Beach, CA",2025,,,,,,,,,,,,,,,72.0,1106.0,7.0,15.36,Amon-Ra St. Brown,WR,USC,2019,"~77 rec, 1042 yds, 6 TD (approx.)",Auto-match (approx. library): high-catch slot possession profile. Verify exact line on Sports-Reference.,CFBD_SYNC
5079610,Jayden Moore,,Duke,ACC,WR,SO,68,190,"Sykesville, MD",2026,1,,,,,,,,,,,,,,1.0,11.0,0.0,11.0,DK Metcalf,WR,Ole Miss,2018,"~26 rec, 569 yds, 5 TD (approx.)","Auto-match (approx. library): injury-shortened season, elite per-catch traits. Verify exact line on Sports-Reference.",CFBD_SYNC
5079610,Jayden Moore,,Duke,ACC,WR,SO,68,190,"Sykesville, MD",2025,,,,,,,,,,,,,,,7.0,42.0,0.0,6.0,DK Metcalf,WR,Ole Miss,2018,"~26 rec, 569 yds, 5 TD (approx.)","Auto-match (approx. library): injury-shortened season, elite per-catch traits. Verify exact line on Sports-Reference.",CFBD_SYNC
4879192,Jonah Burton,,Duke,ACC,WR,SR,71,210,"Simi Valley, CA",2026,1,,,,,,,,,,,,,,3.0,38.0,0.0,12.67,DK Metcalf,WR,Ole Miss,2018,"~26 rec, 569 yds, 5 TD (approx.)","Auto-match (approx. library): injury-shortened season, elite per-catch traits. Verify exact line on Sports-Reference.",CFBD_SYNC
5218787,Que'Sean Brown,,Duke,ACC,WR,JR,68,170,"Winston-Salem, NC",2025,,,1.0,0.0,0.0,0.0,0.0,0.0,0.0,0.0,2.0,-13.0,0.0,-6.5,63.0,842.0,5.0,13.37,Stefon Diggs,WR,Maryland,2014,"~62 rec, 792 yds, 5 TD (approx.)","Auto-match (approx. library): moderate college volume, traits over production. Verify exact line on Sports-Reference.",CFBD_SYNC
5218787,Que'Sean Brown,,Duke,ACC,WR,JR,68,170,"Winston-Salem, NC",2024,,,,,,,,,,,2.0,1.0,0.0,0.5,41.0,445.0,2.0,10.85,Jaylen Waddle,WR,Alabama,2020,"~28 rec, 591 yds, 4 TD (approx.)","Auto-match (approx. library): injury-shortened season, explosive per-touch profile. Verify exact line on Sports-Reference.",CFBD_SYNC
5150834,Destyn Hill,,Florida State,ACC,WR,JR,73,191,"Algiers, LA",2023,,,,,,,,,,,,,,,6.0,87.0,0.0,14.5,DK Metcalf,WR,Ole Miss,2018,"~26 rec, 569 yds, 5 TD (approx.)","Auto-match (approx. library): injury-shortened season, elite per-catch traits. Verify exact line on Sports-Reference.",CFBD_SYNC
4870922,Duce Robinson,,Florida State,ACC,WR,SR,78,230,"Phoenix, AZ",2026,2,,,,,,,,,,0.0,-7.0,0.0,,5.0,76.0,0.0,15.2,DK Metcalf,WR,Ole Miss,2018,"~26 rec, 569 yds, 5 TD (approx.)","Auto-match (approx. library): injury-shortened season, elite per-catch traits. Verify exact line on Sports-Reference.",CFBD_SYNC
4870922,Duce Robinson,,Florida State,ACC,WR,SR,78,230,"Phoenix, AZ",2025,,,,,,,,,,,,,,,56.0,1074.0,6.0,19.18,Brandon Aiyuk,WR,Arizona State,2019,"~65 rec, 1192 yds, 8 TD (approx.)","Auto-match (approx. library): big-play YAC profile, 18+ yds/catch. Verify exact line on Sports-Reference.",CFBD_SYNC
5079539,Elijah Moore,,Florida State,ACC,WR,SO,76,204,"Oxon Hill, MD",2025,,,,,,,,,,,,,,,3.0,52.0,0.0,17.33,DK Metcalf,WR,Ole Miss,2018,"~26 rec, 569 yds, 5 TD (approx.)","Auto-match (approx. library): injury-shortened season, elite per-catch traits. Verify exact line on Sports-Reference.",CFBD_SYNC
5079539,Elijah Moore,,Florida State,ACC,WR,SO,76,204,"Oxon Hill, MD",2024,,,,,,,,,,,,,,,2.0,17.0,0.0,8.5,DK Metcalf,WR,Ole Miss,2018,"~26 rec, 569 yds, 5 TD (approx.)","Auto-match (approx. library): injury-shortened season, elite per-catch traits. Verify exact line on Sports-Reference.",CFBD_SYNC
4871048,Hykeem Williams,,Florida State,ACC,WR,SR,74,220,"Fort Lauderdale, FL",2024,,,,,,,,,,,,,,,16.0,187.0,1.0,11.69,Jaylen Waddle,WR,Alabama,2020,"~28 rec, 591 yds, 4 TD (approx.)","Auto-match (approx. library): injury-shortened season, explosive per-touch profile. Verify exact line on Sports-Reference.",CFBD_SYNC
4871048,Hykeem Williams,,Florida State,ACC,WR,SR,74,220,"Fort Lauderdale, FL",2023,,,,,,,,,,,,,,,5.0,80.0,1.0,16.0,DK Metcalf,WR,Ole Miss,2018,"~26 rec, 569 yds, 5 TD (approx.)","Auto-match (approx. library): injury-shortened season, elite per-catch traits. Verify exact line on Sports-Reference.",CFBD_SYNC
5164350,Jayvan Boggs,,Florida State,ACC,WR,SO,73,209,"Cocoa, FL",2026,2,,,,,,,,,,,,,,4.0,48.0,0.0,12.0,DK Metcalf,WR,Ole Miss,2018,"~26 rec, 569 yds, 5 TD (approx.)","Auto-match (approx. library): injury-shortened season, elite per-catch traits. Verify exact line on Sports-Reference.",CFBD_SYNC
5164350,Jayvan Boggs,,Florida State,ACC,WR,SO,73,209,"Cocoa, FL",2025,,,,,,,,,,,,,,,9.0,103.0,1.0,11.44,DK Metcalf,WR,Ole Miss,2018,"~26 rec, 569 yds, 5 TD (approx.)","Auto-match (approx. library): injury-shortened season, elite per-catch traits. Verify exact line on Sports-Reference.",CFBD_SYNC
5086096,Lawayne McCoy,,Florida State,ACC,WR,JR,73,180,"Miami, FL",2025,,,,,,,,,,,,,,,27.0,403.0,3.0,14.93,Jaylen Waddle,WR,Alabama,2020,"~28 rec, 591 yds, 4 TD (approx.)","Auto-match (approx. library): injury-shortened season, explosive per-touch profile. Verify exact line on Sports-Reference.",CFBD_SYNC
5086096,Lawayne McCoy,,Florida State,ACC,WR,JR,73,180,"Miami, FL",2024,,,,,,,,,,,1.0,1.0,0.0,1.0,6.0,52.0,0.0,8.67,DK Metcalf,WR,Ole Miss,2018,"~26 rec, 569 yds, 5 TD (approx.)","Auto-match (approx. library): injury-shortened season, elite per-catch traits. Verify exact line on Sports-Reference.",CFBD_SYNC
5088153,Micahi Danzy,,Florida State,ACC,WR,SO,73,194,"Tallahassee, FL",2026,2,,,,,,,,,,1.0,1.0,0.0,1.0,6.0,69.0,0.0,11.5,DK Metcalf,WR,Ole Miss,2018,"~26 rec, 569 yds, 5 TD (approx.)","Auto-match (approx. library): injury-shortened season, elite per-catch traits. Verify exact line on Sports-Reference.",CFBD_SYNC
5088153,Micahi Danzy,,Florida State,ACC,WR,SO,73,194,"Tallahassee, FL",2025,,,,,,,,,,,12.0,216.0,3.0,18.0,27.0,571.0,3.0,21.15,Puka Nacua,WR,BYU,2022,"~48 rec, 625 yds, 5 TD (approx.)","Auto-match (approx. library): modest college volume, gadget rushing usage. Verify exact line on Sports-Reference.",CFBD_SYNC
5088153,Micahi Danzy,,Florida State,ACC,WR,SO,73,194,"Tallahassee, FL",2024,,,,,,,,,,,2.0,5.0,0.0,2.5,1.0,38.0,0.0,38.0,DK Metcalf,WR,Ole Miss,2018,"~26 rec, 569 yds, 5 TD (approx.)","Auto-match (approx. library): injury-shortened season, elite per-catch traits. Verify exact line on Sports-Reference.",CFBD_SYNC
5209709,Teriq Mallory,,Florida State,ACC,WR,FR,77,215,"New Haven, CT",2025,,,,,,,,,,,,,,,1.0,14.0,0.0,14.0,DK Metcalf,WR,Ole Miss,2018,"~26 rec, 569 yds, 5 TD (approx.)","Auto-match (approx. library): injury-shortened season, elite per-catch traits. Verify exact line on Sports-Reference.",CFBD_SYNC
4870842,Vandrevius Jacobs,,Florida State,ACC,WR,JR,72,182,"Fort Pierce, FL",2023,,,,,,,,,,,,,,,3.0,60.0,1.0,20.0,DK Metcalf,WR,Ole Miss,2018,"~26 rec, 569 yds, 5 TD (approx.)","Auto-match (approx. library): injury-shortened season, elite per-catch traits. Verify exact line on Sports-Reference.",CFBD_SYNC
5125593,Bailey Stockton,,Georgia Tech,ACC,WR,SR,70,183,"Bogart, GA",2025,,,,,,,,,,,1.0,5.0,0.0,5.0,21.0,233.0,0.0,11.1,Jaylen Waddle,WR,Alabama,2020,"~28 rec, 591 yds, 4 TD (approx.)","Auto-match (approx. library): injury-shortened season, explosive per-touch profile. Verify exact line on Sports-Reference.",CFBD_SYNC
5125593,Bailey Stockton,,Georgia Tech,ACC,WR,SR,70,183,"Bogart, GA",2024,,,,,,,,,,,2.0,11.0,0.0,5.5,17.0,206.0,1.0,12.12,Jaylen Waddle,WR,Alabama,2020,"~28 rec, 591 yds, 4 TD (approx.)","Auto-match (approx. library): injury-shortened season, explosive per-touch profile. Verify exact line on Sports-Reference.",CFBD_SYNC
5159888,Chris Elko,,Georgia Tech,ACC,WR,SR,73,200,"Roswell, GA",2024,,,,,,,,,,,,,,,1.0,41.0,0.0,41.0,DK Metcalf,WR,Ole Miss,2018,"~26 rec, 569 yds, 5 TD (approx.)","Auto-match (approx. library): injury-shortened season, elite per-catch traits. Verify exact line on Sports-Reference.",CFBD_SYNC
5199859,Dalen Penson,,Georgia Tech,ACC,WR,SO,71,182,"Peachtree City, GA",2026,1,,,,,,,,,,,,,,3.0,73.0,0.0,24.33,DK Metcalf,WR,Ole Miss,2018,"~26 rec, 569 yds, 5 TD (approx.)","Auto-match (approx. library): injury-shortened season, elite per-catch traits. Verify exact line on Sports-Reference.",CFBD_SYNC
5095360,Eric Singleton Jr.,,Georgia Tech,ACC,WR,SR,70,184,"Atlanta, GA",2024,,,,,,,,,,,21.0,131.0,1.0,6.24,56.0,754.0,3.0,13.46,Puka Nacua,WR,BYU,2022,"~48 rec, 625 yds, 5 TD (approx.)","Auto-match (approx. library): modest college volume, gadget rushing usage. Verify exact line on Sports-Reference.",CFBD_SYNC
5095360,Eric Singleton Jr.,,Georgia Tech,ACC,WR,SR,70,184,"Atlanta, GA",2023,,,1.0,1.0,100.0,8.0,0.0,0.0,8.0,167.2,1.0,9.0,0.0,9.0,44.0,664.0,5.0,15.09,Jaylen Waddle,WR,Alabama,2020,"~28 rec, 591 yds, 4 TD (approx.)","Auto-match (approx. library): injury-shortened season, explosive per-touch profile. Verify exact line on Sports-Reference.",CFBD_SYNC
5224790,Isaiah Fuhrmann,,Georgia Tech,ACC,WR,JR,76,210,"Norfolk, VA",2026,1,,,,,,,,,,,,,,1.0,10.0,0.0,10.0,DK Metcalf,WR,Ole Miss,2018,"~26 rec, 569 yds, 5 TD (approx.)","Auto-match (approx. library): injury-shortened season, elite per-catch traits. Verify exact line on Sports-Reference.",CFBD_SYNC
5132253,Isiah Canion,,Georgia Tech,ACC,WR,JR,76,205,"Warner Robins, GA",2025,,,,,,,,,,,,,,,32.0,467.0,4.0,14.59,Jaylen Waddle,WR,Alabama,2020,"~28 rec, 591 yds, 4 TD (approx.)","Auto-match (approx. library): injury-shortened season, explosive per-touch profile. Verify exact line on Sports-Reference.",CFBD_SYNC
5132253,Isiah Canion,,Georgia Tech,ACC,WR,JR,76,205,"Warner Robins, GA",2024,,,,,,,,,,,,,,,6.0,83.0,0.0,13.83,DK Metcalf,WR,Ole Miss,2018,"~26 rec, 569 yds, 5 TD (approx.)","Auto-match (approx. library): injury-shortened season, elite per-catch traits. Verify exact line on Sports-Reference.",CFBD_SYNC
5141362,Jordan Allen,,Georgia Tech,ACC,WR,SO,69,195,"Lawrenceville, GA",2026,1,,,,,,,,,,1.0,0.0,0.0,0.0,8.0,113.0,0.0,14.12,DK Metcalf,WR,Ole Miss,2018,"~26 rec, 569 yds, 5 TD (approx.)","Auto-match (approx. library): injury-shortened season, elite per-catch traits. Verify exact line on Sports-Reference.",CFBD_SYNC
5141362,Jordan Allen,,Georgia Tech,ACC,WR,SO,69,195,"Lawrenceville, GA",2025,,,,,,,,,,,6.0,85.0,1.0,14.17,22.0,304.0,0.0,13.82,Jaylen Waddle,WR,Alabama,2020,"~28 rec, 591 yds, 4 TD (approx.)","Auto-match (approx. library): injury-shortened season, explosive per-touch profile. Verify exact line on Sports-Reference.",CFBD_SYNC
4921322,Zion Taylor,,Georgia Tech,ACC,WR,JR,72,210,"Norcross, GA",2025,,,,,,,,,,,,,,,11.0,129.0,1.0,11.73,DK Metcalf,WR,Ole Miss,2018,"~26 rec, 569 yds, 5 TD (approx.)","Auto-match (approx. library): injury-shortened season, elite per-catch traits. Verify exact line on Sports-Reference.",CFBD_SYNC
4921322,Zion Taylor,,Georgia Tech,ACC,WR,JR,72,210,"Norcross, GA",2024,,,,,,,,,,,,,,,1.0,1.0,0.0,1.0,DK Metcalf,WR,Ole Miss,2018,"~26 rec, 569 yds, 5 TD (approx.)","Auto-match (approx. library): injury-shortened season, elite per-catch traits. Verify exact line on Sports-Reference.",CFBD_SYNC
5099305,Antonio Meeks,,Louisville,ACC,WR,SR,73,205,"Lilburn, GA",2025,,,,,,,,,,,1.0,-5.0,0.0,-5.0,17.0,189.0,1.0,11.12,Jaylen Waddle,WR,Alabama,2020,"~28 rec, 591 yds, 4 TD (approx.)","Auto-match (approx. library): injury-shortened season, explosive per-touch profile. Verify exact line on Sports-Reference.",CFBD_SYNC
5099305,Antonio Meeks,,Louisville,ACC,WR,SR,73,205,"Lilburn, GA",2024,,,,,,,,,,,,,,,3.0,42.0,1.0,14.0,DK Metcalf,WR,Ole Miss,2018,"~26 rec, 569 yds, 5 TD (approx.)","Auto-match (approx. library): injury-shortened season, elite per-catch traits. Verify exact line on Sports-Reference.",CFBD_SYNC
5102556,Cataurus Hicks,,Louisville,ACC,WR,JR,70,185,"Miami, FL",2024,,,,,,,,,,,,,,,12.0,149.0,0.0,12.42,Jaylen Waddle,WR,Alabama,2020,"~28 rec, 591 yds, 4 TD (approx.)","Auto-match (approx. library): injury-shortened season, explosive per-touch profile. Verify exact line on Sports-Reference.",CFBD_SYNC
5102556,Cataurus Hicks,,Louisville,ACC,WR,JR,70,185,"Miami, FL",2023,,,,,,,,,,,,,,,1.0,11.0,0.0,11.0,DK Metcalf,WR,Ole Miss,2018,"~26 rec, 569 yds, 5 TD (approx.)","Auto-match (approx. library): injury-shortened season, elite per-catch traits. Verify exact line on Sports-Reference.",CFBD_SYNC
4429804,Jimmy Calloway,,Louisville,ACC,WR,SR,72,190,"Morrow, GA",2023,,,,,,,,,,,3.0,20.0,0.0,6.67,20.0,242.0,0.0,12.1,Jaylen Waddle,WR,Alabama,2020,"~28 rec, 591 yds, 4 TD (approx.)","Auto-match (approx. library): injury-shortened season, explosive per-touch profile. Verify exact line on Sports-Reference.",CFBD_SYNC
5159944,Kris Hughes,,Louisville,ACC,WR,JR,71,200,"Morganfield, KY",2025,,,,,,,,,,,,,,,8.0,109.0,1.0,13.62,DK Metcalf,WR,Ole Miss,2018,"~26 rec, 569 yds, 5 TD (approx.)","Auto-match (approx. library): injury-shortened season, elite per-catch traits. Verify exact line on Sports-Reference.",CFBD_SYNC
5159944,Kris Hughes,,Louisville,ACC,WR,JR,71,200,"Morganfield, KY",2024,,,,,,,,,,,,,,,7.0,54.0,0.0,7.71,DK Metcalf,WR,Ole Miss,2018,"~26 rec, 569 yds, 5 TD (approx.)","Auto-match (approx. library): injury-shortened season, elite per-catch traits. Verify exact line on Sports-Reference.",CFBD_SYNC
5086096,Lawayne McCoy,,Louisville,ACC,WR,JR,73,180,"Miami, FL",2026,1,,,,,,,,,,,,,,2.0,62.0,1.0,31.0,DK Metcalf,WR,Ole Miss,2018,"~26 rec, 569 yds, 5 TD (approx.)","Auto-match (approx. library): injury-shortened season, elite per-catch traits. Verify exact line on Sports-Reference.",CFBD_SYNC
5294063,Tre Richardson,,Louisville,ACC,WR,SR,70,175,"Topeka, KS",2026,1,,,,,,,,,,1.0,30.0,1.0,30.0,4.0,83.0,1.0,20.75,DK Metcalf,WR,Ole Miss,2018,"~26 rec, 569 yds, 5 TD (approx.)","Auto-match (approx. library): injury-shortened season, elite per-catch traits. Verify exact line on Sports-Reference.",CFBD_SYNC
5085609,TreyShun Hurry,,Louisville,ACC,WR,SR,74,200,"Palmdale, CA",2026,1,,,,,,,,,,,,,,4.0,67.0,0.0,16.75,DK Metcalf,WR,Ole Miss,2018,"~26 rec, 569 yds, 5 TD (approx.)","Auto-match (approx. library): injury-shortened season, elite per-catch traits. Verify exact line on Sports-Reference.",CFBD_SYNC
5085609,TreyShun Hurry,,Louisville,ACC,WR,SR,74,200,"Palmdale, CA",2025,,,,,,,,,,,,,,,15.0,122.0,1.0,8.13,DK Metcalf,WR,Ole Miss,2018,"~26 rec, 569 yds, 5 TD (approx.)","Auto-match (approx. library): injury-shortened season, elite per-catch traits. Verify exact line on Sports-Reference.",CFBD_SYNC
4804878,Cooper Barkate,,Miami,ACC,WR,SR,73,195,"Newport Beach, CA",2026,1,,,,,,,,,,,,,,4.0,67.0,1.0,16.75,DK Metcalf,WR,Ole Miss,2018,"~26 rec, 569 yds, 5 TD (approx.)","Auto-match (approx. library): injury-shortened season, elite per-catch traits. Verify exact line on Sports-Reference.",CFBD_SYNC
5164365,Daylyn Upshaw,,Miami,ACC,WR,SO,72,195,"Columbus, GA",2026,1,,,,,,,,,,,,,,3.0,30.0,1.0,10.0,DK Metcalf,WR,Ole Miss,2018,"~26 rec, 569 yds, 5 TD (approx.)","Auto-match (approx. library): injury-shortened season, elite per-catch traits. Verify exact line on Sports-Reference.",CFBD_SYNC
5164365,Daylyn Upshaw,,Miami,ACC,WR,SO,72,195,"Columbus, GA",2025,,,,,,,,,,,,,,,7.0,105.0,0.0,15.0,DK Metcalf,WR,Ole Miss,2018,"~26 rec, 569 yds, 5 TD (approx.)","Auto-match (approx. library): injury-shortened season, elite per-catch traits. Verify exact line on Sports-Reference.",CFBD_SYNC
4685383,Isaiah Horton,,Miami,ACC,WR,SR,76,215,"Nashville, TN",2024,,,,,,,,,,,,,,,56.0,616.0,5.0,11.0,Stefon Diggs,WR,Maryland,2014,"~62 rec, 792 yds, 5 TD (approx.)","Auto-match (approx. library): moderate college volume, traits over production. Verify exact line on Sports-Reference.",CFBD_SYNC
4685383,Isaiah Horton,,Miami,ACC,WR,SR,76,215,"Nashville, TN",2023,,,,,,,,,,,,,,,13.0,168.0,1.0,12.92,DK Metcalf,WR,Ole Miss,2018,"~26 rec, 569 yds, 5 TD (approx.)","Auto-match (approx. library): injury-shortened season, elite per-catch traits. Verify exact line on Sports-Reference.",CFBD_SYNC
4685383,Isaiah Horton,,Miami,ACC,WR,SR,76,215,"Nashville, TN",2022,,,,,,,,,,,,,,,1.0,6.0,0.0,6.0,DK Metcalf,WR,Ole Miss,2018,"~26 rec, 569 yds, 5 TD (approx.)","Auto-match (approx. library): injury-shortened season, elite per-catch traits. Verify exact line on Sports-Reference.",CFBD_SYNC
5079745,Joshisa Trader,,Miami,ACC,WR,JR,73,190,"Hollywood, FL",2025,,,,,,,,,,,,,,,13.0,178.0,1.0,13.69,DK Metcalf,WR,Ole Miss,2018,"~26 rec, 569 yds, 5 TD (approx.)","Auto-match (approx. library): injury-shortened season, elite per-catch traits. Verify exact line on Sports-Reference.",CFBD_SYNC
5079745,Joshisa Trader,,Miami,ACC,WR,JR,73,190,"Hollywood, FL",2024,,,,,,,,,,,,,,,6.0,91.0,1.0,15.17,DK Metcalf,WR,Ole Miss,2018,"~26 rec, 569 yds, 5 TD (approx.)","Auto-match (approx. library): injury-shortened season, elite per-catch traits. Verify exact line on Sports-Reference.",CFBD_SYNC
5141593,Joshua Moore,,Miami,ACC,WR,SO,76,215,"Miami, FL",2026,1,,,,,,,,,,,,,,3.0,36.0,0.0,12.0,DK Metcalf,WR,Ole Miss,2018,"~26 rec, 569 yds, 5 TD (approx.)","Auto-match (approx. library): injury-shortened season, elite per-catch traits. Verify exact line on Sports-Reference.",CFBD_SYNC
5141593,Joshua Moore,,Miami,ACC,WR,SO,76,215,"Miami, FL",2025,,,,,,,,,,,,,,,17.0,210.0,2.0,12.35,DK Metcalf,WR,Ole Miss,2018,"~26 rec, 569 yds, 5 TD (approx.)","Auto-match (approx. library): injury-shortened season, elite per-catch traits. Verify exact line on Sports-Reference.",CFBD_SYNC
5159175,Malachi Toney,,Miami,ACC,WR,SO,71,188,"Miami, FL",2026,1,,,,,,,,,,,,,,12.0,234.0,3.0,19.5,DK Metcalf,WR,Ole Miss,2018,"~26 rec, 569 yds, 5 TD (approx.)","Auto-match (approx. library): injury-shortened season, elite per-catch traits. Verify exact line on Sports-Reference.",CFBD_SYNC
5159175,Malachi Toney,,Miami,ACC,WR,SO,71,188,"Miami, FL",2025,,,7.0,4.0,57.1,82.0,2.0,0.0,11.71,249.8,23.0,113.0,1.0,4.91,109.0,1211.0,10.0,11.11,Drake London,WR,USC,2021,"~88 rec, 1084 yds, 7 TD (approx.)","Auto-match (approx. library): jumbo target-per-game monster, partial season. Verify exact line on Sports-Reference.",CFBD_SYNC
5211183,Milan Parris,,Miami,ACC,WR,FR,77,195,"Akron, OH",2026,1,,,,,,,,,,,,,,1.0,0.0,0.0,0.0,DK Metcalf,WR,Ole Miss,2018,"~26 rec, 569 yds, 5 TD (approx.)","Auto-match (approx. library): injury-shortened season, elite per-catch traits. Verify exact line on Sports-Reference.",CFBD_SYNC
5079374,Ny Carr,,Miami,ACC,WR,SO,72,185,"Moultrie, GA",2025,,,,,,,,,,,,,,,3.0,45.0,0.0,15.0,DK Metcalf,WR,Ole Miss,2018,"~26 rec, 569 yds, 5 TD (approx.)","Auto-match (approx. library): injury-shortened season, elite per-catch traits. Verify exact line on Sports-Reference.",CFBD_SYNC
5079374,Ny Carr,,Miami,ACC,WR,SO,72,185,"Moultrie, GA",2024,,,,,,,,,,,,,,,1.0,8.0,0.0,8.0,DK Metcalf,WR,Ole Miss,2018,"~26 rec, 569 yds, 5 TD (approx.)","Auto-match (approx. library): injury-shortened season, elite per-catch traits. Verify exact line on Sports-Reference.",CFBD_SYNC
4870770,Ray Ray Joseph Jr.,,Miami,ACC,WR,SR,71,186,"Miami, FL",2025,,,,,,,,,,,,,,,2.0,25.0,0.0,12.5,DK Metcalf,WR,Ole Miss,2018,"~26 rec, 569 yds, 5 TD (approx.)","Auto-match (approx. library): injury-shortened season, elite per-catch traits. Verify exact line on Sports-Reference.",CFBD_SYNC
4870770,Ray Ray Joseph Jr.,,Miami,ACC,WR,SR,71,186,"Miami, FL",2024,,,,,,,,,,,,,,,6.0,74.0,0.0,12.33,DK Metcalf,WR,Ole Miss,2018,"~26 rec, 569 yds, 5 TD (approx.)","Auto-match (approx. library): injury-shortened season, elite per-catch traits. Verify exact line on Sports-Reference.",CFBD_SYNC
4870770,Ray Ray Joseph Jr.,,Miami,ACC,WR,SR,71,186,"Miami, FL",2023,,,,,,,,,,,,,,,6.0,36.0,0.0,6.0,DK Metcalf,WR,Ole Miss,2018,"~26 rec, 569 yds, 5 TD (approx.)","Auto-match (approx. library): injury-shortened season, elite per-catch traits. Verify exact line on Sports-Reference.",CFBD_SYNC
4871022,Robby Washington,,Miami,ACC,WR,JR,71,180,"Miami, FL",2023,,,,,,,,,,,,,,,2.0,27.0,0.0,13.5,DK Metcalf,WR,Ole Miss,2018,"~26 rec, 569 yds, 5 TD (approx.)","Auto-match (approx. library): injury-shortened season, elite per-catch traits. Verify exact line on Sports-Reference.",CFBD_SYNC
5200381,Somourian Wingo,,Miami,ACC,WR,FR,74,190,"West Augustine, FL",2026,1,,,,,,,,,,,,,,2.0,27.0,0.0,13.5,DK Metcalf,WR,Ole Miss,2018,"~26 rec, 569 yds, 5 TD (approx.)","Auto-match (approx. library): injury-shortened season, elite per-catch traits. Verify exact line on Sports-Reference.",CFBD_SYNC
5081845,Ashton Locklear,,NC State,ACC,WR,SR,73,188,"Apex, NC",2025,,,,,,,,,,,,,,,1.0,4.0,0.0,4.0,DK Metcalf,WR,Ole Miss,2018,"~26 rec, 569 yds, 5 TD (approx.)","Auto-match (approx. library): injury-shortened season, elite per-catch traits. Verify exact line on Sports-Reference.",CFBD_SYNC
5080819,Davion Dozier,,NC State,ACC,WR,SR,75,195,"Moody, AL",2026,1,,,,,,,,,,,,,,2.0,14.0,0.0,7.0,DK Metcalf,WR,Ole Miss,2018,"~26 rec, 569 yds, 5 TD (approx.)","Auto-match (approx. library): injury-shortened season, elite per-catch traits. Verify exact line on Sports-Reference.",CFBD_SYNC
5296066,Ethan Dowdy,,NC State,ACC,WR,SR,74,197,"Powhatan, VA",2025,,,,,,,,,,,,,,,3.0,25.0,0.0,8.33,DK Metcalf,WR,Ole Miss,2018,"~26 rec, 569 yds, 5 TD (approx.)","Auto-match (approx. library): injury-shortened season, elite per-catch traits. Verify exact line on Sports-Reference.",CFBD_SYNC
5079745,Joshisa Trader,,NC State,ACC,WR,JR,73,190,"Hollywood, FL",2026,1,,,,,,,,,,,,,,2.0,19.0,0.0,9.5,DK Metcalf,WR,Ole Miss,2018,"~26 rec, 569 yds, 5 TD (approx.)","Auto-match (approx. library): injury-shortened season, elite per-catch traits. Verify exact line on Sports-Reference.",CFBD_SYNC
5079524,Keenan Jackson,,NC State,ACC,WR,JR,75,202,"Waxhaw, NC",2026,1,,,,,,,,,,,,,,2.0,6.0,0.0,3.0,DK Metcalf,WR,Ole Miss,2018,"~26 rec, 569 yds, 5 TD (approx.)","Auto-match (approx. library): injury-shortened season, elite per-catch traits. Verify exact line on Sports-Reference.",CFBD_SYNC
5079524,Keenan Jackson,,NC State,ACC,WR,JR,75,202,"Waxhaw, NC",2025,,,,,,,,,,,,,,,28.0,281.0,2.0,10.04,Jaylen Waddle,WR,Alabama,2020,"~28 rec, 591 yds, 4 TD (approx.)","Auto-match (approx. library): injury-shortened season, explosive per-touch profile. Verify exact line on Sports-Reference.",CFBD_SYNC
5079524,Keenan Jackson,,NC State,ACC,WR,JR,75,202,"Waxhaw, NC",2024,,,,,,,,,,,,,,,12.0,124.0,2.0,10.33,DK Metcalf,WR,Ole Miss,2018,"~26 rec, 569 yds, 5 TD (approx.)","Auto-match (approx. library): injury-shortened season, elite per-catch traits. Verify exact line on Sports-Reference.",CFBD_SYNC
4870929,Noah Rogers,,NC State,ACC,WR,SR,74,206,"Raleigh, NC",2025,,,,,,,,,,,,,,,31.0,413.0,2.0,13.32,Jaylen Waddle,WR,Alabama,2020,"~28 rec, 591 yds, 4 TD (approx.)","Auto-match (approx. library): injury-shortened season, explosive per-touch profile. Verify exact line on Sports-Reference.",CFBD_SYNC
4870929,Noah Rogers,,NC State,ACC,WR,SR,74,206,"Raleigh, NC",2024,,,,,,,,,,,,,,,35.0,478.0,1.0,13.66,Jaylen Waddle,WR,Alabama,2020,"~28 rec, 591 yds, 4 TD (approx.)","Auto-match (approx. library): injury-shortened season, explosive per-touch profile. Verify exact line on Sports-Reference.",CFBD_SYNC
5220007,Tank Boston,,NC State,ACC,WR,SO,71,190,"Anderson, SC",2025,,,,,,,,,,,,,,,2.0,11.0,0.0,5.5,DK Metcalf,WR,Ole Miss,2018,"~26 rec, 569 yds, 5 TD (approx.)","Auto-match (approx. library): injury-shortened season, elite per-catch traits. Verify exact line on Sports-Reference.",CFBD_SYNC
5296067,Teddy Hoffmann,,NC State,ACC,WR,SO,73,181,"Delray Beach, FL",2025,,,1.0,1.0,100.0,59.0,1.0,0.0,59.0,925.6,1.0,-4.0,0.0,-4.0,25.0,349.0,3.0,13.96,Jaylen Waddle,WR,Alabama,2020,"~28 rec, 591 yds, 4 TD (approx.)","Auto-match (approx. library): injury-shortened season, explosive per-touch profile. Verify exact line on Sports-Reference.",CFBD_SYNC
5084658,Terrell Anderson,,NC State,ACC,WR,JR,74,200,"Detroit, MI",2025,,,,,,,,,,,,,,,39.0,629.0,5.0,16.13,Jaylen Waddle,WR,Alabama,2020,"~28 rec, 591 yds, 4 TD (approx.)","Auto-match (approx. library): injury-shortened season, explosive per-touch profile. Verify exact line on Sports-Reference.",CFBD_SYNC
5084658,Terrell Anderson,,NC State,ACC,WR,JR,74,200,"Detroit, MI",2024,,,,,,,,,,,,,,,14.0,158.0,1.0,11.29,DK Metcalf,WR,Ole Miss,2018,"~26 rec, 569 yds, 5 TD (approx.)","Auto-match (approx. library): injury-shortened season, elite per-catch traits. Verify exact line on Sports-Reference.",CFBD_SYNC
4892983,Terrell Timmons Jr.,,NC State,ACC,WR,SR,74,184,"Greensboro, NC",2023,,,,,,,,,,,,,,,11.0,195.0,0.0,17.73,Jaylen Waddle,WR,Alabama,2020,"~28 rec, 591 yds, 4 TD (approx.)","Auto-match (approx. library): injury-shortened season, explosive per-touch profile. Verify exact line on Sports-Reference.",CFBD_SYNC
4892983,Terrell Timmons Jr.,,NC State,ACC,WR,SR,74,184,"Greensboro, NC",2022,,,,,,,,,,,,,,,3.0,79.0,1.0,26.33,DK Metcalf,WR,Ole Miss,2018,"~26 rec, 569 yds, 5 TD (approx.)","Auto-match (approx. library): injury-shortened season, elite per-catch traits. Verify exact line on Sports-Reference.",CFBD_SYNC
5084967,Victor Snow,,NC State,ACC,WR,SR,68,170,"Webster, NY",2026,1,,,,,,,,,,,,,,1.0,5.0,0.0,5.0,DK Metcalf,WR,Ole Miss,2018,"~26 rec, 569 yds, 5 TD (approx.)","Auto-match (approx. library): injury-shortened season, elite per-catch traits. Verify exact line on Sports-Reference.",CFBD_SYNC
5079736,Alex Taylor,,North Carolina,ACC,WR,JR,74,200,"Greensboro, NC",2025,,,,,,,,,,,,,,,3.0,27.0,0.0,9.0,DK Metcalf,WR,Ole Miss,2018,"~26 rec, 569 yds, 5 TD (approx.)","Auto-match (approx. library): injury-shortened season, elite per-catch traits. Verify exact line on Sports-Reference.",CFBD_SYNC
5079736,Alex Taylor,,North Carolina,ACC,WR,JR,74,200,"Greensboro, NC",2024,,,,,,,,,,,,,,,1.0,15.0,0.0,15.0,DK Metcalf,WR,Ole Miss,2018,"~26 rec, 569 yds, 5 TD (approx.)","Auto-match (approx. library): injury-shortened season, elite per-catch traits. Verify exact line on Sports-Reference.",CFBD_SYNC
4685364,Andre Greene Jr.,,North Carolina,ACC,WR,SR,74,205,"North Chesterfield, VA",2023,,,,,,,,,,,,,,,2.0,17.0,0.0,8.5,DK Metcalf,WR,Ole Miss,2018,"~26 rec, 569 yds, 5 TD (approx.)","Auto-match (approx. library): injury-shortened season, elite per-catch traits. Verify exact line on Sports-Reference.",CFBD_SYNC
4685364,Andre Greene Jr.,,North Carolina,ACC,WR,SR,74,205,"North Chesterfield, VA",2022,,,,,,,,,,,,,,,3.0,26.0,1.0,8.67,DK Metcalf,WR,Ole Miss,2018,"~26 rec, 569 yds, 5 TD (approx.)","Auto-match (approx. library): injury-shortened season, elite per-catch traits. Verify exact line on Sports-Reference.",CFBD_SYNC
5159039,C.J. Sadler,,North Carolina,ACC,WR,FR,69,183,"Detroit, MI",2026,1,,,,,,,,,,,,,,1.0,7.0,0.0,7.0,DK Metcalf,WR,Ole Miss,2018,"~26 rec, 569 yds, 5 TD (approx.)","Auto-match (approx. library): injury-shortened season, elite per-catch traits. Verify exact line on Sports-Reference.",CFBD_SYNC
4899472,Chris Culliver,,North Carolina,ACC,WR,JR,73,195,"Maiden, NC",2025,,,,,,,,,,,,,,,5.0,100.0,1.0,20.0,DK Metcalf,WR,Ole Miss,2018,"~26 rec, 569 yds, 5 TD (approx.)","Auto-match (approx. library): injury-shortened season, elite per-catch traits. Verify exact line on Sports-Reference.",CFBD_SYNC
4899472,Chris Culliver,,North Carolina,ACC,WR,JR,73,195,"Maiden, NC",2024,,,,,,,,,,,1.0,-8.0,0.0,-8.0,6.0,135.0,1.0,22.5,DK Metcalf,WR,Ole Miss,2018,"~26 rec, 569 yds, 5 TD (approx.)","Auto-match (approx. library): injury-shortened season, elite per-catch traits. Verify exact line on Sports-Reference.",CFBD_SYNC
4899472,Chris Culliver,,North Carolina,ACC,WR,JR,73,195,"Maiden, NC",2023,,,,,,,,,,,1.0,-4.0,0.0,-4.0,1.0,41.0,1.0,41.0,DK Metcalf,WR,Ole Miss,2018,"~26 rec, 569 yds, 5 TD (approx.)","Auto-match (approx. library): injury-shortened season, elite per-catch traits. Verify exact line on Sports-Reference.",CFBD_SYNC
4870739,Christian Hamilton,,North Carolina,ACC,WR,JR,71,186,"Harrisburg, NC",2024,,,,,,,,,,,,,,,7.0,159.0,1.0,22.71,DK Metcalf,WR,Ole Miss,2018,"~26 rec, 569 yds, 5 TD (approx.)","Auto-match (approx. library): injury-shortened season, elite per-catch traits. Verify exact line on Sports-Reference.",CFBD_SYNC
4870739,Christian Hamilton,,North Carolina,ACC,WR,JR,71,186,"Harrisburg, NC",2023,,,,,,,,,,,,,,,3.0,20.0,0.0,6.67,DK Metcalf,WR,Ole Miss,2018,"~26 rec, 569 yds, 5 TD (approx.)","Auto-match (approx. library): injury-shortened season, elite per-catch traits. Verify exact line on Sports-Reference.",CFBD_SYNC
5146747,Javarius Green,,North Carolina,ACC,WR,SO,70,205,"Shelby, NC",2025,,,,,,,,,,,,,,,13.0,150.0,0.0,11.54,Jaylen Waddle,WR,Alabama,2020,"~28 rec, 591 yds, 4 TD (approx.)","Auto-match (approx. library): injury-shortened season, explosive per-touch profile. Verify exact line on Sports-Reference.",CFBD_SYNC
5146747,Javarius Green,,North Carolina,ACC,WR,SO,70,205,"Shelby, NC",2024,,,,,,,,,,,1.0,8.0,0.0,8.0,1.0,12.0,0.0,12.0,DK Metcalf,WR,Ole Miss,2018,"~26 rec, 569 yds, 5 TD (approx.)","Auto-match (approx. library): injury-shortened season, elite per-catch traits. Verify exact line on Sports-Reference.",CFBD_SYNC
5079687,Jordan Shipp,,North Carolina,ACC,WR,JR,74,190,"Charlotte, NC",2026,1,,,,,,,,,,,,,,5.0,71.0,0.0,14.2,DK Metcalf,WR,Ole Miss,2018,"~26 rec, 569 yds, 5 TD (approx.)","Auto-match (approx. library): injury-shortened season, elite per-catch traits. Verify exact line on Sports-Reference.",CFBD_SYNC
5079687,Jordan Shipp,,North Carolina,ACC,WR,JR,74,190,"Charlotte, NC",2025,,,1.0,0.0,0.0,0.0,0.0,0.0,0.0,0.0,2.0,8.0,0.0,4.0,60.0,671.0,6.0,11.18,Stefon Diggs,WR,Maryland,2014,"~62 rec, 792 yds, 5 TD (approx.)","Auto-match (approx. library): moderate college volume, traits over production. Verify exact line on Sports-Reference.",CFBD_SYNC
5079687,Jordan Shipp,,North Carolina,ACC,WR,JR,74,190,"Charlotte, NC",2024,,,,,,,,,,,1.0,-13.0,0.0,-13.0,9.0,114.0,1.0,12.67,DK Metcalf,WR,Ole Miss,2018,"~26 rec, 569 yds, 5 TD (approx.)","Auto-match (approx. library): injury-shortened season, elite per-catch traits. Verify exact line on Sports-Reference.",CFBD_SYNC
5203590,Madrid Tucker,,North Carolina,ACC,WR,FR,70,170,"Lehigh Acres, FL",2025,,,,,,,,,,,,,,,9.0,45.0,0.0,5.0,DK Metcalf,WR,Ole Miss,2018,"~26 rec, 569 yds, 5 TD (approx.)","Auto-match (approx. library): injury-shortened season, elite per-catch traits. Verify exact line on Sports-Reference.",CFBD_SYNC
5152717,Mason Humphrey,,North Carolina,ACC,WR,SR,76,215,"Loganville, GA",2026,1,,,,,,,,,,,,,,1.0,11.0,0.0,11.0,DK Metcalf,WR,Ole Miss,2018,"~26 rec, 569 yds, 5 TD (approx.)","Auto-match (approx. library): injury-shortened season, elite per-catch traits. Verify exact line on Sports-Reference.",CFBD_SYNC
4920140,Nathan Leacock,,North Carolina,ACC,WR,JR,75,217,"Rolesville, NC",2025,,,,,,,,,,,1.0,6.0,0.0,6.0,5.0,48.0,0.0,9.6,DK Metcalf,WR,Ole Miss,2018,"~26 rec, 569 yds, 5 TD (approx.)","Auto-match (approx. library): injury-shortened season, elite per-catch traits. Verify exact line on Sports-Reference.",CFBD_SYNC
5077266,Trech Kekahuna,,North Carolina,ACC,WR,JR,70,185,"Honolulu, HI",2026,1,,,,,,,,,,,,,,3.0,38.0,0.0,12.67,DK Metcalf,WR,Ole Miss,2018,"~26 rec, 569 yds, 5 TD (approx.)","Auto-match (approx. library): injury-shortened season, elite per-catch traits. Verify exact line on Sports-Reference.",CFBD_SYNC
4685290,Tychaun Chapman,,North Carolina,ACC,WR,SR,69,178,"Virginia Beach, VA",2023,,,,,,,,,,,1.0,7.0,0.0,7.0,7.0,135.0,1.0,19.29,DK Metcalf,WR,Ole Miss,2018,"~26 rec, 569 yds, 5 TD (approx.)","Auto-match (approx. library): injury-shortened season, elite per-catch traits. Verify exact line on Sports-Reference.",CFBD_SYNC
5154315,Benny Haselrig,,Pittsburgh,ACC,WR,JR,71,195,"Allison Park, PA",2024,,,,,,,,,,,,,,,1.0,7.0,0.0,7.0,DK Metcalf,WR,Ole Miss,2018,"~26 rec, 569 yds, 5 TD (approx.)","Auto-match (approx. library): injury-shortened season, elite per-catch traits. Verify exact line on Sports-Reference.",CFBD_SYNC
5210164,Bryce Yates,,Pittsburgh,ACC,WR,SO,72,185,"Ettrick, VA",2026,1,,,,,,,,,,,,,,4.0,53.0,1.0,13.25,DK Metcalf,WR,Ole Miss,2018,"~26 rec, 569 yds, 5 TD (approx.)","Auto-match (approx. library): injury-shortened season, elite per-catch traits. Verify exact line on Sports-Reference.",CFBD_SYNC
5210164,Bryce Yates,,Pittsburgh,ACC,WR,SO,72,185,"Ettrick, VA",2025,,,1.0,0.0,0.0,0.0,0.0,0.0,0.0,0.0,,,,,11.0,202.0,1.0,18.36,DK Metcalf,WR,Ole Miss,2018,"~26 rec, 569 yds, 5 TD (approx.)","Auto-match (approx. library): injury-shortened season, elite per-catch traits. Verify exact line on Sports-Reference.",CFBD_SYNC
5141640,Cam Sapp,,Pittsburgh,ACC,WR,FR,70,175,"Miami, FL",2025,,,,,,,,,,,,,,,1.0,7.0,0.0,7.0,DK Metcalf,WR,Ole Miss,2018,"~26 rec, 569 yds, 5 TD (approx.)","Auto-match (approx. library): injury-shortened season, elite per-catch traits. Verify exact line on Sports-Reference.",CFBD_SYNC
5102556,Cataurus Hicks,,Pittsburgh,ACC,WR,JR,70,185,"Miami, FL",2026,1,,,,,,,,,,,,,,5.0,114.0,1.0,22.8,DK Metcalf,WR,Ole Miss,2018,"~26 rec, 569 yds, 5 TD (approx.)","Auto-match (approx. library): injury-shortened season, elite per-catch traits. Verify exact line on Sports-Reference.",CFBD_SYNC
5102556,Cataurus Hicks,,Pittsburgh,ACC,WR,JR,70,185,"Miami, FL",2025,,,,,,,,,,,3.0,-5.0,0.0,-1.67,24.0,422.0,4.0,17.58,DK Metcalf,WR,Ole Miss,2018,"~26 rec, 569 yds, 5 TD (approx.)","Auto-match (approx. library): injury-shortened season, elite per-catch traits. Verify exact line on Sports-Reference.",CFBD_SYNC
5089539,Censere Lee,,Pittsburgh,ACC,WR,SR,71,170,"Clearwater, FL",2026,1,,,,,,,,,,,,,,5.0,86.0,1.0,17.2,DK Metcalf,WR,Ole Miss,2018,"~26 rec, 569 yds, 5 TD (approx.)","Auto-match (approx. library): injury-shortened season, elite per-catch traits. Verify exact line on Sports-Reference.",CFBD_SYNC
5089539,Censere Lee,,Pittsburgh,ACC,WR,SR,71,170,"Clearwater, FL",2025,,,,,,,,,,,,,,,5.0,86.0,0.0,17.2,DK Metcalf,WR,Ole Miss,2018,"~26 rec, 569 yds, 5 TD (approx.)","Auto-match (approx. library): injury-shortened season, elite per-catch traits. Verify exact line on Sports-Reference.",CFBD_SYNC
5089539,Censere Lee,,Pittsburgh,ACC,WR,SR,71,170,"Clearwater, FL",2024,,,,,,,,,,,,,,,19.0,254.0,3.0,13.37,DK Metcalf,WR,Ole Miss,2018,"~26 rec, 569 yds, 5 TD (approx.)","Auto-match (approx. library): injury-shortened season, elite per-catch traits. Verify exact line on Sports-Reference.",CFBD_SYNC
5281153,Demetrice McCray,,Pittsburgh,ACC,WR,FR,72,205,"Clermont, FL",2026,1,,,,,,,,,,,,,,2.0,24.0,0.0,12.0,DK Metcalf,WR,Ole Miss,2018,"~26 rec, 569 yds, 5 TD (approx.)","Auto-match (approx. library): injury-shortened season, elite per-catch traits. Verify exact line on Sports-Reference.",CFBD_SYNC
4922992,Israel Polk,,Pittsburgh,ACC,WR,JR,74,177,"Richmond, CA",2023,,,,,,,,,,,,,,,1.0,14.0,0.0,14.0,DK Metcalf,WR,Ole Miss,2018,"~26 rec, 569 yds, 5 TD (approx.)","Auto-match (approx. library): injury-shortened season, elite per-catch traits. Verify exact line on Sports-Reference.",CFBD_SYNC
4923295,Kenny Johnson,,Pittsburgh,ACC,WR,SR,73,200,"York, PA",2025,,,,,,,,,,,2.0,3.0,0.0,1.5,47.0,658.0,5.0,14.0,Stefon Diggs,WR,Maryland,2014,"~62 rec, 792 yds, 5 TD (approx.)","Auto-match (approx. library): moderate college volume, traits over production. Verify exact line on Sports-Reference.",CFBD_SYNC
4923295,Kenny Johnson,,Pittsburgh,ACC,WR,SR,73,200,"York, PA",2024,,,,,,,,,,,6.0,26.0,0.0,4.33,46.0,537.0,3.0,11.67,Jaylen Waddle,WR,Alabama,2020,"~28 rec, 591 yds, 4 TD (approx.)","Auto-match (approx. library): injury-shortened season, explosive per-touch profile. Verify exact line on Sports-Reference.",CFBD_SYNC
4923295,Kenny Johnson,,Pittsburgh,ACC,WR,SR,73,200,"York, PA",2023,,,,,,,,,,,10.0,72.0,0.0,7.2,15.0,122.0,1.0,8.13,DK Metcalf,WR,Ole Miss,2018,"~26 rec, 569 yds, 5 TD (approx.)","Auto-match (approx. library): injury-shortened season, elite per-catch traits. Verify exact line on Sports-Reference.",CFBD_SYNC
5089549,Malik Knight,,Pittsburgh,ACC,WR,SR,73,185,"Fort Lauderdale, FL",2026,1,,,,,,,,,,,,,,5.0,53.0,1.0,10.6,DK Metcalf,WR,Ole Miss,2018,"~26 rec, 569 yds, 5 TD (approx.)","Auto-match (approx. library): injury-shortened season, elite per-catch traits. Verify exact line on Sports-Reference.",CFBD_SYNC
5212611,Tony Kinsler,,Pittsburgh,ACC,WR,SO,71,175,"Daytona Beach, FL",2025,,,,,,,,,,,,,,,1.0,4.0,0.0,4.0,DK Metcalf,WR,Ole Miss,2018,"~26 rec, 569 yds, 5 TD (approx.)","Auto-match (approx. library): injury-shortened season, elite per-catch traits. Verify exact line on Sports-Reference.",CFBD_SYNC
5196024,Tyreek Robinson,,Pittsburgh,ACC,WR,SO,70,180,"Shreveport, LA",2026,1,,,,,,,,,,1.0,2.0,0.0,2.0,,,,,DK Metcalf,WR,Ole Miss,2018,"~26 rec, 569 yds, 5 TD (approx.)","Auto-match (approx. library): injury-shortened season, elite per-catch traits. Verify exact line on Sports-Reference.",CFBD_SYNC
5196024,Tyreek Robinson,,Pittsburgh,ACC,WR,SO,70,180,"Shreveport, LA",2024,,,,,,,,,,,,,,,3.0,27.0,0.0,9.0,DK Metcalf,WR,Ole Miss,2018,"~26 rec, 569 yds, 5 TD (approx.)","Auto-match (approx. library): injury-shortened season, elite per-catch traits. Verify exact line on Sports-Reference.",CFBD_SYNC
5158460,Ashton Cozart,,SMU,ACC,WR,SR,75,202,"Flower Mound, TX",2024,,,,,,,,,,,,,,,1.0,24.0,0.0,24.0,DK Metcalf,WR,Ole Miss,2018,"~26 rec, 569 yds, 5 TD (approx.)","Auto-match (approx. library): injury-shortened season, elite per-catch traits. Verify exact line on Sports-Reference.",CFBD_SYNC
5164352,Carterrious Brown,,SMU,ACC,WR,FR,74,190,"Monroe, LA",2025,,,,,,,,,,,,,,,3.0,25.0,0.0,8.33,DK Metcalf,WR,Ole Miss,2018,"~26 rec, 569 yds, 5 TD (approx.)","Auto-match (approx. library): injury-shortened season, elite per-catch traits. Verify exact line on Sports-Reference.",CFBD_SYNC
5141653,Daylon Singleton,,SMU,ACC,WR,SO,71,178,"Desoto, TX",2025,,,,,,,,,,,,,,,1.0,-1.0,0.0,-1.0,DK Metcalf,WR,Ole Miss,2018,"~26 rec, 569 yds, 5 TD (approx.)","Auto-match (approx. library): injury-shortened season, elite per-catch traits. Verify exact line on Sports-Reference.",CFBD_SYNC
5079523,Derrick McFall,,SMU,ACC,WR,SO,71,187,"Tyler, TX",2026,1,,,,,,,,,,,,,,1.0,12.0,0.0,12.0,DK Metcalf,WR,Ole Miss,2018,"~26 rec, 569 yds, 5 TD (approx.)","Auto-match (approx. library): injury-shortened season, elite per-catch traits. Verify exact line on Sports-Reference.",CFBD_SYNC
5079523,Derrick McFall,,SMU,ACC,WR,SO,71,187,"Tyler, TX",2025,,,,,,,,,,,35.0,189.0,4.0,5.4,19.0,160.0,2.0,8.42,Puka Nacua,WR,BYU,2022,"~48 rec, 625 yds, 5 TD (approx.)","Auto-match (approx. library): modest college volume, gadget rushing usage. Verify exact line on Sports-Reference.",CFBD_SYNC
5079523,Derrick McFall,,SMU,ACC,WR,SO,71,187,"Tyler, TX",2024,,,,,,,,,,,26.0,106.0,2.0,4.08,3.0,30.0,0.0,10.0,DK Metcalf,WR,Ole Miss,2018,"~26 rec, 569 yds, 5 TD (approx.)","Auto-match (approx. library): injury-shortened season, elite per-catch traits. Verify exact line on Sports-Reference.",CFBD_SYNC
5207842,Jalen Cooper,,SMU,ACC,WR,SO,74,180,"Cibolo, TX",2026,1,,,,,,,,,,,,,,4.0,71.0,1.0,17.75,DK Metcalf,WR,Ole Miss,2018,"~26 rec, 569 yds, 5 TD (approx.)","Auto-match (approx. library): injury-shortened season, elite per-catch traits. Verify exact line on Sports-Reference.",CFBD_SYNC
5207842,Jalen Cooper,,SMU,ACC,WR,SO,74,180,"Cibolo, TX",2025,,,,,,,,,,,,,,,19.0,321.0,2.0,16.89,Jaylen Waddle,WR,Alabama,2020,"~28 rec, 591 yds, 4 TD (approx.)","Auto-match (approx. library): injury-shortened season, explosive per-touch profile. Verify exact line on Sports-Reference.",CFBD_SYNC
4870776,Jalen Hale,,SMU,ACC,WR,JR,73,198,"Longview, TX",2026,1,,,,,,,,,,1.0,4.0,0.0,4.0,2.0,70.0,0.0,35.0,DK Metcalf,WR,Ole Miss,2018,"~26 rec, 569 yds, 5 TD (approx.)","Auto-match (approx. library): injury-shortened season, elite per-catch traits. Verify exact line on Sports-Reference.",CFBD_SYNC
5121750,Yamir Knight,,SMU,ACC,WR,SR,68,186,"Smyrna, DE",2026,1,,,,,,,,,,,,,,6.0,49.0,0.0,8.17,DK Metcalf,WR,Ole Miss,2018,"~26 rec, 569 yds, 5 TD (approx.)","Auto-match (approx. library): injury-shortened season, elite per-catch traits. Verify exact line on Sports-Reference.",CFBD_SYNC
5121750,Yamir Knight,,SMU,ACC,WR,SR,68,186,"Smyrna, DE",2025,,,,,,,,,,,1.0,2.0,0.0,2.0,54.0,637.0,5.0,11.8,Stefon Diggs,WR,Maryland,2014,"~62 rec, 792 yds, 5 TD (approx.)","Auto-match (approx. library): moderate college volume, traits over production. Verify exact line on Sports-Reference.",CFBD_SYNC
5155519,Yannick Smith,,SMU,ACC,WR,JR,75,207,"Summerville, SC",2026,1,,,,,,,,,,,,,,5.0,107.0,1.0,21.4,DK Metcalf,WR,Ole Miss,2018,"~26 rec, 569 yds, 5 TD (approx.)","Auto-match (approx. library): injury-shortened season, elite per-catch traits. Verify exact line on Sports-Reference.",CFBD_SYNC
5294219,Atticus Joseph,,Stanford,ACC,WR,FR,72,170,"Snellville, GA",2026,1,,,,,,,,,,,,,,4.0,52.0,1.0,13.0,DK Metcalf,WR,Ole Miss,2018,"~26 rec, 569 yds, 5 TD (approx.)","Auto-match (approx. library): injury-shortened season, elite per-catch traits. Verify exact line on Sports-Reference.",CFBD_SYNC
5231354,Caden High,,Stanford,ACC,WR,SR,70,165,"Atlanta, GA",2026,1,,,,,,,,,,,,,,6.0,92.0,0.0,15.33,DK Metcalf,WR,Ole Miss,2018,"~26 rec, 569 yds, 5 TD (approx.)","Auto-match (approx. library): injury-shortened season, elite per-catch traits. Verify exact line on Sports-Reference.",CFBD_SYNC
5231354,Caden High,,Stanford,ACC,WR,SR,70,165,"Atlanta, GA",2025,,,,,,,,,,,2.0,-5.0,0.0,-2.5,37.0,414.0,1.0,11.19,Jaylen Waddle,WR,Alabama,2020,"~28 rec, 591 yds, 4 TD (approx.)","Auto-match (approx. library): injury-shortened season, explosive per-touch profile. Verify exact line on Sports-Reference.",CFBD_SYNC
5079613,Emmett Mosley V,,Stanford,ACC,WR,JR,74,199,"Chicago, IL",2024,,,,,,,,,,,12.0,6.0,0.0,0.5,48.0,525.0,6.0,10.94,Jaylen Waddle,WR,Alabama,2020,"~28 rec, 591 yds, 4 TD (approx.)","Auto-match (approx. library): injury-shortened season, explosive per-touch profile. Verify exact line on Sports-Reference.",CFBD_SYNC
5120970,Ismael Cisse,,Stanford,ACC,WR,SR,72,198,"Denver, CO",2024,,,,,,,,,,,4.0,2.0,0.0,0.5,26.0,241.0,2.0,9.27,Jaylen Waddle,WR,Alabama,2020,"~28 rec, 591 yds, 4 TD (approx.)","Auto-match (approx. library): injury-shortened season, explosive per-touch profile. Verify exact line on Sports-Reference.",CFBD_SYNC
5114311,Jackson Harris,,Stanford,ACC,WR,JR,74,202,"Berkeley, CA",2024,,,,,,,,,,,,,,,3.0,19.0,1.0,6.33,DK Metcalf,WR,Ole Miss,2018,"~26 rec, 569 yds, 5 TD (approx.)","Auto-match (approx. library): injury-shortened season, elite per-catch traits. Verify exact line on Sports-Reference.",CFBD_SYNC
5208218,JonAnthony Hall,,Stanford,ACC,WR,FR,73,190,"Fishers, IN",2026,2,,,,,,,,,,,,,,3.0,87.0,0.0,29.0,DK Metcalf,WR,Ole Miss,2018,"~26 rec, 569 yds, 5 TD (approx.)","Auto-match (approx. library): injury-shortened season, elite per-catch traits. Verify exact line on Sports-Reference.",CFBD_SYNC
5114313,Jordan Onovughe,,Stanford,ACC,WR,JR,74,210,"Pomona, CA",2026,2,,,,,,,,,,,,,,6.0,36.0,0.0,6.0,DK Metcalf,WR,Ole Miss,2018,"~26 rec, 569 yds, 5 TD (approx.)","Auto-match (approx. library): injury-shortened season, elite per-catch traits. Verify exact line on Sports-Reference.",CFBD_SYNC
5114313,Jordan Onovughe,,Stanford,ACC,WR,JR,74,210,"Pomona, CA",2025,,,,,,,,,,,,,,,2.0,17.0,0.0,8.5,DK Metcalf,WR,Ole Miss,2018,"~26 rec, 569 yds, 5 TD (approx.)","Auto-match (approx. library): injury-shortened season, elite per-catch traits. Verify exact line on Sports-Reference.",CFBD_SYNC
5209298,Langdon Horace,,Stanford,ACC,WR,FR,71,180,"Stockton, CA",2026,1,,,,,,,,,,,,,,1.0,9.0,0.0,9.0,DK Metcalf,WR,Ole Miss,2018,"~26 rec, 569 yds, 5 TD (approx.)","Auto-match (approx. library): injury-shortened season, elite per-catch traits. Verify exact line on Sports-Reference.",CFBD_SYNC
5212732,Liam Thorpe,,Stanford,ACC,WR,SO,72,195,"New York, NY",2026,1,,,,,,,,,,,,,,3.0,44.0,0.0,14.67,DK Metcalf,WR,Ole Miss,2018,"~26 rec, 569 yds, 5 TD (approx.)","Auto-match (approx. library): injury-shortened season, elite per-catch traits. Verify exact line on Sports-Reference.",CFBD_SYNC
5219242,Marcus Brown,,Stanford,ACC,WR,SO,70,170,"Huntington Beach, CA",2026,1,,,,,,,,,,,,,,1.0,10.0,0.0,10.0,DK Metcalf,WR,Ole Miss,2018,"~26 rec, 569 yds, 5 TD (approx.)","Auto-match (approx. library): injury-shortened season, elite per-catch traits. Verify exact line on Sports-Reference.",CFBD_SYNC
5219242,Marcus Brown,,Stanford,ACC,WR,SO,70,170,"Huntington Beach, CA",2025,,,,,,,,,,,,,,,12.0,86.0,1.0,7.17,DK Metcalf,WR,Ole Miss,2018,"~26 rec, 569 yds, 5 TD (approx.)","Auto-match (approx. library): injury-shortened season, elite per-catch traits. Verify exact line on Sports-Reference.",CFBD_SYNC
5219242,Marcus Brown,,Stanford,ACC,WR,SO,70,170,"Huntington Beach, CA",2024,,,,,,,,,,,,,,,1.0,7.0,0.0,7.0,DK Metcalf,WR,Ole Miss,2018,"~26 rec, 569 yds, 5 TD (approx.)","Auto-match (approx. library): injury-shortened season, elite per-catch traits. Verify exact line on Sports-Reference.",CFBD_SYNC
4826505,Mudia Reuben,,Stanford,ACC,WR,SR,74,210,"Kansas City, MO",2024,,,,,,,,,,,,,,,4.0,31.0,1.0,7.75,DK Metcalf,WR,Ole Miss,2018,"~26 rec, 569 yds, 5 TD (approx.)","Auto-match (approx. library): injury-shortened season, elite per-catch traits. Verify exact line on Sports-Reference.",CFBD_SYNC
5156057,Myles Libman,,Stanford,ACC,WR,JR,72,185,"Scottsdale, AZ",2025,,,,,,,,,,,,,,,7.0,84.0,1.0,12.0,DK Metcalf,WR,Ole Miss,2018,"~26 rec, 569 yds, 5 TD (approx.)","Auto-match (approx. library): injury-shortened season, elite per-catch traits. Verify exact line on Sports-Reference.",CFBD_SYNC
4918421,Tiger Bachmeier,,Stanford,ACC,WR,SR,73,190,"Murrieta, CA",2024,,,,,,,,,,,1.0,-1.0,0.0,-1.0,10.0,67.0,0.0,6.7,DK Metcalf,WR,Ole Miss,2018,"~26 rec, 569 yds, 5 TD (approx.)","Auto-match (approx. library): injury-shortened season, elite per-catch traits. Verify exact line on Sports-Reference.",CFBD_SYNC
5217152,Zion Robinson,,Stanford,ACC,WR,FR,74,180,"Mansfield, TX",2026,2,,,,,,,,,,,,,,3.0,79.0,0.0,26.33,DK Metcalf,WR,Ole Miss,2018,"~26 rec, 569 yds, 5 TD (approx.)","Auto-match (approx. library): injury-shortened season, elite per-catch traits. Verify exact line on Sports-Reference.",CFBD_SYNC
5122076,Cole Weaver,,Syracuse,ACC,WR,JR,75,220,"Roswell, GA",2026,1,,,,,,,,,,,,,,3.0,32.0,0.0,10.67,DK Metcalf,WR,Ole Miss,2018,"~26 rec, 569 yds, 5 TD (approx.)","Auto-match (approx. library): injury-shortened season, elite per-catch traits. Verify exact line on Sports-Reference.",CFBD_SYNC
5206061,Darien Williams,,Syracuse,ACC,WR,SO,72,185,"Syracuse, NY",2026,1,,,,,,,,,,,,,,1.0,-3.0,0.0,-3.0,DK Metcalf,WR,Ole Miss,2018,"~26 rec, 569 yds, 5 TD (approx.)","Auto-match (approx. library): injury-shortened season, elite per-catch traits. Verify exact line on Sports-Reference.",CFBD_SYNC
5206061,Darien Williams,,Syracuse,ACC,WR,SO,72,185,"Syracuse, NY",2025,,,,,,,,,,,1.0,-5.0,0.0,-5.0,9.0,112.0,1.0,12.44,DK Metcalf,WR,Ole Miss,2018,"~26 rec, 569 yds, 5 TD (approx.)","Auto-match (approx. library): injury-shortened season, elite per-catch traits. Verify exact line on Sports-Reference.",CFBD_SYNC
5125819,Darrell Gill Jr.,,Syracuse,ACC,WR,SR,73,185,"Atascocita, TX",2025,,,,,,,,,,,1.0,1.0,0.0,1.0,32.0,506.0,5.0,15.81,DK Metcalf,WR,Ole Miss,2018,"~26 rec, 569 yds, 5 TD (approx.)","Auto-match (approx. library): injury-shortened season, elite per-catch traits. Verify exact line on Sports-Reference.",CFBD_SYNC
5125819,Darrell Gill Jr.,,Syracuse,ACC,WR,SR,73,185,"Atascocita, TX",2024,,,,,,,,,,,2.0,6.0,0.0,3.0,31.0,562.0,2.0,18.13,Jaylen Waddle,WR,Alabama,2020,"~28 rec, 591 yds, 4 TD (approx.)","Auto-match (approx. library): injury-shortened season, explosive per-touch profile. Verify exact line on Sports-Reference.",CFBD_SYNC
5125819,Darrell Gill Jr.,,Syracuse,ACC,WR,SR,73,185,"Atascocita, TX",2023,,,,,,,,,,,,,,,7.0,60.0,1.0,8.57,DK Metcalf,WR,Ole Miss,2018,"~26 rec, 569 yds, 5 TD (approx.)","Auto-match (approx. library): injury-shortened season, elite per-catch traits. Verify exact line on Sports-Reference.",CFBD_SYNC
5079704,Emanuel Ross,,Syracuse,ACC,WR,FR,74,202,"Jackson, NJ",2025,,,,,,,,,,,,,,,10.0,110.0,1.0,11.0,DK Metcalf,WR,Ole Miss,2018,"~26 rec, 569 yds, 5 TD (approx.)","Auto-match (approx. library): injury-shortened season, elite per-catch traits. Verify exact line on Sports-Reference.",CFBD_SYNC
5079704,Emanuel Ross,,Syracuse,ACC,WR,FR,74,202,"Jackson, NJ",2024,,,,,,,,,,,,,,,5.0,78.0,0.0,15.6,DK Metcalf,WR,Ole Miss,2018,"~26 rec, 569 yds, 5 TD (approx.)","Auto-match (approx. library): injury-shortened season, elite per-catch traits. Verify exact line on Sports-Reference.",CFBD_SYNC
5199946,Gabe Daniels,,Syracuse,ACC,WR,SO,74,190,"Atlanta, GA",2025,,,,,,,,,,,,,,,2.0,29.0,1.0,14.5,DK Metcalf,WR,Ole Miss,2018,"~26 rec, 569 yds, 5 TD (approx.)","Auto-match (approx. library): injury-shortened season, elite per-catch traits. Verify exact line on Sports-Reference.",CFBD_SYNC
5084905,Jaylan Hornsby,,Syracuse,ACC,WR,SO,75,215,"Montreal, PQ",2025,,,,,,,,,,,,,,,8.0,103.0,1.0,12.88,DK Metcalf,WR,Ole Miss,2018,"~26 rec, 569 yds, 5 TD (approx.)","Auto-match (approx. library): injury-shortened season, elite per-catch traits. Verify exact line on Sports-Reference.",CFBD_SYNC
5084905,Jaylan Hornsby,,Syracuse,ACC,WR,SO,75,215,"Montreal, PQ",2024,,,,,,,,,,,,,,,2.0,21.0,0.0,10.5,DK Metcalf,WR,Ole Miss,2018,"~26 rec, 569 yds, 5 TD (approx.)","Auto-match (approx. library): injury-shortened season, elite per-catch traits. Verify exact line on Sports-Reference.",CFBD_SYNC
4870656,Johntay Cook II,,Syracuse,ACC,WR,SR,71,190,"Desoto, TX",2025,,,,,,,,,,,1.0,18.0,0.0,18.0,47.0,559.0,2.0,11.89,Jaylen Waddle,WR,Alabama,2020,"~28 rec, 591 yds, 4 TD (approx.)","Auto-match (approx. library): injury-shortened season, explosive per-touch profile. Verify exact line on Sports-Reference.",CFBD_SYNC
5209143,Julian McFadden,,Syracuse,ACC,WR,FR,71,190,"Conshohocken, PA",2026,1,,,,,,,,,,,,,,1.0,6.0,0.0,6.0,DK Metcalf,WR,Ole Miss,2018,"~26 rec, 569 yds, 5 TD (approx.)","Auto-match (approx. library): injury-shortened season, elite per-catch traits. Verify exact line on Sports-Reference.",CFBD_SYNC
4910239,Justus Ross-Simmons,,Syracuse,ACC,WR,SR,75,210,"Rochester, NY",2025,,,,,,,,,,,,,,,20.0,312.0,5.0,15.6,DK Metcalf,WR,Ole Miss,2018,"~26 rec, 569 yds, 5 TD (approx.)","Auto-match (approx. library): injury-shortened season, elite per-catch traits. Verify exact line on Sports-Reference.",CFBD_SYNC
4910239,Justus Ross-Simmons,,Syracuse,ACC,WR,SR,75,210,"Rochester, NY",2024,,,,,,,,,,,,,,,9.0,202.0,2.0,22.44,DK Metcalf,WR,Ole Miss,2018,"~26 rec, 569 yds, 5 TD (approx.)","Auto-match (approx. library): injury-shortened season, elite per-catch traits. Verify exact line on Sports-Reference.",CFBD_SYNC
5208136,Matthew Outten,,Syracuse,ACC,WR,FR,73,215,"Portsmouth, VA",2026,1,,,,,,,,,,10.0,44.0,0.0,4.4,,,,,DK Metcalf,WR,Ole Miss,2018,"~26 rec, 569 yds, 5 TD (approx.)","Auto-match (approx. library): injury-shortened season, elite per-catch traits. Verify exact line on Sports-Reference.",CFBD_SYNC
5121471,Tyshawn Russell,,Syracuse,ACC,WR,JR,71,195,"Harrisburg, PA",2026,1,,,,,,,,,,,,,,2.0,25.0,0.0,12.5,DK Metcalf,WR,Ole Miss,2018,"~26 rec, 569 yds, 5 TD (approx.)","Auto-match (approx. library): injury-shortened season, elite per-catch traits. Verify exact line on Sports-Reference.",CFBD_SYNC
5121471,Tyshawn Russell,,Syracuse,ACC,WR,JR,71,195,"Harrisburg, PA",2025,,,,,,,,,,,2.0,4.0,0.0,2.0,8.0,84.0,0.0,10.5,DK Metcalf,WR,Ole Miss,2018,"~26 rec, 569 yds, 5 TD (approx.)","Auto-match (approx. library): injury-shortened season, elite per-catch traits. Verify exact line on Sports-Reference.",CFBD_SYNC
4691315,Umari Hatcher,,Syracuse,ACC,WR,SR,75,185,"Woodbridge, VA",2026,1,,,,,,,,,,1.0,11.0,0.0,11.0,8.0,147.0,2.0,18.38,DK Metcalf,WR,Ole Miss,2018,"~26 rec, 569 yds, 5 TD (approx.)","Auto-match (approx. library): injury-shortened season, elite per-catch traits. Verify exact line on Sports-Reference.",CFBD_SYNC
4691315,Umari Hatcher,,Syracuse,ACC,WR,SR,75,185,"Woodbridge, VA",2024,,,,,,,,,,,,,,,17.0,273.0,3.0,16.06,DK Metcalf,WR,Ole Miss,2018,"~26 rec, 569 yds, 5 TD (approx.)","Auto-match (approx. library): injury-shortened season, elite per-catch traits. Verify exact line on Sports-Reference.",CFBD_SYNC
4691315,Umari Hatcher,,Syracuse,ACC,WR,SR,75,185,"Woodbridge, VA",2023,,,,,,,,,,,,,,,32.0,482.0,3.0,15.06,Jaylen Waddle,WR,Alabama,2020,"~28 rec, 591 yds, 4 TD (approx.)","Auto-match (approx. library): injury-shortened season, explosive per-touch profile. Verify exact line on Sports-Reference.",CFBD_SYNC
4691315,Umari Hatcher,,Syracuse,ACC,WR,SR,75,185,"Woodbridge, VA",2022,,,,,,,,,,,,,,,3.0,42.0,1.0,14.0,DK Metcalf,WR,Ole Miss,2018,"~26 rec, 569 yds, 5 TD (approx.)","Auto-match (approx. library): injury-shortened season, elite per-catch traits. Verify exact line on Sports-Reference.",CFBD_SYNC
4685364,Andre Greene Jr.,,Virginia,ACC,WR,SR,74,205,"North Chesterfield, VA",2025,,,,,,,,,,,,,,,1.0,7.0,0.0,7.0,DK Metcalf,WR,Ole Miss,2018,"~26 rec, 569 yds, 5 TD (approx.)","Auto-match (approx. library): injury-shortened season, elite per-catch traits. Verify exact line on Sports-Reference.",CFBD_SYNC
4685364,Andre Greene Jr.,,Virginia,ACC,WR,SR,74,205,"North Chesterfield, VA",2024,,,,,,,,,,,,,,,9.0,74.0,0.0,8.22,DK Metcalf,WR,Ole Miss,2018,"~26 rec, 569 yds, 5 TD (approx.)","Auto-match (approx. library): injury-shortened season, elite per-catch traits. Verify exact line on Sports-Reference.",CFBD_SYNC
5222394,Da'Shawn Martin,,Virginia,ACC,WR,JR,72,180,"Springfield, OH",2026,1,,,,,,,,,,,,,,1.0,47.0,1.0,47.0,DK Metcalf,WR,Ole Miss,2018,"~26 rec, 569 yds, 5 TD (approx.)","Auto-match (approx. library): injury-shortened season, elite per-catch traits. Verify exact line on Sports-Reference.",CFBD_SYNC
4868249,Davis Lane,,Virginia,ACC,WR,SR,73,201,"Lynchburg, VA",2025,,,,,,,,,,,9.0,39.0,0.0,4.33,,,,,DK Metcalf,WR,Ole Miss,2018,"~26 rec, 569 yds, 5 TD (approx.)","Auto-match (approx. library): injury-shortened season, elite per-catch traits. Verify exact line on Sports-Reference.",CFBD_SYNC
4868249,Davis Lane,,Virginia,ACC,WR,SR,73,201,"Lynchburg, VA",2024,,,,,,,,,,,1.0,1.0,0.0,1.0,,,,,DK Metcalf,WR,Ole Miss,2018,"~26 rec, 569 yds, 5 TD (approx.)","Auto-match (approx. library): injury-shortened season, elite per-catch traits. Verify exact line on Sports-Reference.",CFBD_SYNC
4613165,Demick Starling,,Virginia,ACC,WR,SR,72,190,"Nashville, TN",2022,,,,,,,,,,,,,,,3.0,75.0,0.0,25.0,DK Metcalf,WR,Ole Miss,2018,"~26 rec, 569 yds, 5 TD (approx.)","Auto-match (approx. library): injury-shortened season, elite per-catch traits. Verify exact line on Sports-Reference.",CFBD_SYNC
4613165,Demick Starling,,Virginia,ACC,WR,SR,72,190,"Nashville, TN",2021,,,,,,,,,,,,,,,4.0,93.0,1.0,23.25,DK Metcalf,WR,Ole Miss,2018,"~26 rec, 569 yds, 5 TD (approx.)","Auto-match (approx. library): injury-shortened season, elite per-catch traits. Verify exact line on Sports-Reference.",CFBD_SYNC
5212231,Dillon Newton-Short,,Virginia,ACC,WR,SO,72,206,"Matoaca, VA",2025,,,,,,,,,,,,,,,3.0,39.0,0.0,13.0,DK Metcalf,WR,Ole Miss,2018,"~26 rec, 569 yds, 5 TD (approx.)","Auto-match (approx. library): injury-shortened season, elite per-catch traits. Verify exact line on Sports-Reference.",CFBD_SYNC
5081209,Eli Wood,,Virginia,ACC,WR,SR,74,210,"Lynchburg, VA",2025,,,,,,,,,,,1.0,3.0,1.0,3.0,16.0,205.0,2.0,12.81,DK Metcalf,WR,Ole Miss,2018,"~26 rec, 569 yds, 5 TD (approx.)","Auto-match (approx. library): injury-shortened season, elite per-catch traits. Verify exact line on Sports-Reference.",CFBD_SYNC
5081209,Eli Wood,,Virginia,ACC,WR,SR,74,210,"Lynchburg, VA",2024,,,,,,,,,,,,,,,3.0,15.0,0.0,5.0,DK Metcalf,WR,Ole Miss,2018,"~26 rec, 569 yds, 5 TD (approx.)","Auto-match (approx. library): injury-shortened season, elite per-catch traits. Verify exact line on Sports-Reference.",CFBD_SYNC
5141657,Isaiah Robinson,,Virginia,ACC,WR,SO,74,215,"Chester, VA",2025,,,,,,,,,,,,,,,3.0,28.0,0.0,9.33,DK Metcalf,WR,Ole Miss,2018,"~26 rec, 569 yds, 5 TD (approx.)","Auto-match (approx. library): injury-shortened season, elite per-catch traits. Verify exact line on Sports-Reference.",CFBD_SYNC
5141351,Josiah Abdullah,,Virginia,ACC,WR,SO,70,192,"Columbus, GA",2025,,,,,,,,,,,,,,,2.0,9.0,0.0,4.5,DK Metcalf,WR,Ole Miss,2018,"~26 rec, 569 yds, 5 TD (approx.)","Auto-match (approx. library): injury-shortened season, elite per-catch traits. Verify exact line on Sports-Reference.",CFBD_SYNC
5147376,Kameron Courtney,,Virginia,ACC,WR,JR,71,195,"Manassas, VA",2026,1,,,,,,,,,,,,,,3.0,12.0,0.0,4.0,DK Metcalf,WR,Ole Miss,2018,"~26 rec, 569 yds, 5 TD (approx.)","Auto-match (approx. library): injury-shortened season, elite per-catch traits. Verify exact line on Sports-Reference.",CFBD_SYNC
5147376,Kameron Courtney,,Virginia,ACC,WR,JR,71,195,"Manassas, VA",2025,,,,,,,,,,,4.0,38.0,1.0,9.5,25.0,234.0,0.0,9.36,Jaylen Waddle,WR,Alabama,2020,"~28 rec, 591 yds, 4 TD (approx.)","Auto-match (approx. library): injury-shortened season, explosive per-touch profile. Verify exact line on Sports-Reference.",CFBD_SYNC
5147376,Kameron Courtney,,Virginia,ACC,WR,JR,71,195,"Manassas, VA",2024,,,,,,,,,,,2.0,-6.0,0.0,-3.0,12.0,114.0,0.0,9.5,Jaylen Waddle,WR,Alabama,2020,"~28 rec, 591 yds, 4 TD (approx.)","Auto-match (approx. library): injury-shortened season, explosive per-touch profile. Verify exact line on Sports-Reference.",CFBD_SYNC
4912130,Trell Harris,,Virginia,ACC,WR,SR,72,200,"La Grange, IL",2025,,,,,,,,,,,,,,,59.0,847.0,5.0,14.36,Stefon Diggs,WR,Maryland,2014,"~62 rec, 792 yds, 5 TD (approx.)","Auto-match (approx. library): moderate college volume, traits over production. Verify exact line on Sports-Reference.",CFBD_SYNC
4912130,Trell Harris,,Virginia,ACC,WR,SR,72,200,"La Grange, IL",2024,,,,,,,,,,,,,,,15.0,221.0,2.0,14.73,DK Metcalf,WR,Ole Miss,2018,"~26 rec, 569 yds, 5 TD (approx.)","Auto-match (approx. library): injury-shortened season, elite per-catch traits. Verify exact line on Sports-Reference.",CFBD_SYNC
5085246,Ty'Lyric Coleman,,Virginia,ACC,WR,SR,74,198,"Danville, VA",2026,1,,,,,,,,,,,,,,2.0,31.0,0.0,15.5,DK Metcalf,WR,Ole Miss,2018,"~26 rec, 569 yds, 5 TD (approx.)","Auto-match (approx. library): injury-shortened season, elite per-catch traits. Verify exact line on Sports-Reference.",CFBD_SYNC
5085246,Ty'Lyric Coleman,,Virginia,ACC,WR,SR,74,198,"Danville, VA",2025,,,,,,,,,,,,,,,2.0,29.0,0.0,14.5,DK Metcalf,WR,Ole Miss,2018,"~26 rec, 569 yds, 5 TD (approx.)","Auto-match (approx. library): injury-shortened season, elite per-catch traits. Verify exact line on Sports-Reference.",CFBD_SYNC
5085246,Ty'Lyric Coleman,,Virginia,ACC,WR,SR,74,198,"Danville, VA",2024,,,,,,,,,,,,,,,4.0,33.0,0.0,8.25,DK Metcalf,WR,Ole Miss,2018,"~26 rec, 569 yds, 5 TD (approx.)","Auto-match (approx. library): injury-shortened season, elite per-catch traits. Verify exact line on Sports-Reference.",CFBD_SYNC
5296264,A.J. Brand,,Virginia Tech,ACC,WR,FR,73,210,"Charlotte, NC",2026,1,,,,,,,,,,2.0,10.0,1.0,5.0,1.0,5.0,0.0,5.0,DK Metcalf,WR,Ole Miss,2018,"~26 rec, 569 yds, 5 TD (approx.)","Auto-match (approx. library): injury-shortened season, elite per-catch traits. Verify exact line on Sports-Reference.",CFBD_SYNC
4918417,Ayden Greene,,Virginia Tech,ACC,WR,SR,73,194,"Knoxville, TN",2026,1,,,,,,,,,,,,,,3.0,23.0,0.0,7.67,DK Metcalf,WR,Ole Miss,2018,"~26 rec, 569 yds, 5 TD (approx.)","Auto-match (approx. library): injury-shortened season, elite per-catch traits. Verify exact line on Sports-Reference.",CFBD_SYNC
4918417,Ayden Greene,,Virginia Tech,ACC,WR,SR,73,194,"Knoxville, TN",2025,,,,,,,,,,,,,,,31.0,516.0,3.0,16.65,Jaylen Waddle,WR,Alabama,2020,"~28 rec, 591 yds, 4 TD (approx.)","Auto-match (approx. library): injury-shortened season, explosive per-touch profile. Verify exact line on Sports-Reference.",CFBD_SYNC
4918417,Ayden Greene,,Virginia Tech,ACC,WR,SR,73,194,"Knoxville, TN",2024,,,,,,,,,,,9.0,66.0,1.0,7.33,19.0,268.0,2.0,14.11,DK Metcalf,WR,Ole Miss,2018,"~26 rec, 569 yds, 5 TD (approx.)","Auto-match (approx. library): injury-shortened season, elite per-catch traits. Verify exact line on Sports-Reference.",CFBD_SYNC
4918417,Ayden Greene,,Virginia Tech,ACC,WR,SR,73,194,"Knoxville, TN",2023,,,,,,,,,,,,,,,5.0,56.0,0.0,11.2,DK Metcalf,WR,Ole Miss,2018,"~26 rec, 569 yds, 5 TD (approx.)","Auto-match (approx. library): injury-shortened season, elite per-catch traits. Verify exact line on Sports-Reference.",CFBD_SYNC
4870941,Cameron Seldon,,Virginia Tech,ACC,WR,SR,73,215,"Browns Store, VA",2025,,,,,,,,,,,7.0,28.0,0.0,4.0,23.0,165.0,2.0,7.17,DK Metcalf,WR,Ole Miss,2018,"~26 rec, 569 yds, 5 TD (approx.)","Auto-match (approx. library): injury-shortened season, elite per-catch traits. Verify exact line on Sports-Reference.",CFBD_SYNC
5079766,Chanz Wiggins,,Virginia Tech,ACC,WR,SO,75,202,"King George, VA",2026,1,,,,,,,,,,,,,,1.0,40.0,1.0,40.0,DK Metcalf,WR,Ole Miss,2018,"~26 rec, 569 yds, 5 TD (approx.)","Auto-match (approx. library): injury-shortened season, elite per-catch traits. Verify exact line on Sports-Reference.",CFBD_SYNC
4709669,Christian Moss,,Virginia Tech,ACC,WR,SR,75,205,"Kennesaw, GA",2022,,,,,,,,,,,,,,,6.0,71.0,0.0,11.83,DK Metcalf,WR,Ole Miss,2018,"~26 rec, 569 yds, 5 TD (approx.)","Auto-match (approx. library): injury-shortened season, elite per-catch traits. Verify exact line on Sports-Reference.",CFBD_SYNC
4680024,Da'Wain Lofton,,Virginia Tech,ACC,WR,SR,71,190,"Fort Worth, TX",2023,,,,,,,,,,,,,,,6.0,58.0,0.0,9.67,DK Metcalf,WR,Ole Miss,2018,"~26 rec, 569 yds, 5 TD (approx.)","Auto-match (approx. library): injury-shortened season, elite per-catch traits. Verify exact line on Sports-Reference.",CFBD_SYNC
4680024,Da'Wain Lofton,,Virginia Tech,ACC,WR,SR,71,190,"Fort Worth, TX",2022,,,,,,,,,,,1.0,-3.0,0.0,-3.0,22.0,254.0,2.0,11.55,Jaylen Waddle,WR,Alabama,2020,"~28 rec, 591 yds, 4 TD (approx.)","Auto-match (approx. library): injury-shortened season, explosive per-touch profile. Verify exact line on Sports-Reference.",CFBD_SYNC
4680024,Da'Wain Lofton,,Virginia Tech,ACC,WR,SR,71,190,"Fort Worth, TX",2021,,,,,,,,,,,,,,,7.0,98.0,1.0,14.0,DK Metcalf,WR,Ole Miss,2018,"~26 rec, 569 yds, 5 TD (approx.)","Auto-match (approx. library): injury-shortened season, elite per-catch traits. Verify exact line on Sports-Reference.",CFBD_SYNC
5158951,Davion Brown,,Virginia Tech,ACC,WR,FR,73,202,"Richmond, VA",2026,1,,,,,,,,,,,,,,3.0,31.0,0.0,10.33,DK Metcalf,WR,Ole Miss,2018,"~26 rec, 569 yds, 5 TD (approx.)","Auto-match (approx. library): injury-shortened season, elite per-catch traits. Verify exact line on Sports-Reference.",CFBD_SYNC
4917119,Devin Alves,,Virginia Tech,ACC,WR,SR,75,195,"Melbourne, FL",2025,,,,,,,,,,,,,,,3.0,45.0,1.0,15.0,DK Metcalf,WR,Ole Miss,2018,"~26 rec, 569 yds, 5 TD (approx.)","Auto-match (approx. library): injury-shortened season, elite per-catch traits. Verify exact line on Sports-Reference.",CFBD_SYNC
5154413,Isaiah Spencer,,Virginia Tech,ACC,WR,SR,74,205,"Flora, MS",2025,,,,,,,,,,,1.0,3.0,0.0,3.0,14.0,194.0,0.0,13.86,Jaylen Waddle,WR,Alabama,2020,"~28 rec, 591 yds, 4 TD (approx.)","Auto-match (approx. library): injury-shortened season, explosive per-touch profile. Verify exact line on Sports-Reference.",CFBD_SYNC
5079290,Keylen Adams,,Virginia Tech,ACC,WR,SO,72,192,"Virginia Beach, VA",2026,1,,,,,,,,,,,,,,2.0,8.0,0.0,4.0,DK Metcalf,WR,Ole Miss,2018,"~26 rec, 569 yds, 5 TD (approx.)","Auto-match (approx. library): injury-shortened season, elite per-catch traits. Verify exact line on Sports-Reference.",CFBD_SYNC
5079290,Keylen Adams,,Virginia Tech,ACC,WR,SO,72,192,"Virginia Beach, VA",2024,,,,,,,,,,,1.0,47.0,0.0,47.0,1.0,14.0,0.0,14.0,DK Metcalf,WR,Ole Miss,2018,"~26 rec, 569 yds, 5 TD (approx.)","Auto-match (approx. library): injury-shortened season, elite per-catch traits. Verify exact line on Sports-Reference.",CFBD_SYNC
5218787,Que'Sean Brown,,Virginia Tech,ACC,WR,JR,68,170,"Winston-Salem, NC",2026,1,,,,,,,,,,,,,,6.0,109.0,1.0,18.17,DK Metcalf,WR,Ole Miss,2018,"~26 rec, 569 yds, 5 TD (approx.)","Auto-match (approx. library): injury-shortened season, elite per-catch traits. Verify exact line on Sports-Reference.",CFBD_SYNC
5141601,Shamarius Peterkin,,Virginia Tech,ACC,WR,SO,74,183,"Winston-Salem, NC",2025,,,,,,,,,,,,,,,2.0,62.0,1.0,31.0,DK Metcalf,WR,Ole Miss,2018,"~26 rec, 569 yds, 5 TD (approx.)","Auto-match (approx. library): injury-shortened season, elite per-catch traits. Verify exact line on Sports-Reference.",CFBD_SYNC
4922987,Takye Heath,,Virginia Tech,ACC,WR,JR,69,172,"Richmond, VA",2025,,,,,,,,,,,1.0,5.0,0.0,5.0,22.0,200.0,3.0,9.09,DK Metcalf,WR,Ole Miss,2018,"~26 rec, 569 yds, 5 TD (approx.)","Auto-match (approx. library): injury-shortened season, elite per-catch traits. Verify exact line on Sports-Reference.",CFBD_SYNC
4922987,Takye Heath,,Virginia Tech,ACC,WR,JR,69,172,"Richmond, VA",2024,,,,,,,,,,,1.0,6.0,0.0,6.0,1.0,5.0,0.0,5.0,DK Metcalf,WR,Ole Miss,2018,"~26 rec, 569 yds, 5 TD (approx.)","Auto-match (approx. library): injury-shortened season, elite per-catch traits. Verify exact line on Sports-Reference.",CFBD_SYNC
4840118,Tucker Holloway,,Virginia Tech,ACC,WR,SR,74,190,"Andrews, NC",2025,,,,,,,,,,,,,,,5.0,82.0,0.0,16.4,DK Metcalf,WR,Ole Miss,2018,"~26 rec, 569 yds, 5 TD (approx.)","Auto-match (approx. library): injury-shortened season, elite per-catch traits. Verify exact line on Sports-Reference.",CFBD_SYNC
4840118,Tucker Holloway,,Virginia Tech,ACC,WR,SR,74,190,"Andrews, NC",2023,,,,,,,,,,,1.0,33.0,1.0,33.0,5.0,49.0,0.0,9.8,DK Metcalf,WR,Ole Miss,2018,"~26 rec, 569 yds, 5 TD (approx.)","Auto-match (approx. library): injury-shortened season, elite per-catch traits. Verify exact line on Sports-Reference.",CFBD_SYNC
4840118,Tucker Holloway,,Virginia Tech,ACC,WR,SR,74,190,"Andrews, NC",2022,,,,,,,,,,,,,,,3.0,18.0,0.0,6.0,DK Metcalf,WR,Ole Miss,2018,"~26 rec, 569 yds, 5 TD (approx.)","Auto-match (approx. library): injury-shortened season, elite per-catch traits. Verify exact line on Sports-Reference.",CFBD_SYNC
5079402,Tyseer Denmark,,Virginia Tech,ACC,WR,SO,70,183,"Philadelphia, PA",2026,1,,,,,,,,,,,,,,2.0,36.0,0.0,18.0,DK Metcalf,WR,Ole Miss,2018,"~26 rec, 569 yds, 5 TD (approx.)","Auto-match (approx. library): injury-shortened season, elite per-catch traits. Verify exact line on Sports-Reference.",CFBD_SYNC
5081172,Xayvion Turner-Bradshaw,,Virginia Tech,ACC,WR,SR,70,166,"Bluefield, VA",2023,,,,,,,,,,,4.0,73.0,1.0,18.25,1.0,9.0,0.0,9.0,DK Metcalf,WR,Ole Miss,2018,"~26 rec, 569 yds, 5 TD (approx.)","Auto-match (approx. library): injury-shortened season, elite per-catch traits. Verify exact line on Sports-Reference.",CFBD_SYNC
5099305,Antonio Meeks,,Wake Forest,ACC,WR,SR,73,205,"Lilburn, GA",2026,1,,,,,,,,,,,,,,3.0,93.0,1.0,31.0,DK Metcalf,WR,Ole Miss,2018,"~26 rec, 569 yds, 5 TD (approx.)","Auto-match (approx. library): injury-shortened season, elite per-catch traits. Verify exact line on Sports-Reference.",CFBD_SYNC
5216695,Bryce Kania,,Wake Forest,ACC,WR,FR,76,200,"Chatham, NJ",2026,1,,,,,,,,,,,,,,2.0,15.0,0.0,7.5,DK Metcalf,WR,Ole Miss,2018,"~26 rec, 569 yds, 5 TD (approx.)","Auto-match (approx. library): injury-shortened season, elite per-catch traits. Verify exact line on Sports-Reference.",CFBD_SYNC
5153074,Carlos Hernandez,,Wake Forest,ACC,WR,SR,72,192,"Alhambra, CA",2026,1,,,,,,,,,,,,,,5.0,165.0,1.0,33.0,DK Metcalf,WR,Ole Miss,2018,"~26 rec, 569 yds, 5 TD (approx.)","Auto-match (approx. library): injury-shortened season, elite per-catch traits. Verify exact line on Sports-Reference.",CFBD_SYNC
5153074,Carlos Hernandez,,Wake Forest,ACC,WR,SR,72,192,"Alhambra, CA",2025,,,,,,,,,,,1.0,54.0,1.0,54.0,40.0,611.0,3.0,15.28,Jaylen Waddle,WR,Alabama,2020,"~28 rec, 591 yds, 4 TD (approx.)","Auto-match (approx. library): injury-shortened season, explosive per-touch profile. Verify exact line on Sports-Reference.",CFBD_SYNC
5148822,Chris Barnes,,Wake Forest,ACC,WR,SO,67,169,"Houston, TX",2025,,,,,,,,,,,13.0,143.0,0.0,11.0,39.0,547.0,3.0,14.03,Puka Nacua,WR,BYU,2022,"~48 rec, 625 yds, 5 TD (approx.)","Auto-match (approx. library): modest college volume, gadget rushing usage. Verify exact line on Sports-Reference.",CFBD_SYNC
5152158,Deuce Alexander,,Wake Forest,ACC,WR,JR,72,180,"Douglasville, GA",2024,,,,,,,,,,,1.0,3.0,0.0,3.0,36.0,400.0,2.0,11.11,Jaylen Waddle,WR,Alabama,2020,"~28 rec, 591 yds, 4 TD (approx.)","Auto-match (approx. library): injury-shortened season, explosive per-touch profile. Verify exact line on Sports-Reference.",CFBD_SYNC
5152158,Deuce Alexander,,Wake Forest,ACC,WR,JR,72,180,"Douglasville, GA",2023,,,,,,,,,,,,,,,2.0,30.0,1.0,15.0,DK Metcalf,WR,Ole Miss,2018,"~26 rec, 569 yds, 5 TD (approx.)","Auto-match (approx. library): injury-shortened season, elite per-catch traits. Verify exact line on Sports-Reference.",CFBD_SYNC
5151274,Drayden Dickmann,,Wake Forest,ACC,WR,JR,71,185,"Georgetown, TX",2026,1,,,,,,,,,,,,,,1.0,4.0,0.0,4.0,DK Metcalf,WR,Ole Miss,2018,"~26 rec, 569 yds, 5 TD (approx.)","Auto-match (approx. library): injury-shortened season, elite per-catch traits. Verify exact line on Sports-Reference.",CFBD_SYNC
5219011,EJ Reid,,Wake Forest,ACC,WR,SO,70,180,"Woodbridge, VA",2024,,,,,,,,,,,1.0,3.0,0.0,3.0,,,,,DK Metcalf,WR,Ole Miss,2018,"~26 rec, 569 yds, 5 TD (approx.)","Auto-match (approx. library): injury-shortened season, elite per-catch traits. Verify exact line on Sports-Reference.",CFBD_SYNC
4711408,Horatio Fields,,Wake Forest,ACC,WR,SR,74,210,"Douglasville, GA",2024,,,,,,,,,,,,,,,39.0,463.0,4.0,11.87,Jaylen Waddle,WR,Alabama,2020,"~28 rec, 591 yds, 4 TD (approx.)","Auto-match (approx. library): injury-shortened season, explosive per-touch profile. Verify exact line on Sports-Reference.",CFBD_SYNC
4711408,Horatio Fields,,Wake Forest,ACC,WR,SR,74,210,"Douglasville, GA",2023,,,,,,,,,,,,,,,5.0,54.0,0.0,10.8,DK Metcalf,WR,Ole Miss,2018,"~26 rec, 569 yds, 5 TD (approx.)","Auto-match (approx. library): injury-shortened season, elite per-catch traits. Verify exact line on Sports-Reference.",CFBD_SYNC
5294107,Hugh O'Brien,,Wake Forest,ACC,WR,FR,72,190,"Charlotte, NC",2026,1,,,,,,,,,,,,,,1.0,6.0,0.0,6.0,DK Metcalf,WR,Ole Miss,2018,"~26 rec, 569 yds, 5 TD (approx.)","Auto-match (approx. library): injury-shortened season, elite per-catch traits. Verify exact line on Sports-Reference.",CFBD_SYNC
5239156,Jack Foley,,Wake Forest,ACC,WR,FR,76,205,"Bend, OR",2025,,,,,,,,,,,,,,,1.0,64.0,1.0,64.0,DK Metcalf,WR,Ole Miss,2018,"~26 rec, 569 yds, 5 TD (approx.)","Auto-match (approx. library): injury-shortened season, elite per-catch traits. Verify exact line on Sports-Reference.",CFBD_SYNC
5145453,Jeremiah Melvin,,Wake Forest,ACC,WR,JR,76,205,"Fayetteville, NC",2025,,,,,,,,,,,,,,,3.0,39.0,1.0,13.0,DK Metcalf,WR,Ole Miss,2018,"~26 rec, 569 yds, 5 TD (approx.)","Auto-match (approx. library): injury-shortened season, elite per-catch traits. Verify exact line on Sports-Reference.",CFBD_SYNC
5121666,Kam Shanks,,Wake Forest,ACC,WR,JR,68,169,"Prattville, AL",2026,1,,,,,,,,,,,,,,5.0,55.0,1.0,11.0,DK Metcalf,WR,Ole Miss,2018,"~26 rec, 569 yds, 5 TD (approx.)","Auto-match (approx. library): injury-shortened season, elite per-catch traits. Verify exact line on Sports-Reference.",CFBD_SYNC
4870826,Micah Mays Jr.,,Wake Forest,ACC,WR,SR,73,197,"West Palm Beach, FL",2025,,,,,,,,,,,,,,,18.0,302.0,2.0,16.78,Jaylen Waddle,WR,Alabama,2020,"~28 rec, 591 yds, 4 TD (approx.)","Auto-match (approx. library): injury-shortened season, explosive per-touch profile. Verify exact line on Sports-Reference.",CFBD_SYNC
4870826,Micah Mays Jr.,,Wake Forest,ACC,WR,SR,73,197,"West Palm Beach, FL",2024,,,,,,,,,,,,,,,16.0,218.0,2.0,13.62,DK Metcalf,WR,Ole Miss,2018,"~26 rec, 569 yds, 5 TD (approx.)","Auto-match (approx. library): injury-shortened season, elite per-catch traits. Verify exact line on Sports-Reference.",CFBD_SYNC
4882122,Sterling Berkhalter,,Wake Forest,ACC,WR,SR,75,196,"Cincinnati, OH",2025,,,,,,,,,,,,,,,30.0,416.0,2.0,13.87,Jaylen Waddle,WR,Alabama,2020,"~28 rec, 591 yds, 4 TD (approx.)","Auto-match (approx. library): injury-shortened season, explosive per-touch profile. Verify exact line on Sports-Reference.",CFBD_SYNC
4918121,Cole Adams,,Alabama,SEC,WR,SR,70,183,"Owasso, OK",2025,,,,,,,,,,,,,,,5.0,71.0,1.0,14.2,DK Metcalf,WR,Ole Miss,2018,"~26 rec, 569 yds, 5 TD (approx.)","Auto-match (approx. library): injury-shortened season, elite per-catch traits. Verify exact line on Sports-Reference.",CFBD_SYNC
4918121,Cole Adams,,Alabama,SEC,WR,SR,70,183,"Owasso, OK",2024,,,,,,,,,,,,,,,6.0,94.0,0.0,15.67,DK Metcalf,WR,Ole Miss,2018,"~26 rec, 569 yds, 5 TD (approx.)","Auto-match (approx. library): injury-shortened season, elite per-catch traits. Verify exact line on Sports-Reference.",CFBD_SYNC
4918121,Cole Adams,,Alabama,SEC,WR,SR,70,183,"Owasso, OK",2023,,,,,,,,,,,,,,,2.0,11.0,0.0,5.5,DK Metcalf,WR,Ole Miss,2018,"~26 rec, 569 yds, 5 TD (approx.)","Auto-match (approx. library): injury-shortened season, elite per-catch traits. Verify exact line on Sports-Reference.",CFBD_SYNC
5143923,Derek Meadows,,Alabama,SEC,WR,SO,77,212,"Las Vegas, NV",2026,1,,,,,,,,,,,,,,3.0,44.0,0.0,14.67,DK Metcalf,WR,Ole Miss,2018,"~26 rec, 569 yds, 5 TD (approx.)","Auto-match (approx. library): injury-shortened season, elite per-catch traits. Verify exact line on Sports-Reference.",CFBD_SYNC
4685383,Isaiah Horton,,Alabama,SEC,WR,SR,76,215,"Nashville, TN",2025,,,,,,,,,,,,,,,42.0,511.0,8.0,12.17,DK Metcalf,WR,Ole Miss,2018,"~26 rec, 569 yds, 5 TD (approx.)","Auto-match (approx. library): injury-shortened season, elite per-catch traits. Verify exact line on Sports-Reference.",CFBD_SYNC
4870776,Jalen Hale,,Alabama,SEC,WR,JR,73,198,"Longview, TX",2023,,,,,,,,,,,,,,,5.0,148.0,1.0,29.6,DK Metcalf,WR,Ole Miss,2018,"~26 rec, 569 yds, 5 TD (approx.)","Auto-match (approx. library): injury-shortened season, elite per-catch traits. Verify exact line on Sports-Reference.",CFBD_SYNC
5141394,Lotzeir Brooks,,Alabama,SEC,WR,SO,69,197,"Millville, NJ",2026,1,,,,,,,,,,1.0,0.0,0.0,0.0,2.0,23.0,0.0,11.5,DK Metcalf,WR,Ole Miss,2018,"~26 rec, 569 yds, 5 TD (approx.)","Auto-match (approx. library): injury-shortened season, elite per-catch traits. Verify exact line on Sports-Reference.",CFBD_SYNC
5141394,Lotzeir Brooks,,Alabama,SEC,WR,SO,69,197,"Millville, NJ",2025,,,,,,,,,,,5.0,7.0,0.0,1.4,32.0,441.0,2.0,13.78,Jaylen Waddle,WR,Alabama,2020,"~28 rec, 591 yds, 4 TD (approx.)","Auto-match (approx. library): injury-shortened season, explosive per-touch profile. Verify exact line on Sports-Reference.",CFBD_SYNC
5100330,MJ Chirgwin,,Alabama,SEC,WR,SR,72,195,"Huntington Beach, CA",2025,,,,,,,,,,,,,,,2.0,31.0,1.0,15.5,DK Metcalf,WR,Ole Miss,2018,"~26 rec, 569 yds, 5 TD (approx.)","Auto-match (approx. library): injury-shortened season, elite per-catch traits. Verify exact line on Sports-Reference.",CFBD_SYNC
5079714,Rico Scott,,Alabama,SEC,WR,JR,72,203,"Harrisburg, PA",2026,1,,,,,,,,,,,,,,2.0,21.0,0.0,10.5,DK Metcalf,WR,Ole Miss,2018,"~26 rec, 569 yds, 5 TD (approx.)","Auto-match (approx. library): injury-shortened season, elite per-catch traits. Verify exact line on Sports-Reference.",CFBD_SYNC
5079714,Rico Scott,,Alabama,SEC,WR,JR,72,203,"Harrisburg, PA",2025,,,,,,,,,,,,,,,11.0,98.0,2.0,8.91,DK Metcalf,WR,Ole Miss,2018,"~26 rec, 569 yds, 5 TD (approx.)","Auto-match (approx. library): injury-shortened season, elite per-catch traits. Verify exact line on Sports-Reference.",CFBD_SYNC
5079714,Rico Scott,,Alabama,SEC,WR,JR,72,203,"Harrisburg, PA",2024,,,,,,,,,,,1.0,28.0,0.0,28.0,5.0,60.0,1.0,12.0,DK Metcalf,WR,Ole Miss,2018,"~26 rec, 569 yds, 5 TD (approx.)","Auto-match (approx. library): injury-shortened season, elite per-catch traits. Verify exact line on Sports-Reference.",CFBD_SYNC
5141711,Ryan Coleman-Williams,,Alabama,SEC,WR,JR,72,184,"Saraland, AL",2026,1,,,,,,,,,,1.0,9.0,0.0,9.0,5.0,130.0,0.0,26.0,DK Metcalf,WR,Ole Miss,2018,"~26 rec, 569 yds, 5 TD (approx.)","Auto-match (approx. library): injury-shortened season, elite per-catch traits. Verify exact line on Sports-Reference.",CFBD_SYNC
5141711,Ryan Coleman-Williams,,Alabama,SEC,WR,JR,72,184,"Saraland, AL",2025,,,,,,,,,,,2.0,21.0,0.0,10.5,49.0,689.0,4.0,14.06,Stefon Diggs,WR,Maryland,2014,"~62 rec, 792 yds, 5 TD (approx.)","Auto-match (approx. library): moderate college volume, traits over production. Verify exact line on Sports-Reference.",CFBD_SYNC
5141711,Ryan Coleman-Williams,,Alabama,SEC,WR,JR,72,184,"Saraland, AL",2024,,,,,,,,,,,4.0,48.0,2.0,12.0,48.0,865.0,8.0,18.02,Ladd McConkey,WR,Georgia,2022,"~58 rec, 762 yds, 7 TD (approx.)",Auto-match (approx. library): slot separator with gadget usage in run-first offense. Verify exact line on Sports-Reference.,CFBD_SYNC
4870844,Andy Jean,,Arkansas,SEC,WR,SR,73,181,"Miami, FL",2025,,,,,,,,,,,,,,,1.0,21.0,0.0,21.0,DK Metcalf,WR,Ole Miss,2018,"~26 rec, 569 yds, 5 TD (approx.)","Auto-match (approx. library): injury-shortened season, elite per-catch traits. Verify exact line on Sports-Reference.",CFBD_SYNC
5201871,Antonio Jordan,,Arkansas,SEC,WR,SO,78,228,"Warren, AR",2026,1,,,,,,,,,,,,,,1.0,7.0,0.0,7.0,DK Metcalf,WR,Ole Miss,2018,"~26 rec, 569 yds, 5 TD (approx.)","Auto-match (approx. library): injury-shortened season, elite per-catch traits. Verify exact line on Sports-Reference.",CFBD_SYNC
5146719,CJ Brown,,Arkansas,SEC,WR,JR,73,195,"Bentonville, AR",2026,1,,,,,,,,,,,,,,3.0,37.0,0.0,12.33,DK Metcalf,WR,Ole Miss,2018,"~26 rec, 569 yds, 5 TD (approx.)","Auto-match (approx. library): injury-shortened season, elite per-catch traits. Verify exact line on Sports-Reference.",CFBD_SYNC
5146719,CJ Brown,,Arkansas,SEC,WR,JR,73,195,"Bentonville, AR",2025,,,,,,,,,,,,,,,28.0,319.0,3.0,11.39,Jaylen Waddle,WR,Alabama,2020,"~28 rec, 591 yds, 4 TD (approx.)","Auto-match (approx. library): injury-shortened season, explosive per-touch profile. Verify exact line on Sports-Reference.",CFBD_SYNC
5146719,CJ Brown,,Arkansas,SEC,WR,JR,73,195,"Bentonville, AR",2024,,,,,,,,,,,,,,,5.0,62.0,0.0,12.4,DK Metcalf,WR,Ole Miss,2018,"~26 rec, 569 yds, 5 TD (approx.)","Auto-match (approx. library): injury-shortened season, elite per-catch traits. Verify exact line on Sports-Reference.",CFBD_SYNC
4717430,Chris Marshall,,Arkansas,SEC,WR,SR,75,213,"Missouri City, TX",2026,1,,,,,,,,,,,,,,7.0,79.0,0.0,11.29,DK Metcalf,WR,Ole Miss,2018,"~26 rec, 569 yds, 5 TD (approx.)","Auto-match (approx. library): injury-shortened season, elite per-catch traits. Verify exact line on Sports-Reference.",CFBD_SYNC
5123477,Courtney Crutchfield,,Arkansas,SEC,WR,JR,74,187,"Pine Bluff, AR",2025,,,,,,,,,,,,,,,2.0,35.0,0.0,17.5,DK Metcalf,WR,Ole Miss,2018,"~26 rec, 569 yds, 5 TD (approx.)","Auto-match (approx. library): injury-shortened season, elite per-catch traits. Verify exact line on Sports-Reference.",CFBD_SYNC
5080819,Davion Dozier,,Arkansas,SEC,WR,SR,75,195,"Moody, AL",2024,,,,,,,,,,,,,,,1.0,13.0,0.0,13.0,DK Metcalf,WR,Ole Miss,2018,"~26 rec, 569 yds, 5 TD (approx.)","Auto-match (approx. library): injury-shortened season, elite per-catch traits. Verify exact line on Sports-Reference.",CFBD_SYNC
5080819,Davion Dozier,,Arkansas,SEC,WR,SR,75,195,"Moody, AL",2023,,,,,,,,,,,,,,,1.0,14.0,1.0,14.0,DK Metcalf,WR,Ole Miss,2018,"~26 rec, 569 yds, 5 TD (approx.)","Auto-match (approx. library): injury-shortened season, elite per-catch traits. Verify exact line on Sports-Reference.",CFBD_SYNC
5150276,Dazmin James,,Arkansas,SEC,WR,SR,74,200,"Clayton, NC",2024,,,,,,,,,,,,,,,3.0,137.0,1.0,45.67,DK Metcalf,WR,Ole Miss,2018,"~26 rec, 569 yds, 5 TD (approx.)","Auto-match (approx. library): injury-shortened season, elite per-catch traits. Verify exact line on Sports-Reference.",CFBD_SYNC
5159139,Donovan Faupel,,Arkansas,SEC,WR,SR,73,201,"Riverside, CA",2026,1,,,,,,,,,,,,,,1.0,9.0,0.0,9.0,DK Metcalf,WR,Ole Miss,2018,"~26 rec, 569 yds, 5 TD (approx.)","Auto-match (approx. library): injury-shortened season, elite per-catch traits. Verify exact line on Sports-Reference.",CFBD_SYNC
5080703,Isaiah Sategna III,,Arkansas,SEC,WR,SR,70,185,"Austin, TX",2024,,,,,,,,,,,1.0,15.0,0.0,15.0,37.0,490.0,1.0,13.24,Jaylen Waddle,WR,Alabama,2020,"~28 rec, 591 yds, 4 TD (approx.)","Auto-match (approx. library): injury-shortened season, explosive per-touch profile. Verify exact line on Sports-Reference.",CFBD_SYNC
5080703,Isaiah Sategna III,,Arkansas,SEC,WR,SR,70,185,"Austin, TX",2023,,,,,,,,,,,1.0,28.0,0.0,28.0,15.0,129.0,2.0,8.6,DK Metcalf,WR,Ole Miss,2018,"~26 rec, 569 yds, 5 TD (approx.)","Auto-match (approx. library): injury-shortened season, elite per-catch traits. Verify exact line on Sports-Reference.",CFBD_SYNC
5080703,Isaiah Sategna III,,Arkansas,SEC,WR,SR,70,185,"Austin, TX",2022,,,,,,,,,,,1.0,10.0,0.0,10.0,1.0,2.0,0.0,2.0,DK Metcalf,WR,Ole Miss,2018,"~26 rec, 569 yds, 5 TD (approx.)","Auto-match (approx. library): injury-shortened season, elite per-catch traits. Verify exact line on Sports-Reference.",CFBD_SYNC
5120970,Ismael Cisse,,Arkansas,SEC,WR,SR,72,198,"Denver, CO",2026,1,,,,,,,,,,,,,,1.0,20.0,1.0,20.0,DK Metcalf,WR,Ole Miss,2018,"~26 rec, 569 yds, 5 TD (approx.)","Auto-match (approx. library): injury-shortened season, elite per-catch traits. Verify exact line on Sports-Reference.",CFBD_SYNC
5079759,Jelani Watkins,,Arkansas,SEC,WR,JR,71,163,"Laplace, LA",2026,1,,,,,,,,,,2.0,21.0,0.0,10.5,1.0,6.0,0.0,6.0,DK Metcalf,WR,Ole Miss,2018,"~26 rec, 569 yds, 5 TD (approx.)","Auto-match (approx. library): injury-shortened season, elite per-catch traits. Verify exact line on Sports-Reference.",CFBD_SYNC
5121666,Kam Shanks,,Arkansas,SEC,WR,JR,68,169,"Prattville, AL",2025,,,,,,,,,,,1.0,4.0,0.0,4.0,9.0,101.0,1.0,11.22,DK Metcalf,WR,Ole Miss,2018,"~26 rec, 569 yds, 5 TD (approx.)","Auto-match (approx. library): injury-shortened season, elite per-catch traits. Verify exact line on Sports-Reference.",CFBD_SYNC
5193351,Krosse Johnson,,Arkansas,SEC,WR,SO,70,180,"New Orleans, LA",2025,,,,,,,,,,,,,,,1.0,9.0,0.0,9.0,DK Metcalf,WR,Ole Miss,2018,"~26 rec, 569 yds, 5 TD (approx.)","Auto-match (approx. library): injury-shortened season, elite per-catch traits. Verify exact line on Sports-Reference.",CFBD_SYNC
5193351,Krosse Johnson,,Arkansas,SEC,WR,SO,70,180,"New Orleans, LA",2024,,,,,,,,,,,,,,,2.0,25.0,0.0,12.5,DK Metcalf,WR,Ole Miss,2018,"~26 rec, 569 yds, 5 TD (approx.)","Auto-match (approx. library): injury-shortened season, elite per-catch traits. Verify exact line on Sports-Reference.",CFBD_SYNC
3116099,Monte Harrison,,Arkansas,SEC,WR,JR,75,222,"Lee's Summit, MO",2025,,,,,,,,,,,,,,,1.0,29.0,0.0,29.0,DK Metcalf,WR,Ole Miss,2018,"~26 rec, 569 yds, 5 TD (approx.)","Auto-match (approx. library): injury-shortened season, elite per-catch traits. Verify exact line on Sports-Reference.",CFBD_SYNC
3116099,Monte Harrison,,Arkansas,SEC,WR,JR,75,222,"Lee's Summit, MO",2024,,,,,,,,,,,,,,,2.0,29.0,0.0,14.5,DK Metcalf,WR,Ole Miss,2018,"~26 rec, 569 yds, 5 TD (approx.)","Auto-match (approx. library): injury-shortened season, elite per-catch traits. Verify exact line on Sports-Reference.",CFBD_SYNC
5145207,Bryce Cain,,Auburn,SEC,WR,SO,70,165,"Mobile, AL",2026,1,,,,,,,,,,1.0,25.0,0.0,25.0,,,,,DK Metcalf,WR,Ole Miss,2018,"~26 rec, 569 yds, 5 TD (approx.)","Auto-match (approx. library): injury-shortened season, elite per-catch traits. Verify exact line on Sports-Reference.",CFBD_SYNC
5145207,Bryce Cain,,Auburn,SEC,WR,SO,70,165,"Mobile, AL",2025,,,,,,,,,,,,,,,3.0,8.0,0.0,2.67,DK Metcalf,WR,Ole Miss,2018,"~26 rec, 569 yds, 5 TD (approx.)","Auto-match (approx. library): injury-shortened season, elite per-catch traits. Verify exact line on Sports-Reference.",CFBD_SYNC
5145207,Bryce Cain,,Auburn,SEC,WR,SO,70,165,"Mobile, AL",2024,,,,,,,,,,,,,,,2.0,33.0,0.0,16.5,DK Metcalf,WR,Ole Miss,2018,"~26 rec, 569 yds, 5 TD (approx.)","Auto-match (approx. library): injury-shortened season, elite per-catch traits. Verify exact line on Sports-Reference.",CFBD_SYNC
5079376,Cam Coleman,,Auburn,SEC,WR,JR,75,204,"Phenix City, AL",2025,,,,,,,,,,,,,,,57.0,725.0,5.0,12.72,Stefon Diggs,WR,Maryland,2014,"~62 rec, 792 yds, 5 TD (approx.)","Auto-match (approx. library): moderate college volume, traits over production. Verify exact line on Sports-Reference.",CFBD_SYNC
5079376,Cam Coleman,,Auburn,SEC,WR,JR,75,204,"Phenix City, AL",2024,,,,,,,,,,,,,,,37.0,598.0,8.0,16.16,DK Metcalf,WR,Ole Miss,2018,"~26 rec, 569 yds, 5 TD (approx.)","Auto-match (approx. library): injury-shortened season, elite per-catch traits. Verify exact line on Sports-Reference.",CFBD_SYNC
5219035,Cam King,,Auburn,SEC,WR,JR,72,200,"Ocala, FL",2025,,,,,,,,,,,,,,,1.0,6.0,0.0,6.0,DK Metcalf,WR,Ole Miss,2018,"~26 rec, 569 yds, 5 TD (approx.)","Auto-match (approx. library): injury-shortened season, elite per-catch traits. Verify exact line on Sports-Reference.",CFBD_SYNC
5081367,Chas Nimrod,,Auburn,SEC,WR,SR,74,200,"Bentonville, AR",2026,1,,,,,,,,,,,,,,4.0,41.0,0.0,10.25,DK Metcalf,WR,Ole Miss,2018,"~26 rec, 569 yds, 5 TD (approx.)","Auto-match (approx. library): injury-shortened season, elite per-catch traits. Verify exact line on Sports-Reference.",CFBD_SYNC
5095360,Eric Singleton Jr.,,Auburn,SEC,WR,SR,70,184,"Atlanta, GA",2025,,,1.0,0.0,0.0,0.0,0.0,0.0,0.0,0.0,14.0,61.0,0.0,4.36,58.0,534.0,3.0,9.21,Ladd McConkey,WR,Georgia,2022,"~58 rec, 762 yds, 7 TD (approx.)",Auto-match (approx. library): slot separator with gadget usage in run-first offense. Verify exact line on Sports-Reference.,CFBD_SYNC
4711408,Horatio Fields,,Auburn,SEC,WR,SR,74,210,"Douglasville, GA",2025,,,,,,,,,,,,,,,12.0,106.0,1.0,8.83,DK Metcalf,WR,Ole Miss,2018,"~26 rec, 569 yds, 5 TD (approx.)","Auto-match (approx. library): injury-shortened season, elite per-catch traits. Verify exact line on Sports-Reference.",CFBD_SYNC
5209679,Jeremiah Koger,,Auburn,SEC,WR,SO,75,213,"Baltimore, MD",2026,1,,,,,,,,,,,,,,5.0,66.0,0.0,13.2,DK Metcalf,WR,Ole Miss,2018,"~26 rec, 569 yds, 5 TD (approx.)","Auto-match (approx. library): injury-shortened season, elite per-catch traits. Verify exact line on Sports-Reference.",CFBD_SYNC
5121879,Keshaun Singleton,,Auburn,SEC,WR,JR,75,220,"Norcross, GA",2026,1,,,,,,,,,,,,,,7.0,89.0,0.0,12.71,DK Metcalf,WR,Ole Miss,2018,"~26 rec, 569 yds, 5 TD (approx.)","Auto-match (approx. library): injury-shortened season, elite per-catch traits. Verify exact line on Sports-Reference.",CFBD_SYNC
5079691,Malcolm Simmons,,Auburn,SEC,WR,JR,72,180,"Montgomery, AL",2025,,,,,,,,,,,4.0,42.0,1.0,10.5,25.0,457.0,2.0,18.28,Jaylen Waddle,WR,Alabama,2020,"~28 rec, 591 yds, 4 TD (approx.)","Auto-match (approx. library): injury-shortened season, explosive per-touch profile. Verify exact line on Sports-Reference.",CFBD_SYNC
5079691,Malcolm Simmons,,Auburn,SEC,WR,JR,72,180,"Montgomery, AL",2024,,,,,,,,,,,4.0,13.0,0.0,3.25,40.0,451.0,3.0,11.28,Jaylen Waddle,WR,Alabama,2020,"~28 rec, 591 yds, 4 TD (approx.)","Auto-match (approx. library): injury-shortened season, explosive per-touch profile. Verify exact line on Sports-Reference.",CFBD_SYNC
5079743,Perry Thompson,,Auburn,SEC,WR,JR,75,220,"Foley, AL",2025,,,,,,,,,,,,,,,17.0,154.0,0.0,9.06,Jaylen Waddle,WR,Alabama,2020,"~28 rec, 591 yds, 4 TD (approx.)","Auto-match (approx. library): injury-shortened season, explosive per-touch profile. Verify exact line on Sports-Reference.",CFBD_SYNC
5079743,Perry Thompson,,Auburn,SEC,WR,JR,75,220,"Foley, AL",2024,,,,,,,,,,,,,,,5.0,126.0,1.0,25.2,DK Metcalf,WR,Ole Miss,2018,"~26 rec, 569 yds, 5 TD (approx.)","Auto-match (approx. library): injury-shortened season, elite per-catch traits. Verify exact line on Sports-Reference.",CFBD_SYNC
4917945,Aidan Mizell,,Florida,SEC,WR,JR,73,177,"Orlando, FL",2025,,,,,,,,,,,,,,,19.0,177.0,1.0,9.32,Jaylen Waddle,WR,Alabama,2020,"~28 rec, 591 yds, 4 TD (approx.)","Auto-match (approx. library): injury-shortened season, explosive per-touch profile. Verify exact line on Sports-Reference.",CFBD_SYNC
4917945,Aidan Mizell,,Florida,SEC,WR,JR,73,177,"Orlando, FL",2024,,,,,,,,,,,,,,,17.0,202.0,2.0,11.88,DK Metcalf,WR,Ole Miss,2018,"~26 rec, 569 yds, 5 TD (approx.)","Auto-match (approx. library): injury-shortened season, elite per-catch traits. Verify exact line on Sports-Reference.",CFBD_SYNC
4917945,Aidan Mizell,,Florida,SEC,WR,JR,73,177,"Orlando, FL",2023,,,,,,,,,,,,,,,2.0,25.0,0.0,12.5,DK Metcalf,WR,Ole Miss,2018,"~26 rec, 569 yds, 5 TD (approx.)","Auto-match (approx. library): injury-shortened season, elite per-catch traits. Verify exact line on Sports-Reference.",CFBD_SYNC
4870844,Andy Jean,,Florida,SEC,WR,SR,73,181,"Miami, FL",2023,,,,,,,,,,,1.0,25.0,0.0,25.0,6.0,67.0,0.0,11.17,DK Metcalf,WR,Ole Miss,2018,"~26 rec, 569 yds, 5 TD (approx.)","Auto-match (approx. library): injury-shortened season, elite per-catch traits. Verify exact line on Sports-Reference.",CFBD_SYNC
5125593,Bailey Stockton,,Florida,SEC,WR,SR,70,183,"Bogart, GA",2026,1,,,,,,,,,,,,,,3.0,20.0,1.0,6.67,DK Metcalf,WR,Ole Miss,2018,"~26 rec, 569 yds, 5 TD (approx.)","Auto-match (approx. library): injury-shortened season, elite per-catch traits. Verify exact line on Sports-Reference.",CFBD_SYNC
5141723,Dallas Wilson,,Florida,SEC,WR,SO,75,212,"Tampa, FL",2026,1,,,,,,,,,,,,,,3.0,47.0,0.0,15.67,DK Metcalf,WR,Ole Miss,2018,"~26 rec, 569 yds, 5 TD (approx.)","Auto-match (approx. library): injury-shortened season, elite per-catch traits. Verify exact line on Sports-Reference.",CFBD_SYNC
5141723,Dallas Wilson,,Florida,SEC,WR,SO,75,212,"Tampa, FL",2025,,,,,,,,,,,,,,,12.0,162.0,3.0,13.5,DK Metcalf,WR,Ole Miss,2018,"~26 rec, 569 yds, 5 TD (approx.)","Auto-match (approx. library): injury-shortened season, elite per-catch traits. Verify exact line on Sports-Reference.",CFBD_SYNC
4921154,Eugene Wilson III,,Florida,SEC,WR,JR,71,190,"Tampa, FL",2025,,,,,,,,,,,3.0,12.0,0.0,4.0,27.0,239.0,3.0,8.85,DK Metcalf,WR,Ole Miss,2018,"~26 rec, 569 yds, 5 TD (approx.)","Auto-match (approx. library): injury-shortened season, elite per-catch traits. Verify exact line on Sports-Reference.",CFBD_SYNC
4921154,Eugene Wilson III,,Florida,SEC,WR,JR,71,190,"Tampa, FL",2024,,,,,,,,,,,1.0,0.0,0.0,0.0,19.0,266.0,1.0,14.0,Jaylen Waddle,WR,Alabama,2020,"~28 rec, 591 yds, 4 TD (approx.)","Auto-match (approx. library): injury-shortened season, explosive per-touch profile. Verify exact line on Sports-Reference.",CFBD_SYNC
4921154,Eugene Wilson III,,Florida,SEC,WR,JR,71,190,"Tampa, FL",2023,,,,,,,,,,,7.0,44.0,0.0,6.29,61.0,538.0,6.0,8.82,Ladd McConkey,WR,Georgia,2022,"~58 rec, 762 yds, 7 TD (approx.)",Auto-match (approx. library): slot separator with gadget usage in run-first offense. Verify exact line on Sports-Reference.,CFBD_SYNC
5151897,Jackson Wade,,Florida,SEC,WR,JR,72,180,"Dallas, GA",2025,,,,,,,,,,,,,,,1.0,10.0,0.0,10.0,DK Metcalf,WR,Ole Miss,2018,"~26 rec, 569 yds, 5 TD (approx.)","Auto-match (approx. library): injury-shortened season, elite per-catch traits. Verify exact line on Sports-Reference.",CFBD_SYNC
5151897,Jackson Wade,,Florida,SEC,WR,JR,72,180,"Dallas, GA",2024,,,,,,,,,,,,,,,1.0,10.0,0.0,10.0,DK Metcalf,WR,Ole Miss,2018,"~26 rec, 569 yds, 5 TD (approx.)","Auto-match (approx. library): injury-shortened season, elite per-catch traits. Verify exact line on Sports-Reference.",CFBD_SYNC
4693740,Kahleil Jackson,,Florida,SEC,WR,SR,75,214,"Hawthorne, FL",2024,,,,,,,,,,,,,,,1.0,13.0,0.0,13.0,DK Metcalf,WR,Ole Miss,2018,"~26 rec, 569 yds, 5 TD (approx.)","Auto-match (approx. library): injury-shortened season, elite per-catch traits. Verify exact line on Sports-Reference.",CFBD_SYNC
4693740,Kahleil Jackson,,Florida,SEC,WR,SR,75,214,"Hawthorne, FL",2023,,,1.0,0.0,0.0,0.0,0.0,1.0,0.0,-200.0,,,,,21.0,251.0,1.0,11.95,Jaylen Waddle,WR,Alabama,2020,"~28 rec, 591 yds, 4 TD (approx.)","Auto-match (approx. library): injury-shortened season, explosive per-touch profile. Verify exact line on Sports-Reference.",CFBD_SYNC
4693740,Kahleil Jackson,,Florida,SEC,WR,SR,75,214,"Hawthorne, FL",2022,,,,,,,,,,,,,,,2.0,43.0,0.0,21.5,DK Metcalf,WR,Ole Miss,2018,"~26 rec, 569 yds, 5 TD (approx.)","Auto-match (approx. library): injury-shortened season, elite per-catch traits. Verify exact line on Sports-Reference.",CFBD_SYNC
4870826,Micah Mays Jr.,,Florida,SEC,WR,SR,73,197,"West Palm Beach, FL",2026,1,,,,,,,,,,,,,,2.0,15.0,0.0,7.5,DK Metcalf,WR,Ole Miss,2018,"~26 rec, 569 yds, 5 TD (approx.)","Auto-match (approx. library): injury-shortened season, elite per-catch traits. Verify exact line on Sports-Reference.",CFBD_SYNC
5207662,Muizz Tounkara,,Florida,SEC,WR,SO,75,210,"League City, TX",2025,,,,,,,,,,,,,,,2.0,12.0,0.0,6.0,DK Metcalf,WR,Ole Miss,2018,"~26 rec, 569 yds, 5 TD (approx.)","Auto-match (approx. library): injury-shortened season, elite per-catch traits. Verify exact line on Sports-Reference.",CFBD_SYNC
5141584,Naeshaun Montgomery,,Florida,SEC,WR,SO,73,190,"Central Falls, RI",2025,,,,,,,,,,,,,,,3.0,26.0,0.0,8.67,DK Metcalf,WR,Ole Miss,2018,"~26 rec, 569 yds, 5 TD (approx.)","Auto-match (approx. library): injury-shortened season, elite per-catch traits. Verify exact line on Sports-Reference.",CFBD_SYNC
5079289,TJ Abrams,,Florida,SEC,WR,JR,70,198,"Fort Myers, FL",2026,1,,,,,,,,,,,,,,1.0,63.0,0.0,63.0,DK Metcalf,WR,Ole Miss,2018,"~26 rec, 569 yds, 5 TD (approx.)","Auto-match (approx. library): injury-shortened season, elite per-catch traits. Verify exact line on Sports-Reference.",CFBD_SYNC
5079289,TJ Abrams,,Florida,SEC,WR,JR,70,198,"Fort Myers, FL",2025,,,,,,,,,,,,,,,14.0,202.0,0.0,14.43,Jaylen Waddle,WR,Alabama,2020,"~28 rec, 591 yds, 4 TD (approx.)","Auto-match (approx. library): injury-shortened season, explosive per-touch profile. Verify exact line on Sports-Reference.",CFBD_SYNC
5079289,TJ Abrams,,Florida,SEC,WR,JR,70,198,"Fort Myers, FL",2024,,,,,,,,,,,,,,,2.0,34.0,0.0,17.0,DK Metcalf,WR,Ole Miss,2018,"~26 rec, 569 yds, 5 TD (approx.)","Auto-match (approx. library): injury-shortened season, elite per-catch traits. Verify exact line on Sports-Reference.",CFBD_SYNC
5222221,Tank Hawkins,,Florida,SEC,WR,SO,70,180,"Fredericksburg, VA",2025,,,,,,,,,,,,,,,2.0,16.0,0.0,8.0,DK Metcalf,WR,Ole Miss,2018,"~26 rec, 569 yds, 5 TD (approx.)","Auto-match (approx. library): injury-shortened season, elite per-catch traits. Verify exact line on Sports-Reference.",CFBD_SYNC
5222221,Tank Hawkins,,Florida,SEC,WR,SO,70,180,"Fredericksburg, VA",2024,,,,,,,,,,,3.0,11.0,0.0,3.67,10.0,100.0,1.0,10.0,DK Metcalf,WR,Ole Miss,2018,"~26 rec, 569 yds, 5 TD (approx.)","Auto-match (approx. library): injury-shortened season, elite per-catch traits. Verify exact line on Sports-Reference.",CFBD_SYNC
5295811,Vernell Brown III,,Florida,SEC,WR,SO,71,178,"Gainesville, FL",2026,1,,,,,,,,,,1.0,14.0,0.0,14.0,6.0,117.0,1.0,19.5,DK Metcalf,WR,Ole Miss,2018,"~26 rec, 569 yds, 5 TD (approx.)","Auto-match (approx. library): injury-shortened season, elite per-catch traits. Verify exact line on Sports-Reference.",CFBD_SYNC
5295811,Vernell Brown III,,Florida,SEC,WR,SO,71,178,"Gainesville, FL",2025,,,,,,,,,,,1.0,14.0,0.0,14.0,40.0,524.0,0.0,13.1,Jaylen Waddle,WR,Alabama,2020,"~28 rec, 591 yds, 4 TD (approx.)","Auto-match (approx. library): injury-shortened season, explosive per-touch profile. Verify exact line on Sports-Reference.",CFBD_SYNC
4907671,Anthony Evans III,,Georgia,SEC,WR,SR,71,180,"Converse, TX",2024,,,,,,,,,,,3.0,50.0,0.0,16.67,9.0,88.0,0.0,9.78,DK Metcalf,WR,Ole Miss,2018,"~26 rec, 569 yds, 5 TD (approx.)","Auto-match (approx. library): injury-shortened season, elite per-catch traits. Verify exact line on Sports-Reference.",CFBD_SYNC
4907671,Anthony Evans III,,Georgia,SEC,WR,SR,71,180,"Converse, TX",2023,,,,,,,,,,,1.0,2.0,0.0,2.0,4.0,35.0,1.0,8.75,DK Metcalf,WR,Ole Miss,2018,"~26 rec, 569 yds, 5 TD (approx.)","Auto-match (approx. library): injury-shortened season, elite per-catch traits. Verify exact line on Sports-Reference.",CFBD_SYNC
4711421,CJ Smith,,Georgia,SEC,WR,SR,75,205,"Apopka, FL",2023,,,,,,,,,,,1.0,4.0,0.0,4.0,6.0,116.0,0.0,19.33,DK Metcalf,WR,Ole Miss,2018,"~26 rec, 569 yds, 5 TD (approx.)","Auto-match (approx. library): injury-shortened season, elite per-catch traits. Verify exact line on Sports-Reference.",CFBD_SYNC
5141749,CJ Wiley,,Georgia,SEC,WR,SO,76,210,"Baton Rouge, LA",2026,1,,,,,,,,,,,,,,1.0,6.0,0.0,6.0,DK Metcalf,WR,Ole Miss,2018,"~26 rec, 569 yds, 5 TD (approx.)","Auto-match (approx. library): injury-shortened season, elite per-catch traits. Verify exact line on Sports-Reference.",CFBD_SYNC
5141749,CJ Wiley,,Georgia,SEC,WR,SO,76,210,"Baton Rouge, LA",2025,,,,,,,,,,,,,,,3.0,20.0,0.0,6.67,DK Metcalf,WR,Ole Miss,2018,"~26 rec, 569 yds, 5 TD (approx.)","Auto-match (approx. library): injury-shortened season, elite per-catch traits. Verify exact line on Sports-Reference.",CFBD_SYNC
5263766,Craig Dandridge,,Georgia,SEC,WR,FR,73,185,"Memphis, TN",2026,1,,,,,,,,,,,,,,2.0,36.0,0.0,18.0,DK Metcalf,WR,Ole Miss,2018,"~26 rec, 569 yds, 5 TD (approx.)","Auto-match (approx. library): injury-shortened season, elite per-catch traits. Verify exact line on Sports-Reference.",CFBD_SYNC
5273767,Dallas Dickerson,,Georgia,SEC,WR,FR,72,185,"Athens, GA",2026,1,,,,,,,,,,,,,,1.0,17.0,0.0,17.0,DK Metcalf,WR,Ole Miss,2018,"~26 rec, 569 yds, 5 TD (approx.)","Auto-match (approx. library): injury-shortened season, elite per-catch traits. Verify exact line on Sports-Reference.",CFBD_SYNC
4702561,De'Nylon Morrissette,,Georgia,SEC,WR,SR,73,205,"Stone Mountain, GA",2022,,,,,,,,,,,1.0,8.0,0.0,8.0,4.0,34.0,0.0,8.5,DK Metcalf,WR,Ole Miss,2018,"~26 rec, 569 yds, 5 TD (approx.)","Auto-match (approx. library): injury-shortened season, elite per-catch traits. Verify exact line on Sports-Reference.",CFBD_SYNC
5132253,Isiah Canion,,Georgia,SEC,WR,JR,76,205,"Warner Robins, GA",2026,1,,,,,,,,,,,,,,2.0,22.0,0.0,11.0,DK Metcalf,WR,Ole Miss,2018,"~26 rec, 569 yds, 5 TD (approx.)","Auto-match (approx. library): injury-shortened season, elite per-catch traits. Verify exact line on Sports-Reference.",CFBD_SYNC
5150831,Jeremy Bell,,Georgia,SEC,WR,JR,72,175,"Homerville, GA",2026,1,,,,,,,,,,1.0,11.0,0.0,11.0,1.0,54.0,1.0,54.0,DK Metcalf,WR,Ole Miss,2018,"~26 rec, 569 yds, 5 TD (approx.)","Auto-match (approx. library): injury-shortened season, elite per-catch traits. Verify exact line on Sports-Reference.",CFBD_SYNC
5150831,Jeremy Bell,,Georgia,SEC,WR,JR,72,175,"Homerville, GA",2025,,,,,,,,,,,1.0,9.0,0.0,9.0,1.0,12.0,0.0,12.0,DK Metcalf,WR,Ole Miss,2018,"~26 rec, 569 yds, 5 TD (approx.)","Auto-match (approx. library): injury-shortened season, elite per-catch traits. Verify exact line on Sports-Reference.",CFBD_SYNC
5215017,Landon Roldan,,Georgia,SEC,WR,SO,72,185,"Bogart, GA",2026,1,,,,,,,,,,1.0,4.0,0.0,4.0,1.0,17.0,0.0,17.0,DK Metcalf,WR,Ole Miss,2018,"~26 rec, 569 yds, 5 TD (approx.)","Auto-match (approx. library): injury-shortened season, elite per-catch traits. Verify exact line on Sports-Reference.",CFBD_SYNC
5215017,Landon Roldan,,Georgia,SEC,WR,SO,72,185,"Bogart, GA",2025,,,1.0,1.0,100.0,16.0,0.0,0.0,16.0,234.4,1.0,-1.0,0.0,-1.0,1.0,6.0,0.0,6.0,DK Metcalf,WR,Ole Miss,2018,"~26 rec, 569 yds, 5 TD (approx.)","Auto-match (approx. library): injury-shortened season, elite per-catch traits. Verify exact line on Sports-Reference.",CFBD_SYNC
5078453,London Humphreys,,Georgia,SEC,WR,SR,74,200,"Nashville, TN",2025,,,,,,,,,,,1.0,7.0,0.0,7.0,18.0,276.0,3.0,15.33,DK Metcalf,WR,Ole Miss,2018,"~26 rec, 569 yds, 5 TD (approx.)","Auto-match (approx. library): injury-shortened season, elite per-catch traits. Verify exact line on Sports-Reference.",CFBD_SYNC
5078453,London Humphreys,,Georgia,SEC,WR,SR,74,200,"Nashville, TN",2024,,,,,,,,,,,,,,,15.0,244.0,2.0,16.27,DK Metcalf,WR,Ole Miss,2018,"~26 rec, 569 yds, 5 TD (approx.)","Auto-match (approx. library): injury-shortened season, elite per-catch traits. Verify exact line on Sports-Reference.",CFBD_SYNC
5130792,Nitro Tuggle,,Georgia,SEC,WR,JR,73,195,"Elkhart, IN",2024,,,,,,,,,,,,,,,3.0,34.0,0.0,11.33,DK Metcalf,WR,Ole Miss,2018,"~26 rec, 569 yds, 5 TD (approx.)","Auto-match (approx. library): injury-shortened season, elite per-catch traits. Verify exact line on Sports-Reference.",CFBD_SYNC
5105269,Sacovie White-Helton,,Georgia,SEC,WR,JR,69,180,"Cartersville, GA",2026,1,,,,,,,,,,,,,,3.0,34.0,0.0,11.33,DK Metcalf,WR,Ole Miss,2018,"~26 rec, 569 yds, 5 TD (approx.)","Auto-match (approx. library): injury-shortened season, elite per-catch traits. Verify exact line on Sports-Reference.",CFBD_SYNC
5105269,Sacovie White-Helton,,Georgia,SEC,WR,JR,69,180,"Cartersville, GA",2025,,,,,,,,,,,,,,,8.0,70.0,0.0,8.75,DK Metcalf,WR,Ole Miss,2018,"~26 rec, 569 yds, 5 TD (approx.)","Auto-match (approx. library): injury-shortened season, elite per-catch traits. Verify exact line on Sports-Reference.",CFBD_SYNC
5105269,Sacovie White-Helton,,Georgia,SEC,WR,JR,69,180,"Cartersville, GA",2024,,,,,,,,,,,,,,,4.0,38.0,0.0,9.5,DK Metcalf,WR,Ole Miss,2018,"~26 rec, 569 yds, 5 TD (approx.)","Auto-match (approx. library): injury-shortened season, elite per-catch traits. Verify exact line on Sports-Reference.",CFBD_SYNC
5141671,Talyn Taylor,,Georgia,SEC,WR,SO,72,190,"Geneva, IL",2026,1,,,,,,,,,,1.0,31.0,0.0,31.0,3.0,28.0,1.0,9.33,DK Metcalf,WR,Ole Miss,2018,"~26 rec, 569 yds, 5 TD (approx.)","Auto-match (approx. library): injury-shortened season, elite per-catch traits. Verify exact line on Sports-Reference.",CFBD_SYNC
5141671,Talyn Taylor,,Georgia,SEC,WR,SO,72,190,"Geneva, IL",2025,,,,,,,,,,,,,,,2.0,28.0,0.0,14.0,DK Metcalf,WR,Ole Miss,2018,"~26 rec, 569 yds, 5 TD (approx.)","Auto-match (approx. library): injury-shortened season, elite per-catch traits. Verify exact line on Sports-Reference.",CFBD_SYNC
5149473,Thomas Blackshear,,Georgia,SEC,WR,SO,73,200,"Savannah, GA",2026,1,,,,,,,,,,,,,,2.0,15.0,0.0,7.5,DK Metcalf,WR,Ole Miss,2018,"~26 rec, 569 yds, 5 TD (approx.)","Auto-match (approx. library): injury-shortened season, elite per-catch traits. Verify exact line on Sports-Reference.",CFBD_SYNC
5149473,Thomas Blackshear,,Georgia,SEC,WR,SO,73,200,"Savannah, GA",2025,,,,,,,,,,,,,,,2.0,23.0,0.0,11.5,DK Metcalf,WR,Ole Miss,2018,"~26 rec, 569 yds, 5 TD (approx.)","Auto-match (approx. library): injury-shortened season, elite per-catch traits. Verify exact line on Sports-Reference.",CFBD_SYNC
5297763,Tyler J. Williams,,Georgia,SEC,WR,SO,74,205,"Tampa, FL",2026,1,,,,,,,,,,,,,,1.0,27.0,0.0,27.0,DK Metcalf,WR,Ole Miss,2018,"~26 rec, 569 yds, 5 TD (approx.)","Auto-match (approx. library): injury-shortened season, elite per-catch traits. Verify exact line on Sports-Reference.",CFBD_SYNC
5297763,Tyler J. Williams,,Georgia,SEC,WR,SO,74,205,"Tampa, FL",2025,,,,,,,,,,,,,,,1.0,7.0,0.0,7.0,DK Metcalf,WR,Ole Miss,2018,"~26 rec, 569 yds, 5 TD (approx.)","Auto-match (approx. library): injury-shortened season, elite per-catch traits. Verify exact line on Sports-Reference.",CFBD_SYNC
4870635,Anthony Brown-Stephens,,Kentucky,SEC,WR,SR,70,178,"Springfield, OH",2024,,,,,,,,,,,7.0,31.0,0.0,4.43,5.0,77.0,2.0,15.4,DK Metcalf,WR,Ole Miss,2018,"~26 rec, 569 yds, 5 TD (approx.)","Auto-match (approx. library): injury-shortened season, elite per-catch traits. Verify exact line on Sports-Reference.",CFBD_SYNC
4870635,Anthony Brown-Stephens,,Kentucky,SEC,WR,SR,70,178,"Springfield, OH",2023,,,,,,,,,,,,,,,5.0,44.0,1.0,8.8,DK Metcalf,WR,Ole Miss,2018,"~26 rec, 569 yds, 5 TD (approx.)","Auto-match (approx. library): injury-shortened season, elite per-catch traits. Verify exact line on Sports-Reference.",CFBD_SYNC
5243671,Brock Coffman,,Kentucky,SEC,WR,SO,72,181,"Lexington, KY",2026,1,,,,,,,,,,,,,,1.0,38.0,0.0,38.0,DK Metcalf,WR,Ole Miss,2018,"~26 rec, 569 yds, 5 TD (approx.)","Auto-match (approx. library): injury-shortened season, elite per-catch traits. Verify exact line on Sports-Reference.",CFBD_SYNC
5141555,Cameron Miller,,Kentucky,SEC,WR,SO,70,180,"Camden, NJ",2025,,,,,,,,,,,,,,,13.0,141.0,0.0,10.85,Jaylen Waddle,WR,Alabama,2020,"~28 rec, 591 yds, 4 TD (approx.)","Auto-match (approx. library): injury-shortened season, explosive per-touch profile. Verify exact line on Sports-Reference.",CFBD_SYNC
4431647,Chauncey Magwood,,Kentucky,SEC,WR,SR,72,200,"Albany, GA",2022,,,,,,,,,,,,,,,7.0,104.0,1.0,14.86,DK Metcalf,WR,Ole Miss,2018,"~26 rec, 569 yds, 5 TD (approx.)","Auto-match (approx. library): injury-shortened season, elite per-catch traits. Verify exact line on Sports-Reference.",CFBD_SYNC
4431647,Chauncey Magwood,,Kentucky,SEC,WR,SR,72,200,"Albany, GA",2021,,,1.0,1.0,100.0,15.0,0.0,0.0,15.0,226.0,,,,,1.0,17.0,0.0,17.0,DK Metcalf,WR,Ole Miss,2018,"~26 rec, 569 yds, 5 TD (approx.)","Auto-match (approx. library): injury-shortened season, elite per-catch traits. Verify exact line on Sports-Reference.",CFBD_SYNC
5294137,DJ Miller,,Kentucky,SEC,WR,SO,75,208,"St. Louis, MO",2025,,,,,,,,,,,,,,,13.0,175.0,2.0,13.46,DK Metcalf,WR,Ole Miss,2018,"~26 rec, 569 yds, 5 TD (approx.)","Auto-match (approx. library): injury-shortened season, elite per-catch traits. Verify exact line on Sports-Reference.",CFBD_SYNC
5141449,Ja'Kayden Ferguson,,Kentucky,SEC,WR,SO,74,184,"Houston, TX",2026,1,,,,,,,,,,,,,,1.0,2.0,0.0,2.0,DK Metcalf,WR,Ole Miss,2018,"~26 rec, 569 yds, 5 TD (approx.)","Auto-match (approx. library): injury-shortened season, elite per-catch traits. Verify exact line on Sports-Reference.",CFBD_SYNC
5215172,Kenny Darby,,Kentucky,SEC,WR,FR,73,180,"Bossier City, LA",2026,1,,,,,,,,,,1.0,9.0,0.0,9.0,3.0,74.0,1.0,24.67,DK Metcalf,WR,Ole Miss,2018,"~26 rec, 569 yds, 5 TD (approx.)","Auto-match (approx. library): injury-shortened season, elite per-catch traits. Verify exact line on Sports-Reference.",CFBD_SYNC
5164691,Montavin Quisenberry,,Kentucky,SEC,WR,FR,70,180,"Danville, KY",2025,,,,,,,,,,,,,,,1.0,4.0,0.0,4.0,DK Metcalf,WR,Ole Miss,2018,"~26 rec, 569 yds, 5 TD (approx.)","Auto-match (approx. library): injury-shortened season, elite per-catch traits. Verify exact line on Sports-Reference.",CFBD_SYNC
4699866,Nic Anderson,,Kentucky,SEC,WR,SR,76,208,"Katy, TX",2026,1,,,,,,,,,,,,,,1.0,4.0,0.0,4.0,DK Metcalf,WR,Ole Miss,2018,"~26 rec, 569 yds, 5 TD (approx.)","Auto-match (approx. library): injury-shortened season, elite per-catch traits. Verify exact line on Sports-Reference.",CFBD_SYNC
5290572,Prince Jean,,Kentucky,SEC,WR,FR,73,187,"Valdosta, GA",2026,1,,,,,,,,,,,,,,2.0,27.0,1.0,13.5,DK Metcalf,WR,Ole Miss,2018,"~26 rec, 569 yds, 5 TD (approx.)","Auto-match (approx. library): injury-shortened season, elite per-catch traits. Verify exact line on Sports-Reference.",CFBD_SYNC
4587722,Troy Stellato,,Kentucky,SEC,WR,SR,73,195,"Fort Lauderdale, FL",2025,,,,,,,,,,,,,,,1.0,4.0,0.0,4.0,DK Metcalf,WR,Ole Miss,2018,"~26 rec, 569 yds, 5 TD (approx.)","Auto-match (approx. library): injury-shortened season, elite per-catch traits. Verify exact line on Sports-Reference.",CFBD_SYNC
5266919,Corey Barber Jr.,,LSU,SEC,WR,FR,71,188,"Trussville, AL",2026,1,,,,,,,,,,,,,,1.0,15.0,0.0,15.0,DK Metcalf,WR,Ole Miss,2018,"~26 rec, 569 yds, 5 TD (approx.)","Auto-match (approx. library): injury-shortened season, elite per-catch traits. Verify exact line on Sports-Reference.",CFBD_SYNC
5150834,Destyn Hill,,LSU,SEC,WR,JR,73,191,"Algiers, LA",2025,,,,,,,,,,,,,,,2.0,22.0,0.0,11.0,DK Metcalf,WR,Ole Miss,2018,"~26 rec, 569 yds, 5 TD (approx.)","Auto-match (approx. library): injury-shortened season, elite per-catch traits. Verify exact line on Sports-Reference.",CFBD_SYNC
4921154,Eugene Wilson III,,LSU,SEC,WR,JR,71,190,"Tampa, FL",2026,1,,,,,,,,,,1.0,9.0,0.0,9.0,4.0,35.0,0.0,8.75,DK Metcalf,WR,Ole Miss,2018,"~26 rec, 569 yds, 5 TD (approx.)","Auto-match (approx. library): injury-shortened season, elite per-catch traits. Verify exact line on Sports-Reference.",CFBD_SYNC
5114311,Jackson Harris,,LSU,SEC,WR,JR,74,202,"Berkeley, CA",2026,1,,,,,,,,,,,,,,1.0,32.0,0.0,32.0,DK Metcalf,WR,Ole Miss,2018,"~26 rec, 569 yds, 5 TD (approx.)","Auto-match (approx. library): injury-shortened season, elite per-catch traits. Verify exact line on Sports-Reference.",CFBD_SYNC
5081131,Javen Nicholas,,LSU,SEC,WR,SR,69,190,"New Orleans, LA",2024,,,,,,,,,,,,,,,3.0,24.0,0.0,8.0,DK Metcalf,WR,Ole Miss,2018,"~26 rec, 569 yds, 5 TD (approx.)","Auto-match (approx. library): injury-shortened season, elite per-catch traits. Verify exact line on Sports-Reference.",CFBD_SYNC
5081131,Javen Nicholas,,LSU,SEC,WR,SR,69,190,"New Orleans, LA",2022,,,,,,,,,,,,,,,1.0,2.0,0.0,2.0,DK Metcalf,WR,Ole Miss,2018,"~26 rec, 569 yds, 5 TD (approx.)","Auto-match (approx. library): injury-shortened season, elite per-catch traits. Verify exact line on Sports-Reference.",CFBD_SYNC
5121334,Jayce Brown,,LSU,SEC,WR,SR,71,175,"Fort Walton Beach, FL",2026,1,,,,,,,,,,,,,,1.0,14.0,0.0,14.0,DK Metcalf,WR,Ole Miss,2018,"~26 rec, 569 yds, 5 TD (approx.)","Auto-match (approx. library): injury-shortened season, elite per-catch traits. Verify exact line on Sports-Reference.",CFBD_SYNC
5079759,Jelani Watkins,,LSU,SEC,WR,JR,71,163,"Laplace, LA",2025,,,,,,,,,,,,,,,2.0,21.0,0.0,10.5,DK Metcalf,WR,Ole Miss,2018,"~26 rec, 569 yds, 5 TD (approx.)","Auto-match (approx. library): injury-shortened season, elite per-catch traits. Verify exact line on Sports-Reference.",CFBD_SYNC
4900640,Kyle Parker,,LSU,SEC,WR,SR,70,198,"Allen, TX",2025,,,,,,,,,,,,,,,31.0,330.0,4.0,10.65,DK Metcalf,WR,Ole Miss,2018,"~26 rec, 569 yds, 5 TD (approx.)","Auto-match (approx. library): injury-shortened season, elite per-catch traits. Verify exact line on Sports-Reference.",CFBD_SYNC
4900640,Kyle Parker,,LSU,SEC,WR,SR,70,198,"Allen, TX",2024,,,,,,,,,,,,,,,3.0,55.0,1.0,18.33,DK Metcalf,WR,Ole Miss,2018,"~26 rec, 569 yds, 5 TD (approx.)","Auto-match (approx. library): injury-shortened season, elite per-catch traits. Verify exact line on Sports-Reference.",CFBD_SYNC
4699866,Nic Anderson,,LSU,SEC,WR,SR,76,208,"Katy, TX",2025,,,,,,,,,,,,,,,12.0,106.0,2.0,8.83,DK Metcalf,WR,Ole Miss,2018,"~26 rec, 569 yds, 5 TD (approx.)","Auto-match (approx. library): injury-shortened season, elite per-catch traits. Verify exact line on Sports-Reference.",CFBD_SYNC
5149484,Phillip Wright III,,LSU,SEC,WR,FR,72,171,"Shrewsbury, LA",2026,1,,,,,,,,,,,,,,3.0,70.0,1.0,23.33,DK Metcalf,WR,Ole Miss,2018,"~26 rec, 569 yds, 5 TD (approx.)","Auto-match (approx. library): injury-shortened season, elite per-catch traits. Verify exact line on Sports-Reference.",CFBD_SYNC
5149484,Phillip Wright III,,LSU,SEC,WR,FR,72,171,"Shrewsbury, LA",2025,,,,,,,,,,,,,,,1.0,2.0,0.0,2.0,DK Metcalf,WR,Ole Miss,2018,"~26 rec, 569 yds, 5 TD (approx.)","Auto-match (approx. library): injury-shortened season, elite per-catch traits. Verify exact line on Sports-Reference.",CFBD_SYNC
5141697,Winston Watkins Jr.,,LSU,SEC,WR,SO,70,182,"Fort Myers, FL",2026,1,,,,,,,,,,1.0,14.0,0.0,14.0,7.0,110.0,1.0,15.71,DK Metcalf,WR,Ole Miss,2018,"~26 rec, 569 yds, 5 TD (approx.)","Auto-match (approx. library): injury-shortened season, elite per-catch traits. Verify exact line on Sports-Reference.",CFBD_SYNC
4907671,Anthony Evans III,,Mississippi State,SEC,WR,SR,71,180,"Converse, TX",2026,1,,,,,,,,,,,,,,7.0,118.0,1.0,16.86,DK Metcalf,WR,Ole Miss,2018,"~26 rec, 569 yds, 5 TD (approx.)","Auto-match (approx. library): injury-shortened season, elite per-catch traits. Verify exact line on Sports-Reference.",CFBD_SYNC
4907671,Anthony Evans III,,Mississippi State,SEC,WR,SR,71,180,"Converse, TX",2025,,,,,,,,,,,7.0,47.0,0.0,6.71,67.0,831.0,4.0,12.4,Stefon Diggs,WR,Maryland,2014,"~62 rec, 792 yds, 5 TD (approx.)","Auto-match (approx. library): moderate college volume, traits over production. Verify exact line on Sports-Reference.",CFBD_SYNC
4871088,Ayden Williams,,Mississippi State,SEC,WR,SR,75,205,"Ridgeland, MS",2025,,,,,,,,,,,,,,,21.0,252.0,0.0,12.0,Jaylen Waddle,WR,Alabama,2020,"~28 rec, 591 yds, 4 TD (approx.)","Auto-match (approx. library): injury-shortened season, explosive per-touch profile. Verify exact line on Sports-Reference.",CFBD_SYNC
5246589,Camden Capehart,,Mississippi State,SEC,WR,FR,68,180,"Winnsboro, TX",2026,1,,,,,,,,,,1.0,6.0,0.0,6.0,,,,,DK Metcalf,WR,Ole Miss,2018,"~26 rec, 569 yds, 5 TD (approx.)","Auto-match (approx. library): injury-shortened season, elite per-catch traits. Verify exact line on Sports-Reference.",CFBD_SYNC
4871040,Creed Whittemore,,Mississippi State,SEC,WR,SR,71,182,"Gainesville, FL",2024,,,,,,,,,,,1.0,41.0,1.0,41.0,4.0,65.0,0.0,16.25,DK Metcalf,WR,Ole Miss,2018,"~26 rec, 569 yds, 5 TD (approx.)","Auto-match (approx. library): injury-shortened season, elite per-catch traits. Verify exact line on Sports-Reference.",CFBD_SYNC
4871040,Creed Whittemore,,Mississippi State,SEC,WR,SR,71,182,"Gainesville, FL",2023,,,,,,,,,,,4.0,60.0,1.0,15.0,11.0,102.0,2.0,9.27,DK Metcalf,WR,Ole Miss,2018,"~26 rec, 569 yds, 5 TD (approx.)","Auto-match (approx. library): injury-shortened season, elite per-catch traits. Verify exact line on Sports-Reference.",CFBD_SYNC
5141501,Gracen Harris,,Mississippi State,SEC,WR,FR,71,175,"Ennis, TX",2026,1,,,,,,,,,,,,,,2.0,21.0,0.0,10.5,DK Metcalf,WR,Ole Miss,2018,"~26 rec, 569 yds, 5 TD (approx.)","Auto-match (approx. library): injury-shortened season, elite per-catch traits. Verify exact line on Sports-Reference.",CFBD_SYNC
5141501,Gracen Harris,,Mississippi State,SEC,WR,FR,71,175,"Ennis, TX",2025,,,,,,,,,,,,,,,1.0,4.0,0.0,4.0,DK Metcalf,WR,Ole Miss,2018,"~26 rec, 569 yds, 5 TD (approx.)","Auto-match (approx. library): injury-shortened season, elite per-catch traits. Verify exact line on Sports-Reference.",CFBD_SYNC
4431468,Jordan Mosley,,Mississippi State,SEC,WR,SR,72,195,"Mobile, AL",2025,,,,,,,,,,,,,,,8.0,168.0,1.0,21.0,DK Metcalf,WR,Ole Miss,2018,"~26 rec, 569 yds, 5 TD (approx.)","Auto-match (approx. library): injury-shortened season, elite per-catch traits. Verify exact line on Sports-Reference.",CFBD_SYNC
4431468,Jordan Mosley,,Mississippi State,SEC,WR,SR,72,195,"Mobile, AL",2024,,,,,,,,,,,,,,,23.0,405.0,3.0,17.61,Jaylen Waddle,WR,Alabama,2020,"~28 rec, 591 yds, 4 TD (approx.)","Auto-match (approx. library): injury-shortened season, explosive per-touch profile. Verify exact line on Sports-Reference.",CFBD_SYNC
4431468,Jordan Mosley,,Mississippi State,SEC,WR,SR,72,195,"Mobile, AL",2023,,,,,,,,,,,,,,,3.0,45.0,1.0,15.0,DK Metcalf,WR,Ole Miss,2018,"~26 rec, 569 yds, 5 TD (approx.)","Auto-match (approx. library): injury-shortened season, elite per-catch traits. Verify exact line on Sports-Reference.",CFBD_SYNC
4431468,Jordan Mosley,,Mississippi State,SEC,WR,SR,72,195,"Mobile, AL",2022,,,,,,,,,,,,,,,2.0,43.0,0.0,21.5,DK Metcalf,WR,Ole Miss,2018,"~26 rec, 569 yds, 5 TD (approx.)","Auto-match (approx. library): injury-shortened season, elite per-catch traits. Verify exact line on Sports-Reference.",CFBD_SYNC
5079345,Mario Craver,,Mississippi State,SEC,WR,JR,69,180,"Birmingham, AL",2024,,,,,,,,,,,3.0,7.0,0.0,2.33,17.0,368.0,3.0,21.65,DK Metcalf,WR,Ole Miss,2018,"~26 rec, 569 yds, 5 TD (approx.)","Auto-match (approx. library): injury-shortened season, elite per-catch traits. Verify exact line on Sports-Reference.",CFBD_SYNC
4603185,Markus Allen,,Mississippi State,SEC,WR,SR,74,212,"Dayton, OH",2025,,,,,,,,,,,,,,,1.0,7.0,0.0,7.0,DK Metcalf,WR,Ole Miss,2018,"~26 rec, 569 yds, 5 TD (approx.)","Auto-match (approx. library): injury-shortened season, elite per-catch traits. Verify exact line on Sports-Reference.",CFBD_SYNC
5076106,Marquis Johnson,,Mississippi State,SEC,WR,SR,71,190,"Dickinson, TX",2026,1,,,,,,,,,,,,,,3.0,99.0,1.0,33.0,DK Metcalf,WR,Ole Miss,2018,"~26 rec, 569 yds, 5 TD (approx.)","Auto-match (approx. library): injury-shortened season, elite per-catch traits. Verify exact line on Sports-Reference.",CFBD_SYNC
5372128,Matt Mayfield,,Mississippi State,SEC,WR,JR,74,185,"Sunset, LA",2026,1,,,,,,,,,,,,,,1.0,9.0,0.0,9.0,DK Metcalf,WR,Ole Miss,2018,"~26 rec, 569 yds, 5 TD (approx.)","Auto-match (approx. library): injury-shortened season, elite per-catch traits. Verify exact line on Sports-Reference.",CFBD_SYNC
4701593,Mojo Dortch,,Mississippi State,SEC,WR,SR,72,167,"Lucedale, MS",2022,,,,,,,,,,,,,,,1.0,1.0,0.0,1.0,DK Metcalf,WR,Ole Miss,2018,"~26 rec, 569 yds, 5 TD (approx.)","Auto-match (approx. library): injury-shortened season, elite per-catch traits. Verify exact line on Sports-Reference.",CFBD_SYNC
5132652,Ricky Johnson,,Mississippi State,SEC,WR,SO,74,185,"Warner Robins, GA",2025,,,,,,,,,,,1.0,-7.0,0.0,-7.0,3.0,17.0,0.0,5.67,DK Metcalf,WR,Ole Miss,2018,"~26 rec, 569 yds, 5 TD (approx.)","Auto-match (approx. library): injury-shortened season, elite per-catch traits. Verify exact line on Sports-Reference.",CFBD_SYNC
5132652,Ricky Johnson,,Mississippi State,SEC,WR,SO,74,185,"Warner Robins, GA",2024,,,,,,,,,,,,,,,2.0,9.0,0.0,4.5,DK Metcalf,WR,Ole Miss,2018,"~26 rec, 569 yds, 5 TD (approx.)","Auto-match (approx. library): injury-shortened season, elite per-catch traits. Verify exact line on Sports-Reference.",CFBD_SYNC
5146736,Sanfrisco Magee,,Mississippi State,SEC,WR,SO,74,200,"Mccomb, MS",2026,1,,,,,,,,,,,,,,4.0,35.0,1.0,8.75,DK Metcalf,WR,Ole Miss,2018,"~26 rec, 569 yds, 5 TD (approx.)","Auto-match (approx. library): injury-shortened season, elite per-catch traits. Verify exact line on Sports-Reference.",CFBD_SYNC
5146736,Sanfrisco Magee,,Mississippi State,SEC,WR,SO,74,200,"Mccomb, MS",2025,,,,,,,,,,,,,,,5.0,80.0,1.0,16.0,DK Metcalf,WR,Ole Miss,2018,"~26 rec, 569 yds, 5 TD (approx.)","Auto-match (approx. library): injury-shortened season, elite per-catch traits. Verify exact line on Sports-Reference.",CFBD_SYNC
5146736,Sanfrisco Magee,,Mississippi State,SEC,WR,SO,74,200,"Mccomb, MS",2024,,,,,,,,,,,,,,,1.0,6.0,0.0,6.0,DK Metcalf,WR,Ole Miss,2018,"~26 rec, 569 yds, 5 TD (approx.)","Auto-match (approx. library): injury-shortened season, elite per-catch traits. Verify exact line on Sports-Reference.",CFBD_SYNC
5079354,Stonka Burnside,,Mississippi State,SEC,WR,SO,73,192,"Starkville, MS",2025,,,,,,,,,,,1.0,6.0,0.0,6.0,,,,,DK Metcalf,WR,Ole Miss,2018,"~26 rec, 569 yds, 5 TD (approx.)","Auto-match (approx. library): injury-shortened season, elite per-catch traits. Verify exact line on Sports-Reference.",CFBD_SYNC
5079354,Stonka Burnside,,Mississippi State,SEC,WR,SO,73,192,"Starkville, MS",2024,,,,,,,,,,,,,,,1.0,-6.0,0.0,-6.0,DK Metcalf,WR,Ole Miss,2018,"~26 rec, 569 yds, 5 TD (approx.)","Auto-match (approx. library): injury-shortened season, elite per-catch traits. Verify exact line on Sports-Reference.",CFBD_SYNC
5245413,Zion Crumpton,,Mississippi State,SEC,WR,FR,73,165,"Montgomery, AL",2026,1,,,,,,,,,,,,,,2.0,35.0,0.0,17.5,DK Metcalf,WR,Ole Miss,2018,"~26 rec, 569 yds, 5 TD (approx.)","Auto-match (approx. library): injury-shortened season, elite per-catch traits. Verify exact line on Sports-Reference.",CFBD_SYNC
5079643,Zion Ragins,,Mississippi State,SEC,WR,SO,68,170,"Macon, GA",2026,1,,,,,,,,,,,,,,3.0,45.0,1.0,15.0,DK Metcalf,WR,Ole Miss,2018,"~26 rec, 569 yds, 5 TD (approx.)","Auto-match (approx. library): injury-shortened season, elite per-catch traits. Verify exact line on Sports-Reference.",CFBD_SYNC
5120454,Caleb Goodie Sr.,,Missouri,SEC,WR,SR,73,183,"Breaux Bridge, LA",2026,1,,,,,,,,,,,,,,1.0,5.0,0.0,5.0,DK Metcalf,WR,Ole Miss,2018,"~26 rec, 569 yds, 5 TD (approx.)","Auto-match (approx. library): injury-shortened season, elite per-catch traits. Verify exact line on Sports-Reference.",CFBD_SYNC
4870858,Cayden Lee,,Missouri,SEC,WR,SR,71,180,"Kennesaw, GA",2026,1,,,,,,,,,,,,,,4.0,80.0,1.0,20.0,DK Metcalf,WR,Ole Miss,2018,"~26 rec, 569 yds, 5 TD (approx.)","Auto-match (approx. library): injury-shortened season, elite per-catch traits. Verify exact line on Sports-Reference.",CFBD_SYNC
5156379,DaMarion Fowlkes,,Missouri,SEC,WR,SO,69,188,"Montgomery Village, MD",2026,1,,,,,,,,,,,,,,1.0,18.0,0.0,18.0,DK Metcalf,WR,Ole Miss,2018,"~26 rec, 569 yds, 5 TD (approx.)","Auto-match (approx. library): injury-shortened season, elite per-catch traits. Verify exact line on Sports-Reference.",CFBD_SYNC
5156379,DaMarion Fowlkes,,Missouri,SEC,WR,SO,69,188,"Montgomery Village, MD",2025,,,,,,,,,,,1.0,5.0,0.0,5.0,,,,,DK Metcalf,WR,Ole Miss,2018,"~26 rec, 569 yds, 5 TD (approx.)","Auto-match (approx. library): injury-shortened season, elite per-catch traits. Verify exact line on Sports-Reference.",CFBD_SYNC
5119307,Daniel Blood,,Missouri,SEC,WR,SR,71,190,"Destrehan, LA",2025,,,,,,,,,,,,,,,5.0,51.0,0.0,10.2,DK Metcalf,WR,Ole Miss,2018,"~26 rec, 569 yds, 5 TD (approx.)","Auto-match (approx. library): injury-shortened season, elite per-catch traits. Verify exact line on Sports-Reference.",CFBD_SYNC
5119307,Daniel Blood,,Missouri,SEC,WR,SR,71,190,"Destrehan, LA",2024,,,,,,,,,,,,,,,8.0,81.0,0.0,10.12,DK Metcalf,WR,Ole Miss,2018,"~26 rec, 569 yds, 5 TD (approx.)","Auto-match (approx. library): injury-shortened season, elite per-catch traits. Verify exact line on Sports-Reference.",CFBD_SYNC
5119307,Daniel Blood,,Missouri,SEC,WR,SR,71,190,"Destrehan, LA",2023,,,,,,,,,,,,,,,2.0,20.0,0.0,10.0,DK Metcalf,WR,Ole Miss,2018,"~26 rec, 569 yds, 5 TD (approx.)","Auto-match (approx. library): injury-shortened season, elite per-catch traits. Verify exact line on Sports-Reference.",CFBD_SYNC
5141582,Donovan Olugbode,,Missouri,SEC,WR,SO,74,210,"Chicago, IL",2026,1,,,,,,,,,,,,,,8.0,116.0,2.0,14.5,DK Metcalf,WR,Ole Miss,2018,"~26 rec, 569 yds, 5 TD (approx.)","Auto-match (approx. library): injury-shortened season, elite per-catch traits. Verify exact line on Sports-Reference.",CFBD_SYNC
5141582,Donovan Olugbode,,Missouri,SEC,WR,SO,74,210,"Chicago, IL",2025,,,,,,,,,,,,,,,30.0,401.0,2.0,13.37,Jaylen Waddle,WR,Alabama,2020,"~28 rec, 591 yds, 4 TD (approx.)","Auto-match (approx. library): injury-shortened season, explosive per-touch profile. Verify exact line on Sports-Reference.",CFBD_SYNC
4921113,Josh Manning,,Missouri,SEC,WR,SR,75,217,"Lee's Summit, MO",2025,,,,,,,,,,,1.0,-7.0,0.0,-7.0,29.0,318.0,2.0,10.97,Jaylen Waddle,WR,Alabama,2020,"~28 rec, 591 yds, 4 TD (approx.)","Auto-match (approx. library): injury-shortened season, explosive per-touch profile. Verify exact line on Sports-Reference.",CFBD_SYNC
4921113,Josh Manning,,Missouri,SEC,WR,SR,75,217,"Lee's Summit, MO",2024,,,,,,,,,,,1.0,4.0,1.0,4.0,13.0,192.0,1.0,14.77,DK Metcalf,WR,Ole Miss,2018,"~26 rec, 569 yds, 5 TD (approx.)","Auto-match (approx. library): injury-shortened season, elite per-catch traits. Verify exact line on Sports-Reference.",CFBD_SYNC
5076106,Marquis Johnson,,Missouri,SEC,WR,SR,71,190,"Dickinson, TX",2025,,,,,,,,,,,,,,,28.0,345.0,2.0,12.32,Jaylen Waddle,WR,Alabama,2020,"~28 rec, 591 yds, 4 TD (approx.)","Auto-match (approx. library): injury-shortened season, explosive per-touch profile. Verify exact line on Sports-Reference.",CFBD_SYNC
5076106,Marquis Johnson,,Missouri,SEC,WR,SR,71,190,"Dickinson, TX",2024,,,1.0,0.0,0.0,0.0,0.0,0.0,0.0,0.0,2.0,2.0,0.0,1.0,25.0,352.0,1.0,14.08,Jaylen Waddle,WR,Alabama,2020,"~28 rec, 591 yds, 4 TD (approx.)","Auto-match (approx. library): injury-shortened season, explosive per-touch profile. Verify exact line on Sports-Reference.",CFBD_SYNC
5076106,Marquis Johnson,,Missouri,SEC,WR,SR,71,190,"Dickinson, TX",2023,,,,,,,,,,,1.0,3.0,0.0,3.0,13.0,383.0,3.0,29.46,DK Metcalf,WR,Ole Miss,2018,"~26 rec, 569 yds, 5 TD (approx.)","Auto-match (approx. library): injury-shortened season, elite per-catch traits. Verify exact line on Sports-Reference.",CFBD_SYNC
4712886,Mekhi Miller,,Missouri,SEC,WR,SR,73,194,"Overland Park, KS",2024,,,,,,,,,,,1.0,-4.0,0.0,-4.0,3.0,35.0,0.0,11.67,DK Metcalf,WR,Ole Miss,2018,"~26 rec, 569 yds, 5 TD (approx.)","Auto-match (approx. library): injury-shortened season, elite per-catch traits. Verify exact line on Sports-Reference.",CFBD_SYNC
4712886,Mekhi Miller,,Missouri,SEC,WR,SR,73,194,"Overland Park, KS",2023,,,,,,,,,,,,,,,11.0,148.0,1.0,13.45,DK Metcalf,WR,Ole Miss,2018,"~26 rec, 569 yds, 5 TD (approx.)","Auto-match (approx. library): injury-shortened season, elite per-catch traits. Verify exact line on Sports-Reference.",CFBD_SYNC
4712886,Mekhi Miller,,Missouri,SEC,WR,SR,73,194,"Overland Park, KS",2022,,,,,,,,,,,,,,,8.0,128.0,0.0,16.0,Jaylen Waddle,WR,Alabama,2020,"~28 rec, 591 yds, 4 TD (approx.)","Auto-match (approx. library): injury-shortened season, explosive per-touch profile. Verify exact line on Sports-Reference.",CFBD_SYNC
5141584,Naeshaun Montgomery,,Missouri,SEC,WR,SO,73,190,"Central Falls, RI",2026,1,,,,,,,,,,,,,,3.0,47.0,0.0,15.67,DK Metcalf,WR,Ole Miss,2018,"~26 rec, 569 yds, 5 TD (approx.)","Auto-match (approx. library): injury-shortened season, elite per-catch traits. Verify exact line on Sports-Reference.",CFBD_SYNC
5195617,Shaun Terry II,,Missouri,SEC,WR,SO,71,180,"Ironton, OH",2026,1,,,,,,,,,,,,,,4.0,55.0,1.0,13.75,DK Metcalf,WR,Ole Miss,2018,"~26 rec, 569 yds, 5 TD (approx.)","Auto-match (approx. library): injury-shortened season, elite per-catch traits. Verify exact line on Sports-Reference.",CFBD_SYNC
5195617,Shaun Terry II,,Missouri,SEC,WR,SO,71,180,"Ironton, OH",2025,,,,,,,,,,,,,,,1.0,9.0,0.0,9.0,DK Metcalf,WR,Ole Miss,2018,"~26 rec, 569 yds, 5 TD (approx.)","Auto-match (approx. library): injury-shortened season, elite per-catch traits. Verify exact line on Sports-Reference.",CFBD_SYNC
5141719,Elijah Thomas,,Oklahoma,SEC,WR,SO,73,200,"Checotah, OK",2026,1,,,,,,,,,,,,,,1.0,24.0,0.0,24.0,DK Metcalf,WR,Ole Miss,2018,"~26 rec, 569 yds, 5 TD (approx.)","Auto-match (approx. library): injury-shortened season, elite per-catch traits. Verify exact line on Sports-Reference.",CFBD_SYNC
5141719,Elijah Thomas,,Oklahoma,SEC,WR,SO,73,200,"Checotah, OK",2025,,,,,,,,,,,,,,,1.0,5.0,0.0,5.0,DK Metcalf,WR,Ole Miss,2018,"~26 rec, 569 yds, 5 TD (approx.)","Auto-match (approx. library): injury-shortened season, elite per-catch traits. Verify exact line on Sports-Reference.",CFBD_SYNC
5080703,Isaiah Sategna III,,Oklahoma,SEC,WR,SR,70,185,"Austin, TX",2026,1,,,,,,,,,,,,,,4.0,76.0,1.0,19.0,DK Metcalf,WR,Ole Miss,2018,"~26 rec, 569 yds, 5 TD (approx.)","Auto-match (approx. library): injury-shortened season, elite per-catch traits. Verify exact line on Sports-Reference.",CFBD_SYNC
5080703,Isaiah Sategna III,,Oklahoma,SEC,WR,SR,70,185,"Austin, TX",2025,,,,,,,,,,,4.0,24.0,0.0,6.0,65.0,949.0,8.0,14.6,Deebo Samuel,WR,South Carolina,2018,"~62 rec, 882 yds, 11 TD (approx.)","Auto-match (approx. library): hybrid weapon, gadget rushing and return value. Verify exact line on Sports-Reference.",CFBD_SYNC
5114593,Ivan Carreon,,Oklahoma,SEC,WR,JR,78,238,"Odessa, TX",2025,,,,,,,,,,,,,,,2.0,35.0,0.0,17.5,DK Metcalf,WR,Ole Miss,2018,"~26 rec, 569 yds, 5 TD (approx.)","Auto-match (approx. library): injury-shortened season, elite per-catch traits. Verify exact line on Sports-Reference.",CFBD_SYNC
5114593,Ivan Carreon,,Oklahoma,SEC,WR,JR,78,238,"Odessa, TX",2024,,,,,,,,,,,,,,,10.0,89.0,0.0,8.9,Jaylen Waddle,WR,Alabama,2020,"~28 rec, 591 yds, 4 TD (approx.)","Auto-match (approx. library): injury-shortened season, explosive per-touch profile. Verify exact line on Sports-Reference.",CFBD_SYNC
5229489,JV Gibson,,Oklahoma,SEC,WR,SR,74,208,"Opelousas, LA",2025,,,1.0,1.0,100.0,8.0,0.0,0.0,8.0,167.2,,,,,18.0,199.0,1.0,11.06,Jaylen Waddle,WR,Alabama,2020,"~28 rec, 591 yds, 4 TD (approx.)","Auto-match (approx. library): injury-shortened season, explosive per-touch profile. Verify exact line on Sports-Reference.",CFBD_SYNC
5218767,Jacob Jordan,,Oklahoma,SEC,WR,JR,69,185,"Southlake, TX",2025,,,,,,,,,,,,,,,2.0,43.0,0.0,21.5,DK Metcalf,WR,Ole Miss,2018,"~26 rec, 569 yds, 5 TD (approx.)","Auto-match (approx. library): injury-shortened season, elite per-catch traits. Verify exact line on Sports-Reference.",CFBD_SYNC
5218767,Jacob Jordan,,Oklahoma,SEC,WR,JR,69,185,"Southlake, TX",2024,,,,,,,,,,,1.0,3.0,0.0,3.0,27.0,234.0,1.0,8.67,Jaylen Waddle,WR,Alabama,2020,"~28 rec, 591 yds, 4 TD (approx.)","Auto-match (approx. library): injury-shortened season, explosive per-touch profile. Verify exact line on Sports-Reference.",CFBD_SYNC
4870951,Jaquaize Pettaway,,Oklahoma,SEC,WR,SR,70,194,"Houston, TX",2024,,,,,,,,,,,,,,,5.0,87.0,0.0,17.4,DK Metcalf,WR,Ole Miss,2018,"~26 rec, 569 yds, 5 TD (approx.)","Auto-match (approx. library): injury-shortened season, elite per-catch traits. Verify exact line on Sports-Reference.",CFBD_SYNC
5155000,Jer'Michael Carter,,Oklahoma,SEC,WR,SR,74,212,"Kentwood, LA",2025,,,,,,,,,,,,,,,9.0,101.0,0.0,11.22,DK Metcalf,WR,Ole Miss,2018,"~26 rec, 569 yds, 5 TD (approx.)","Auto-match (approx. library): injury-shortened season, elite per-catch traits. Verify exact line on Sports-Reference.",CFBD_SYNC
5079556,Parker Livingstone,,Oklahoma,SEC,WR,SO,75,200,"Lucas, TX",2026,1,,,,,,,,,,,,,,1.0,6.0,0.0,6.0,DK Metcalf,WR,Ole Miss,2018,"~26 rec, 569 yds, 5 TD (approx.)","Auto-match (approx. library): injury-shortened season, elite per-catch traits. Verify exact line on Sports-Reference.",CFBD_SYNC
4912130,Trell Harris,,Oklahoma,SEC,WR,SR,72,200,"La Grange, IL",2026,1,,,,,,,,,,,,,,2.0,61.0,1.0,30.5,DK Metcalf,WR,Ole Miss,2018,"~26 rec, 569 yds, 5 TD (approx.)","Auto-match (approx. library): injury-shortened season, elite per-catch traits. Verify exact line on Sports-Reference.",CFBD_SYNC
5079535,Zion Kearney,,Oklahoma,SEC,WR,JR,75,215,"Fresno, TX",2025,,,,,,,,,,,,,,,2.0,31.0,0.0,15.5,DK Metcalf,WR,Ole Miss,2018,"~26 rec, 569 yds, 5 TD (approx.)","Auto-match (approx. library): injury-shortened season, elite per-catch traits. Verify exact line on Sports-Reference.",CFBD_SYNC
5079535,Zion Kearney,,Oklahoma,SEC,WR,JR,75,215,"Fresno, TX",2024,,,,,,,,,,,,,,,8.0,128.0,1.0,16.0,DK Metcalf,WR,Ole Miss,2018,"~26 rec, 569 yds, 5 TD (approx.)","Auto-match (approx. library): injury-shortened season, elite per-catch traits. Verify exact line on Sports-Reference.",CFBD_SYNC
5079643,Zion Ragins,,Oklahoma,SEC,WR,SO,68,170,"Macon, GA",2024,,,,,,,,,,,2.0,6.0,0.0,3.0,10.0,68.0,0.0,6.8,DK Metcalf,WR,Ole Miss,2018,"~26 rec, 569 yds, 5 TD (approx.)","Auto-match (approx. library): injury-shortened season, elite per-catch traits. Verify exact line on Sports-Reference.",CFBD_SYNC
4871088,Ayden Williams,,Ole Miss,SEC,WR,SR,75,205,"Ridgeland, MS",2024,,,,,,,,,,,,,,,3.0,39.0,0.0,13.0,DK Metcalf,WR,Ole Miss,2018,"~26 rec, 569 yds, 5 TD (approx.)","Auto-match (approx. library): injury-shortened season, elite per-catch traits. Verify exact line on Sports-Reference.",CFBD_SYNC
4871088,Ayden Williams,,Ole Miss,SEC,WR,SR,75,205,"Ridgeland, MS",2023,,,,,,,,,,,,,,,4.0,80.0,0.0,20.0,DK Metcalf,WR,Ole Miss,2018,"~26 rec, 569 yds, 5 TD (approx.)","Auto-match (approx. library): injury-shortened season, elite per-catch traits. Verify exact line on Sports-Reference.",CFBD_SYNC
5224178,Caleb Cunningham,,Ole Miss,SEC,WR,FR,73,210,"Weir, MS",2025,,,,,,,,,,,,,,,1.0,19.0,0.0,19.0,DK Metcalf,WR,Ole Miss,2018,"~26 rec, 569 yds, 5 TD (approx.)","Auto-match (approx. library): injury-shortened season, elite per-catch traits. Verify exact line on Sports-Reference.",CFBD_SYNC
4870858,Cayden Lee,,Ole Miss,SEC,WR,SR,71,180,"Kennesaw, GA",2025,,,,,,,,,,,,,,,44.0,635.0,3.0,14.43,Jaylen Waddle,WR,Alabama,2020,"~28 rec, 591 yds, 4 TD (approx.)","Auto-match (approx. library): injury-shortened season, explosive per-touch profile. Verify exact line on Sports-Reference.",CFBD_SYNC
4870858,Cayden Lee,,Ole Miss,SEC,WR,SR,71,180,"Kennesaw, GA",2024,,,,,,,,,,,2.0,18.0,0.0,9.0,57.0,874.0,2.0,15.33,Stefon Diggs,WR,Maryland,2014,"~62 rec, 792 yds, 5 TD (approx.)","Auto-match (approx. library): moderate college volume, traits over production. Verify exact line on Sports-Reference.",CFBD_SYNC
4870858,Cayden Lee,,Ole Miss,SEC,WR,SR,71,180,"Kennesaw, GA",2023,,,,,,,,,,,,,,,5.0,114.0,2.0,22.8,DK Metcalf,WR,Ole Miss,2018,"~26 rec, 569 yds, 5 TD (approx.)","Auto-match (approx. library): injury-shortened season, elite per-catch traits. Verify exact line on Sports-Reference.",CFBD_SYNC
5152158,Deuce Alexander,,Ole Miss,SEC,WR,JR,72,180,"Douglasville, GA",2026,1,,,,,,,,,,,,,,5.0,159.0,2.0,31.8,DK Metcalf,WR,Ole Miss,2018,"~26 rec, 569 yds, 5 TD (approx.)","Auto-match (approx. library): injury-shortened season, elite per-catch traits. Verify exact line on Sports-Reference.",CFBD_SYNC
5152158,Deuce Alexander,,Ole Miss,SEC,WR,JR,72,180,"Douglasville, GA",2025,,,,,,,,,,,19.0,122.0,0.0,6.42,44.0,684.0,2.0,15.55,Puka Nacua,WR,BYU,2022,"~48 rec, 625 yds, 5 TD (approx.)","Auto-match (approx. library): modest college volume, gadget rushing usage. Verify exact line on Sports-Reference.",CFBD_SYNC
5141359,Dillon Alfred,,Ole Miss,SEC,WR,FR,71,175,"Gautier, MS",2025,,,,,,,,,,,,,,,1.0,26.0,0.0,26.0,DK Metcalf,WR,Ole Miss,2018,"~26 rec, 569 yds, 5 TD (approx.)","Auto-match (approx. library): injury-shortened season, elite per-catch traits. Verify exact line on Sports-Reference.",CFBD_SYNC
4711408,Horatio Fields,,Ole Miss,SEC,WR,SR,74,210,"Douglasville, GA",2026,1,,,,,,,,,,,,,,5.0,47.0,0.0,9.4,DK Metcalf,WR,Ole Miss,2018,"~26 rec, 569 yds, 5 TD (approx.)","Auto-match (approx. library): injury-shortened season, elite per-catch traits. Verify exact line on Sports-Reference.",CFBD_SYNC
4695341,Izaiah Hartrup,,Ole Miss,SEC,WR,SR,71,180,"O' Fallon, MO",2025,,,,,,,,,,,,,,,3.0,21.0,1.0,7.0,DK Metcalf,WR,Ole Miss,2018,"~26 rec, 569 yds, 5 TD (approx.)","Auto-match (approx. library): injury-shortened season, elite per-catch traits. Verify exact line on Sports-Reference.",CFBD_SYNC
5079632,Noreel White,,Ole Miss,SEC,WR,JR,73,195,"Moss Point, MS",2024,,,,,,,,,,,,,,,2.0,34.0,0.0,17.0,DK Metcalf,WR,Ole Miss,2018,"~26 rec, 569 yds, 5 TD (approx.)","Auto-match (approx. library): injury-shortened season, elite per-catch traits. Verify exact line on Sports-Reference.",CFBD_SYNC
4870912,Traylon Ray,,Ole Miss,SEC,WR,JR,74,195,"Tallahassee, FL",2026,1,,,,,,,,,,,,,,2.0,30.0,0.0,15.0,DK Metcalf,WR,Ole Miss,2018,"~26 rec, 569 yds, 5 TD (approx.)","Auto-match (approx. library): injury-shortened season, elite per-catch traits. Verify exact line on Sports-Reference.",CFBD_SYNC
5141697,Winston Watkins Jr.,,Ole Miss,SEC,WR,SO,70,182,"Fort Myers, FL",2025,,,,,,,,,,,5.0,21.0,0.0,4.2,26.0,373.0,1.0,14.35,Jaylen Waddle,WR,Alabama,2020,"~28 rec, 591 yds, 4 TD (approx.)","Auto-match (approx. library): injury-shortened season, explosive per-touch profile. Verify exact line on Sports-Reference.",CFBD_SYNC
5209464,Brian Rowe Jr.,,South Carolina,SEC,WR,SO,71,168,"Charlotte, NC",2025,,,1.0,1.0,100.0,21.0,0.0,0.0,21.0,276.4,3.0,8.0,0.0,2.67,19.0,149.0,1.0,7.84,Jaylen Waddle,WR,Alabama,2020,"~28 rec, 591 yds, 4 TD (approx.)","Auto-match (approx. library): injury-shortened season, explosive per-touch profile. Verify exact line on Sports-Reference.",CFBD_SYNC
5081213,DJ Black,,South Carolina,SEC,WR,SR,74,205,"Inman, SC",2026,1,,,,,,,,,,,,,,3.0,62.0,0.0,20.67,DK Metcalf,WR,Ole Miss,2018,"~26 rec, 569 yds, 5 TD (approx.)","Auto-match (approx. library): injury-shortened season, elite per-catch traits. Verify exact line on Sports-Reference.",CFBD_SYNC
5200374,Donovan Murph,,South Carolina,SEC,WR,SO,74,199,"Irmo, SC",2026,1,,,,,,,,,,,,,,4.0,92.0,2.0,23.0,DK Metcalf,WR,Ole Miss,2018,"~26 rec, 569 yds, 5 TD (approx.)","Auto-match (approx. library): injury-shortened season, elite per-catch traits. Verify exact line on Sports-Reference.",CFBD_SYNC
5200374,Donovan Murph,,South Carolina,SEC,WR,SO,74,199,"Irmo, SC",2025,,,,,,,,,,,,,,,14.0,197.0,1.0,14.07,Jaylen Waddle,WR,Alabama,2020,"~28 rec, 591 yds, 4 TD (approx.)","Auto-match (approx. library): injury-shortened season, explosive per-touch profile. Verify exact line on Sports-Reference.",CFBD_SYNC
5179622,Jayden Sellers,,South Carolina,SEC,WR,SO,71,180,"Florence, SC",2025,,,,,,,,,,,5.0,26.0,0.0,5.2,22.0,337.0,1.0,15.32,Jaylen Waddle,WR,Alabama,2020,"~28 rec, 591 yds, 4 TD (approx.)","Auto-match (approx. library): injury-shortened season, explosive per-touch profile. Verify exact line on Sports-Reference.",CFBD_SYNC
5169550,Lex Cyrus,,South Carolina,SEC,WR,FR,70,185,"Harrisburg, PA",2026,1,,,,,,,,,,,,,,3.0,53.0,0.0,17.67,DK Metcalf,WR,Ole Miss,2018,"~26 rec, 569 yds, 5 TD (approx.)","Auto-match (approx. library): injury-shortened season, elite per-catch traits. Verify exact line on Sports-Reference.",CFBD_SYNC
5202117,Malik Clark,,South Carolina,SEC,WR,FR,74,195,"Rock Hill, SC",2026,1,,,,,,,,,,,,,,1.0,9.0,0.0,9.0,DK Metcalf,WR,Ole Miss,2018,"~26 rec, 569 yds, 5 TD (approx.)","Auto-match (approx. library): injury-shortened season, elite per-catch traits. Verify exact line on Sports-Reference.",CFBD_SYNC
5202117,Malik Clark,,South Carolina,SEC,WR,FR,74,195,"Rock Hill, SC",2025,,,,,,,,,,,,,,,1.0,9.0,0.0,9.0,DK Metcalf,WR,Ole Miss,2018,"~26 rec, 569 yds, 5 TD (approx.)","Auto-match (approx. library): injury-shortened season, elite per-catch traits. Verify exact line on Sports-Reference.",CFBD_SYNC
5079329,Mazeo Bennett Jr.,,South Carolina,SEC,WR,JR,70,185,"Greenville, SC",2026,1,,,,,,,,,,,,,,3.0,34.0,1.0,11.33,DK Metcalf,WR,Ole Miss,2018,"~26 rec, 569 yds, 5 TD (approx.)","Auto-match (approx. library): injury-shortened season, elite per-catch traits. Verify exact line on Sports-Reference.",CFBD_SYNC
5079329,Mazeo Bennett Jr.,,South Carolina,SEC,WR,JR,70,185,"Greenville, SC",2025,,,,,,,,,,,,,,,10.0,62.0,0.0,6.2,DK Metcalf,WR,Ole Miss,2018,"~26 rec, 569 yds, 5 TD (approx.)","Auto-match (approx. library): injury-shortened season, elite per-catch traits. Verify exact line on Sports-Reference.",CFBD_SYNC
5079329,Mazeo Bennett Jr.,,South Carolina,SEC,WR,JR,70,185,"Greenville, SC",2024,,,,,,,,,,,,,,,30.0,337.0,3.0,11.23,Jaylen Waddle,WR,Alabama,2020,"~28 rec, 591 yds, 4 TD (approx.)","Auto-match (approx. library): injury-shortened season, explosive per-touch profile. Verify exact line on Sports-Reference.",CFBD_SYNC
5130792,Nitro Tuggle,,South Carolina,SEC,WR,JR,73,195,"Elkhart, IN",2026,1,,,,,,,,,,,,,,1.0,5.0,0.0,5.0,DK Metcalf,WR,Ole Miss,2018,"~26 rec, 569 yds, 5 TD (approx.)","Auto-match (approx. library): injury-shortened season, elite per-catch traits. Verify exact line on Sports-Reference.",CFBD_SYNC
4870745,Nyck Harbor,,South Carolina,SEC,WR,SR,77,239,"Washington, DC",2026,1,,,,,,,,,,,,,,5.0,70.0,0.0,14.0,DK Metcalf,WR,Ole Miss,2018,"~26 rec, 569 yds, 5 TD (approx.)","Auto-match (approx. library): injury-shortened season, elite per-catch traits. Verify exact line on Sports-Reference.",CFBD_SYNC
4870745,Nyck Harbor,,South Carolina,SEC,WR,SR,77,239,"Washington, DC",2025,,,,,,,,,,,1.0,12.0,0.0,12.0,30.0,618.0,6.0,20.6,DK Metcalf,WR,Ole Miss,2018,"~26 rec, 569 yds, 5 TD (approx.)","Auto-match (approx. library): injury-shortened season, elite per-catch traits. Verify exact line on Sports-Reference.",CFBD_SYNC
4870745,Nyck Harbor,,South Carolina,SEC,WR,SR,77,239,"Washington, DC",2024,,,,,,,,,,,1.0,1.0,0.0,1.0,26.0,376.0,3.0,14.46,Jaylen Waddle,WR,Alabama,2020,"~28 rec, 591 yds, 4 TD (approx.)","Auto-match (approx. library): injury-shortened season, explosive per-touch profile. Verify exact line on Sports-Reference.",CFBD_SYNC
4870745,Nyck Harbor,,South Carolina,SEC,WR,SR,77,239,"Washington, DC",2023,,,,,,,,,,,2.0,10.0,0.0,5.0,12.0,195.0,1.0,16.25,DK Metcalf,WR,Ole Miss,2018,"~26 rec, 569 yds, 5 TD (approx.)","Auto-match (approx. library): injury-shortened season, elite per-catch traits. Verify exact line on Sports-Reference.",CFBD_SYNC
5280258,Sequel Patterson,,South Carolina,SEC,WR,FR,71,180,"Charlotte, NC",2026,1,,,,,,,,,,,,,,1.0,1.0,0.0,1.0,DK Metcalf,WR,Ole Miss,2018,"~26 rec, 569 yds, 5 TD (approx.)","Auto-match (approx. library): injury-shortened season, elite per-catch traits. Verify exact line on Sports-Reference.",CFBD_SYNC
5331284,Stone Furrey,,South Carolina,SEC,WR,FR,70,181,"Irmo, SC",2026,1,,,,,,,,,,,,,,2.0,24.0,0.0,12.0,DK Metcalf,WR,Ole Miss,2018,"~26 rec, 569 yds, 5 TD (approx.)","Auto-match (approx. library): injury-shortened season, elite per-catch traits. Verify exact line on Sports-Reference.",CFBD_SYNC
5121471,Tyshawn Russell,,South Carolina,SEC,WR,JR,71,195,"Harrisburg, PA",2023,,,,,,,,,,,,,,,5.0,81.0,1.0,16.2,DK Metcalf,WR,Ole Miss,2018,"~26 rec, 569 yds, 5 TD (approx.)","Auto-match (approx. library): injury-shortened season, elite per-catch traits. Verify exact line on Sports-Reference.",CFBD_SYNC
4870842,Vandrevius Jacobs,,South Carolina,SEC,WR,JR,72,182,"Fort Pierce, FL",2025,,,,,,,,,,,,,,,32.0,548.0,4.0,17.12,Jaylen Waddle,WR,Alabama,2020,"~28 rec, 591 yds, 4 TD (approx.)","Auto-match (approx. library): injury-shortened season, explosive per-touch profile. Verify exact line on Sports-Reference.",CFBD_SYNC
4870842,Vandrevius Jacobs,,South Carolina,SEC,WR,JR,72,182,"Fort Pierce, FL",2024,,,,,,,,,,,,,,,12.0,181.0,0.0,15.08,Jaylen Waddle,WR,Alabama,2020,"~28 rec, 591 yds, 4 TD (approx.)","Auto-match (approx. library): injury-shortened season, explosive per-touch profile. Verify exact line on Sports-Reference.",CFBD_SYNC
5132629,Braylon Staley,,Tennessee,SEC,WR,SO,72,190,"Aiken, SC",2026,1,,,,,,,,,,,,,,2.0,8.0,0.0,4.0,DK Metcalf,WR,Ole Miss,2018,"~26 rec, 569 yds, 5 TD (approx.)","Auto-match (approx. library): injury-shortened season, elite per-catch traits. Verify exact line on Sports-Reference.",CFBD_SYNC
5132629,Braylon Staley,,Tennessee,SEC,WR,SO,72,190,"Aiken, SC",2025,,,,,,,,,,,,,,,68.0,837.0,6.0,12.31,Stefon Diggs,WR,Maryland,2014,"~62 rec, 792 yds, 5 TD (approx.)","Auto-match (approx. library): moderate college volume, traits over production. Verify exact line on Sports-Reference.",CFBD_SYNC
5132629,Braylon Staley,,Tennessee,SEC,WR,SO,72,190,"Aiken, SC",2024,,,,,,,,,,,,,,,3.0,21.0,0.0,7.0,DK Metcalf,WR,Ole Miss,2018,"~26 rec, 569 yds, 5 TD (approx.)","Auto-match (approx. library): injury-shortened season, elite per-catch traits. Verify exact line on Sports-Reference.",CFBD_SYNC
4870941,Cameron Seldon,,Tennessee,SEC,WR,SR,73,215,"Browns Store, VA",2024,,,,,,,,,,,23.0,118.0,1.0,5.13,1.0,-2.0,0.0,-2.0,DK Metcalf,WR,Ole Miss,2018,"~26 rec, 569 yds, 5 TD (approx.)","Auto-match (approx. library): injury-shortened season, elite per-catch traits. Verify exact line on Sports-Reference.",CFBD_SYNC
4870941,Cameron Seldon,,Tennessee,SEC,WR,SR,73,215,"Browns Store, VA",2023,,,,,,,,,,,25.0,106.0,0.0,4.24,,,,,DK Metcalf,WR,Ole Miss,2018,"~26 rec, 569 yds, 5 TD (approx.)","Auto-match (approx. library): injury-shortened season, elite per-catch traits. Verify exact line on Sports-Reference.",CFBD_SYNC
5081367,Chas Nimrod,,Tennessee,SEC,WR,SR,74,200,"Bentonville, AR",2024,,,,,,,,,,,,,,,10.0,121.0,0.0,12.1,Jaylen Waddle,WR,Alabama,2020,"~28 rec, 591 yds, 4 TD (approx.)","Auto-match (approx. library): injury-shortened season, explosive per-touch profile. Verify exact line on Sports-Reference.",CFBD_SYNC
5081367,Chas Nimrod,,Tennessee,SEC,WR,SR,74,200,"Bentonville, AR",2023,,,,,,,,,,,,,,,19.0,194.0,1.0,10.21,Jaylen Waddle,WR,Alabama,2020,"~28 rec, 591 yds, 4 TD (approx.)","Auto-match (approx. library): injury-shortened season, explosive per-touch profile. Verify exact line on Sports-Reference.",CFBD_SYNC
5150449,Dayton Sneed,,Tennessee,SEC,WR,JR,72,196,"Hermitage, TN",2024,,,,,,,,,,,,,,,1.0,12.0,0.0,12.0,DK Metcalf,WR,Ole Miss,2018,"~26 rec, 569 yds, 5 TD (approx.)","Auto-match (approx. library): injury-shortened season, elite per-catch traits. Verify exact line on Sports-Reference.",CFBD_SYNC
5150449,Dayton Sneed,,Tennessee,SEC,WR,JR,72,196,"Hermitage, TN",2023,,,,,,,,,,,,,,,1.0,7.0,0.0,7.0,DK Metcalf,WR,Ole Miss,2018,"~26 rec, 569 yds, 5 TD (approx.)","Auto-match (approx. library): injury-shortened season, elite per-catch traits. Verify exact line on Sports-Reference.",CFBD_SYNC
5293962,Deon Hardin,,Tennessee,SEC,WR,SR,72,189,"Biloxi, MS",2026,1,,,,,,,,,,,,,,1.0,11.0,0.0,11.0,DK Metcalf,WR,Ole Miss,2018,"~26 rec, 569 yds, 5 TD (approx.)","Auto-match (approx. library): injury-shortened season, elite per-catch traits. Verify exact line on Sports-Reference.",CFBD_SYNC
4429804,Jimmy Calloway,,Tennessee,SEC,WR,SR,72,190,"Morrow, GA",2022,,,,,,,,,,,,,,,2.0,20.0,0.0,10.0,DK Metcalf,WR,Ole Miss,2018,"~26 rec, 569 yds, 5 TD (approx.)","Auto-match (approx. library): injury-shortened season, elite per-catch traits. Verify exact line on Sports-Reference.",CFBD_SYNC
4429804,Jimmy Calloway,,Tennessee,SEC,WR,SR,72,190,"Morrow, GA",2021,,,,,,,,,,,,,,,5.0,84.0,1.0,16.8,DK Metcalf,WR,Ole Miss,2018,"~26 rec, 569 yds, 5 TD (approx.)","Auto-match (approx. library): injury-shortened season, elite per-catch traits. Verify exact line on Sports-Reference.",CFBD_SYNC
5164355,Joakim Dodson,,Tennessee,SEC,WR,FR,72,197,"Memphis, TN",2025,,,,,,,,,,,,,,,2.0,38.0,0.0,19.0,DK Metcalf,WR,Ole Miss,2018,"~26 rec, 569 yds, 5 TD (approx.)","Auto-match (approx. library): injury-shortened season, elite per-catch traits. Verify exact line on Sports-Reference.",CFBD_SYNC
4838556,Kaleb Webb,,Tennessee,SEC,WR,SR,77,201,"Powder Springs, GA",2024,,,,,,,,,,,,,,,6.0,48.0,0.0,8.0,DK Metcalf,WR,Ole Miss,2018,"~26 rec, 569 yds, 5 TD (approx.)","Auto-match (approx. library): injury-shortened season, elite per-catch traits. Verify exact line on Sports-Reference.",CFBD_SYNC
4838556,Kaleb Webb,,Tennessee,SEC,WR,SR,77,201,"Powder Springs, GA",2023,,,,,,,,,,,,,,,16.0,166.0,1.0,10.38,Jaylen Waddle,WR,Alabama,2020,"~28 rec, 591 yds, 4 TD (approx.)","Auto-match (approx. library): injury-shortened season, explosive per-touch profile. Verify exact line on Sports-Reference.",CFBD_SYNC
5079580,Mike Matthews,,Tennessee,SEC,WR,JR,73,198,"Lilburn, GA",2026,1,,,,,,,,,,,,,,4.0,132.0,2.0,33.0,DK Metcalf,WR,Ole Miss,2018,"~26 rec, 569 yds, 5 TD (approx.)","Auto-match (approx. library): injury-shortened season, elite per-catch traits. Verify exact line on Sports-Reference.",CFBD_SYNC
5079580,Mike Matthews,,Tennessee,SEC,WR,JR,73,198,"Lilburn, GA",2025,,,,,,,,,,,2.0,32.0,0.0,16.0,53.0,813.0,4.0,15.34,Stefon Diggs,WR,Maryland,2014,"~62 rec, 792 yds, 5 TD (approx.)","Auto-match (approx. library): moderate college volume, traits over production. Verify exact line on Sports-Reference.",CFBD_SYNC
5079580,Mike Matthews,,Tennessee,SEC,WR,JR,73,198,"Lilburn, GA",2024,,,,,,,,,,,,,,,7.0,90.0,2.0,12.86,DK Metcalf,WR,Ole Miss,2018,"~26 rec, 569 yds, 5 TD (approx.)","Auto-match (approx. library): injury-shortened season, elite per-catch traits. Verify exact line on Sports-Reference.",CFBD_SYNC
4920140,Nathan Leacock,,Tennessee,SEC,WR,JR,75,217,"Rolesville, NC",2024,,,,,,,,,,,,,,,1.0,13.0,0.0,13.0,DK Metcalf,WR,Ole Miss,2018,"~26 rec, 569 yds, 5 TD (approx.)","Auto-match (approx. library): injury-shortened season, elite per-catch traits. Verify exact line on Sports-Reference.",CFBD_SYNC
5160245,Nathan Roberts,,Tennessee,SEC,WR,JR,76,209,"Morristown, TN",2026,1,,,,,,,,,,,,,,2.0,16.0,0.0,8.0,DK Metcalf,WR,Ole Miss,2018,"~26 rec, 569 yds, 5 TD (approx.)","Auto-match (approx. library): injury-shortened season, elite per-catch traits. Verify exact line on Sports-Reference.",CFBD_SYNC
5160245,Nathan Roberts,,Tennessee,SEC,WR,JR,76,209,"Morristown, TN",2023,,,,,,,,,,,,,,,1.0,-1.0,0.0,-1.0,DK Metcalf,WR,Ole Miss,2018,"~26 rec, 569 yds, 5 TD (approx.)","Auto-match (approx. library): injury-shortened season, elite per-catch traits. Verify exact line on Sports-Reference.",CFBD_SYNC
5195481,Radarious Jackson,,Tennessee,SEC,WR,SO,74,208,"Memphis, TN",2026,1,,,,,,,,,,,,,,3.0,38.0,0.0,12.67,DK Metcalf,WR,Ole Miss,2018,"~26 rec, 569 yds, 5 TD (approx.)","Auto-match (approx. library): injury-shortened season, elite per-catch traits. Verify exact line on Sports-Reference.",CFBD_SYNC
5195481,Radarious Jackson,,Tennessee,SEC,WR,SO,74,208,"Memphis, TN",2025,,,,,,,,,,,,,,,9.0,90.0,0.0,10.0,DK Metcalf,WR,Ole Miss,2018,"~26 rec, 569 yds, 5 TD (approx.)","Auto-match (approx. library): injury-shortened season, elite per-catch traits. Verify exact line on Sports-Reference.",CFBD_SYNC
5207604,TK Keys,,Tennessee,SEC,WR,FR,74,198,"Hattiesburg, MS",2026,1,,,,,,,,,,,,,,2.0,29.0,1.0,14.5,DK Metcalf,WR,Ole Miss,2018,"~26 rec, 569 yds, 5 TD (approx.)","Auto-match (approx. library): injury-shortened season, elite per-catch traits. Verify exact line on Sports-Reference.",CFBD_SYNC
5179135,Travis Smith Jr.,,Tennessee,SEC,WR,SO,75,215,"Atlanta, GA",2026,1,,,,,,,,,,,,,,2.0,22.0,0.0,11.0,DK Metcalf,WR,Ole Miss,2018,"~26 rec, 569 yds, 5 TD (approx.)","Auto-match (approx. library): injury-shortened season, elite per-catch traits. Verify exact line on Sports-Reference.",CFBD_SYNC
5179135,Travis Smith Jr.,,Tennessee,SEC,WR,SO,75,215,"Atlanta, GA",2025,,,,,,,,,,,,,,,3.0,29.0,0.0,9.67,DK Metcalf,WR,Ole Miss,2018,"~26 rec, 569 yds, 5 TD (approx.)","Auto-match (approx. library): injury-shortened season, elite per-catch traits. Verify exact line on Sports-Reference.",CFBD_SYNC
5161829,Tyreek King,,Tennessee,SEC,WR,FR,71,175,"Knoxville, TN",2026,1,,,,,,,,,,,,,,1.0,5.0,0.0,5.0,DK Metcalf,WR,Ole Miss,2018,"~26 rec, 569 yds, 5 TD (approx.)","Auto-match (approx. library): injury-shortened season, elite per-catch traits. Verify exact line on Sports-Reference.",CFBD_SYNC
5079357,Aaron Butler,,Texas,SEC,WR,SO,72,180,"Calabasas, CA",2025,,,,,,,,,,,,,,,1.0,17.0,0.0,17.0,DK Metcalf,WR,Ole Miss,2018,"~26 rec, 569 yds, 5 TD (approx.)","Auto-match (approx. library): injury-shortened season, elite per-catch traits. Verify exact line on Sports-Reference.",CFBD_SYNC
5079376,Cam Coleman,,Texas,SEC,WR,JR,75,204,"Phenix City, AL",2026,1,,,,,,,,,,,,,,3.0,70.0,2.0,23.33,DK Metcalf,WR,Ole Miss,2018,"~26 rec, 569 yds, 5 TD (approx.)","Auto-match (approx. library): injury-shortened season, elite per-catch traits. Verify exact line on Sports-Reference.",CFBD_SYNC
5141575,Daylan McCutcheon,,Texas,SEC,WR,SO,71,183,"Lucas, TX",2025,,,,,,,,,,,,,,,7.0,74.0,0.0,10.57,DK Metcalf,WR,Ole Miss,2018,"~26 rec, 569 yds, 5 TD (approx.)","Auto-match (approx. library): injury-shortened season, elite per-catch traits. Verify exact line on Sports-Reference.",CFBD_SYNC
4870860,DeAndre Moore Jr.,,Texas,SEC,WR,SR,72,190,"Bellflower, CA",2025,,,,,,,,,,,,,,,38.0,532.0,4.0,14.0,Jaylen Waddle,WR,Alabama,2020,"~28 rec, 591 yds, 4 TD (approx.)","Auto-match (approx. library): injury-shortened season, explosive per-touch profile. Verify exact line on Sports-Reference.",CFBD_SYNC
4870860,DeAndre Moore Jr.,,Texas,SEC,WR,SR,72,190,"Bellflower, CA",2024,,,,,,,,,,,,,,,39.0,455.0,7.0,11.67,DK Metcalf,WR,Ole Miss,2018,"~26 rec, 569 yds, 5 TD (approx.)","Auto-match (approx. library): injury-shortened season, elite per-catch traits. Verify exact line on Sports-Reference.",CFBD_SYNC
5079613,Emmett Mosley V,,Texas,SEC,WR,JR,74,199,"Chicago, IL",2026,1,,,,,,,,,,,,,,3.0,37.0,0.0,12.33,DK Metcalf,WR,Ole Miss,2018,"~26 rec, 569 yds, 5 TD (approx.)","Auto-match (approx. library): injury-shortened season, elite per-catch traits. Verify exact line on Sports-Reference.",CFBD_SYNC
5079613,Emmett Mosley V,,Texas,SEC,WR,JR,74,199,"Chicago, IL",2025,,,,,,,,,,,,,,,28.0,408.0,3.0,14.57,Jaylen Waddle,WR,Alabama,2020,"~28 rec, 591 yds, 4 TD (approx.)","Auto-match (approx. library): injury-shortened season, explosive per-touch profile. Verify exact line on Sports-Reference.",CFBD_SYNC
5141435,Jaime Ffrench,,Texas,SEC,WR,SO,73,185,"Jacksonville, FL",2025,,,,,,,,,,,,,,,1.0,6.0,0.0,6.0,DK Metcalf,WR,Ole Miss,2018,"~26 rec, 569 yds, 5 TD (approx.)","Auto-match (approx. library): injury-shortened season, elite per-catch traits. Verify exact line on Sports-Reference.",CFBD_SYNC
5161011,Jermaine Bishop Jr.,,Texas,SEC,WR,FR,72,166,"Willis, TX",2026,1,,,,,,,,,,,,,,2.0,25.0,0.0,12.5,DK Metcalf,WR,Ole Miss,2018,"~26 rec, 569 yds, 5 TD (approx.)","Auto-match (approx. library): injury-shortened season, elite per-catch traits. Verify exact line on Sports-Reference.",CFBD_SYNC
4870656,Johntay Cook II,,Texas,SEC,WR,SR,71,190,"Desoto, TX",2024,,,,,,,,,,,,,,,8.0,137.0,2.0,17.12,DK Metcalf,WR,Ole Miss,2018,"~26 rec, 569 yds, 5 TD (approx.)","Auto-match (approx. library): injury-shortened season, elite per-catch traits. Verify exact line on Sports-Reference.",CFBD_SYNC
5141524,Kaliq Lockett,,Texas,SEC,WR,FR,74,181,"Sachse, TX",2026,1,,,,,,,,,,,,,,1.0,-3.0,0.0,-3.0,DK Metcalf,WR,Ole Miss,2018,"~26 rec, 569 yds, 5 TD (approx.)","Auto-match (approx. library): injury-shortened season, elite per-catch traits. Verify exact line on Sports-Reference.",CFBD_SYNC
5141524,Kaliq Lockett,,Texas,SEC,WR,FR,74,181,"Sachse, TX",2025,,,,,,,,,,,,,,,5.0,47.0,1.0,9.4,DK Metcalf,WR,Ole Miss,2018,"~26 rec, 569 yds, 5 TD (approx.)","Auto-match (approx. library): injury-shortened season, elite per-catch traits. Verify exact line on Sports-Reference.",CFBD_SYNC
5079556,Parker Livingstone,,Texas,SEC,WR,SO,75,200,"Lucas, TX",2025,,,1.0,1.0,100.0,4.0,1.0,0.0,4.0,463.6,,,,,29.0,516.0,6.0,17.79,DK Metcalf,WR,Ole Miss,2018,"~26 rec, 569 yds, 5 TD (approx.)","Auto-match (approx. library): injury-shortened season, elite per-catch traits. Verify exact line on Sports-Reference.",CFBD_SYNC
5150773,Rett Andersen,,Texas,SEC,WR,SR,71,193,"San Antonio, TX",2025,,,,,,,,,,,,,,,1.0,7.0,0.0,7.0,DK Metcalf,WR,Ole Miss,2018,"~26 rec, 569 yds, 5 TD (approx.)","Auto-match (approx. library): injury-shortened season, elite per-catch traits. Verify exact line on Sports-Reference.",CFBD_SYNC
5218633,Ryan Wingo,,Texas,SEC,WR,JR,74,214,"St. Louis, MO",2026,1,,,,,,,,,,,,,,7.0,121.0,1.0,17.29,DK Metcalf,WR,Ole Miss,2018,"~26 rec, 569 yds, 5 TD (approx.)","Auto-match (approx. library): injury-shortened season, elite per-catch traits. Verify exact line on Sports-Reference.",CFBD_SYNC
5218633,Ryan Wingo,,Texas,SEC,WR,JR,74,214,"St. Louis, MO",2025,,,2.0,0.0,0.0,0.0,0.0,0.0,0.0,0.0,7.0,42.0,0.0,6.0,54.0,834.0,7.0,15.44,Ladd McConkey,WR,Georgia,2022,"~58 rec, 762 yds, 7 TD (approx.)",Auto-match (approx. library): slot separator with gadget usage in run-first offense. Verify exact line on Sports-Reference.,CFBD_SYNC
5218633,Ryan Wingo,,Texas,SEC,WR,JR,74,214,"St. Louis, MO",2024,,,,,,,,,,,5.0,100.0,0.0,20.0,27.0,423.0,2.0,15.67,Jaylen Waddle,WR,Alabama,2020,"~28 rec, 591 yds, 4 TD (approx.)","Auto-match (approx. library): injury-shortened season, explosive per-touch profile. Verify exact line on Sports-Reference.",CFBD_SYNC
4882122,Sterling Berkhalter,,Texas,SEC,WR,SR,75,196,"Cincinnati, OH",2026,1,,,,,,,,,,,,,,2.0,26.0,0.0,13.0,DK Metcalf,WR,Ole Miss,2018,"~26 rec, 569 yds, 5 TD (approx.)","Auto-match (approx. library): injury-shortened season, elite per-catch traits. Verify exact line on Sports-Reference.",CFBD_SYNC
5158998,Aaron Gregory,,Texas A&M,SEC,WR,FR,74,191,"Augusta, GA",2026,1,,,,,,,,,,,,,,2.0,22.0,1.0,11.0,DK Metcalf,WR,Ole Miss,2018,"~26 rec, 569 yds, 5 TD (approx.)","Auto-match (approx. library): injury-shortened season, elite per-catch traits. Verify exact line on Sports-Reference.",CFBD_SYNC
5139057,Ashton Bethel-Roman,,Texas A&M,SEC,WR,JR,72,193,"Missouri City, TX",2026,1,,,,,,,,,,,,,,1.0,13.0,0.0,13.0,DK Metcalf,WR,Ole Miss,2018,"~26 rec, 569 yds, 5 TD (approx.)","Auto-match (approx. library): injury-shortened season, elite per-catch traits. Verify exact line on Sports-Reference.",CFBD_SYNC
5139057,Ashton Bethel-Roman,,Texas A&M,SEC,WR,JR,72,193,"Missouri City, TX",2025,,,,,,,,,,,,,,,24.0,503.0,5.0,20.96,DK Metcalf,WR,Ole Miss,2018,"~26 rec, 569 yds, 5 TD (approx.)","Auto-match (approx. library): injury-shortened season, elite per-catch traits. Verify exact line on Sports-Reference.",CFBD_SYNC
5139057,Ashton Bethel-Roman,,Texas A&M,SEC,WR,JR,72,193,"Missouri City, TX",2024,,,,,,,,,,,,,,,4.0,44.0,1.0,11.0,DK Metcalf,WR,Ole Miss,2018,"~26 rec, 569 yds, 5 TD (approx.)","Auto-match (approx. library): injury-shortened season, elite per-catch traits. Verify exact line on Sports-Reference.",CFBD_SYNC
4717430,Chris Marshall,,Texas A&M,SEC,WR,SR,75,213,"Missouri City, TX",2022,,,,,,,,,,,,,,,11.0,108.0,0.0,9.82,Jaylen Waddle,WR,Alabama,2020,"~28 rec, 591 yds, 4 TD (approx.)","Auto-match (approx. library): injury-shortened season, explosive per-touch profile. Verify exact line on Sports-Reference.",CFBD_SYNC
4685565,Evan Stewart,,Texas A&M,SEC,WR,SR,72,170,"Frisco, TX",2023,,,,,,,,,,,1.0,-3.0,0.0,-3.0,38.0,514.0,4.0,13.53,Jaylen Waddle,WR,Alabama,2020,"~28 rec, 591 yds, 4 TD (approx.)","Auto-match (approx. library): injury-shortened season, explosive per-touch profile. Verify exact line on Sports-Reference.",CFBD_SYNC
4685565,Evan Stewart,,Texas A&M,SEC,WR,SR,72,170,"Frisco, TX",2022,,,,,,,,,,,1.0,-1.0,0.0,-1.0,53.0,649.0,2.0,12.25,Stefon Diggs,WR,Maryland,2014,"~62 rec, 792 yds, 5 TD (approx.)","Auto-match (approx. library): moderate college volume, traits over production. Verify exact line on Sports-Reference.",CFBD_SYNC
4685383,Isaiah Horton,,Texas A&M,SEC,WR,SR,76,215,"Nashville, TN",2026,1,,,,,,,,,,,,,,4.0,76.0,1.0,19.0,DK Metcalf,WR,Ole Miss,2018,"~26 rec, 569 yds, 5 TD (approx.)","Auto-match (approx. library): injury-shortened season, elite per-catch traits. Verify exact line on Sports-Reference.",CFBD_SYNC
5079769,Izaiah Williams,,Texas A&M,SEC,WR,JR,72,195,"Tampa, FL",2025,,,,,,,,,,,,,,,7.0,64.0,1.0,9.14,DK Metcalf,WR,Ole Miss,2018,"~26 rec, 569 yds, 5 TD (approx.)","Auto-match (approx. library): injury-shortened season, elite per-catch traits. Verify exact line on Sports-Reference.",CFBD_SYNC
5079769,Izaiah Williams,,Texas A&M,SEC,WR,JR,72,195,"Tampa, FL",2024,,,,,,,,,,,,,,,2.0,22.0,0.0,11.0,DK Metcalf,WR,Ole Miss,2018,"~26 rec, 569 yds, 5 TD (approx.)","Auto-match (approx. library): injury-shortened season, elite per-catch traits. Verify exact line on Sports-Reference.",CFBD_SYNC
4827041,Jacob Bostick,,Texas A&M,SEC,WR,SR,75,190,"Palatine, IL",2024,,,,,,,,,,,,,,,1.0,14.0,0.0,14.0,DK Metcalf,WR,Ole Miss,2018,"~26 rec, 569 yds, 5 TD (approx.)","Auto-match (approx. library): injury-shortened season, elite per-catch traits. Verify exact line on Sports-Reference.",CFBD_SYNC
5164648,Kelshaun Johnson,,Texas A&M,SEC,WR,SO,71,173,"Hitchcock, TX",2026,1,,,,,,,,,,,,,,3.0,25.0,0.0,8.33,DK Metcalf,WR,Ole Miss,2018,"~26 rec, 569 yds, 5 TD (approx.)","Auto-match (approx. library): injury-shortened season, elite per-catch traits. Verify exact line on Sports-Reference.",CFBD_SYNC
5164648,Kelshaun Johnson,,Texas A&M,SEC,WR,SO,71,173,"Hitchcock, TX",2025,,,,,,,,,,,,,,,4.0,27.0,0.0,6.75,DK Metcalf,WR,Ole Miss,2018,"~26 rec, 569 yds, 5 TD (approx.)","Auto-match (approx. library): injury-shortened season, elite per-catch traits. Verify exact line on Sports-Reference.",CFBD_SYNC
5079345,Mario Craver,,Texas A&M,SEC,WR,JR,69,180,"Birmingham, AL",2026,1,,,,,,,,,,,,,,5.0,41.0,1.0,8.2,DK Metcalf,WR,Ole Miss,2018,"~26 rec, 569 yds, 5 TD (approx.)","Auto-match (approx. library): injury-shortened season, elite per-catch traits. Verify exact line on Sports-Reference.",CFBD_SYNC
5079345,Mario Craver,,Texas A&M,SEC,WR,JR,69,180,"Birmingham, AL",2025,,,,,,,,,,,11.0,81.0,1.0,7.36,58.0,911.0,4.0,15.71,Ladd McConkey,WR,Georgia,2022,"~58 rec, 762 yds, 7 TD (approx.)",Auto-match (approx. library): slot separator with gadget usage in run-first offense. Verify exact line on Sports-Reference.,CFBD_SYNC
4871069,Micah Tease,,Texas A&M,SEC,WR,JR,72,190,"Tulsa, OK",2023,,,,,,,,,,,,,,,2.0,19.0,0.0,9.5,DK Metcalf,WR,Ole Miss,2018,"~26 rec, 569 yds, 5 TD (approx.)","Auto-match (approx. library): injury-shortened season, elite per-catch traits. Verify exact line on Sports-Reference.",CFBD_SYNC
5164360,TK Norman,,Texas A&M,SEC,WR,SO,72,186,"Montgomery, AL",2025,,,,,,,,,,,1.0,12.0,0.0,12.0,3.0,39.0,0.0,13.0,DK Metcalf,WR,Ole Miss,2018,"~26 rec, 569 yds, 5 TD (approx.)","Auto-match (approx. library): injury-shortened season, elite per-catch traits. Verify exact line on Sports-Reference.",CFBD_SYNC
5079326,Terry Bussey,,Texas A&M,SEC,WR,JR,70,205,"Timpson, TX",2026,1,,,,,,,,,,2.0,10.0,1.0,5.0,3.0,34.0,0.0,11.33,DK Metcalf,WR,Ole Miss,2018,"~26 rec, 569 yds, 5 TD (approx.)","Auto-match (approx. library): injury-shortened season, elite per-catch traits. Verify exact line on Sports-Reference.",CFBD_SYNC
5079326,Terry Bussey,,Texas A&M,SEC,WR,JR,70,205,"Timpson, TX",2025,,,,,,,,,,,1.0,1.0,0.0,1.0,18.0,195.0,1.0,10.83,Jaylen Waddle,WR,Alabama,2020,"~28 rec, 591 yds, 4 TD (approx.)","Auto-match (approx. library): injury-shortened season, explosive per-touch profile. Verify exact line on Sports-Reference.",CFBD_SYNC
5079326,Terry Bussey,,Texas A&M,SEC,WR,JR,70,205,"Timpson, TX",2024,,,,,,,,,,,16.0,102.0,2.0,6.38,17.0,216.0,0.0,12.71,Jaylen Waddle,WR,Alabama,2020,"~28 rec, 591 yds, 4 TD (approx.)","Auto-match (approx. library): injury-shortened season, explosive per-touch profile. Verify exact line on Sports-Reference.",CFBD_SYNC
5114594,Brycen Coleman,,Vanderbilt,SEC,WR,JR,77,215,"Ocean City, MD",2026,1,,,,,,,,,,,,,,1.0,7.0,0.0,7.0,DK Metcalf,WR,Ole Miss,2018,"~26 rec, 569 yds, 5 TD (approx.)","Auto-match (approx. library): injury-shortened season, elite per-catch traits. Verify exact line on Sports-Reference.",CFBD_SYNC
5114594,Brycen Coleman,,Vanderbilt,SEC,WR,JR,77,215,"Ocean City, MD",2025,,,,,,,,,,,1.0,8.0,0.0,8.0,3.0,67.0,1.0,22.33,DK Metcalf,WR,Ole Miss,2018,"~26 rec, 569 yds, 5 TD (approx.)","Auto-match (approx. library): injury-shortened season, elite per-catch traits. Verify exact line on Sports-Reference.",CFBD_SYNC
5295920,Ja'Cory Thomas,,Vanderbilt,SEC,WR,JR,75,215,"Walker, LA",2026,1,,,,,,,,,,,,,,1.0,17.0,0.0,17.0,DK Metcalf,WR,Ole Miss,2018,"~26 rec, 569 yds, 5 TD (approx.)","Auto-match (approx. library): injury-shortened season, elite per-catch traits. Verify exact line on Sports-Reference.",CFBD_SYNC
4883774,Jayden McGowan,,Vanderbilt,SEC,WR,SR,67,187,"Laurens, SC",2023,,,,,,,,,,,19.0,108.0,0.0,5.68,36.0,383.0,0.0,10.64,Jaylen Waddle,WR,Alabama,2020,"~28 rec, 591 yds, 4 TD (approx.)","Auto-match (approx. library): injury-shortened season, explosive per-touch profile. Verify exact line on Sports-Reference.",CFBD_SYNC
4883774,Jayden McGowan,,Vanderbilt,SEC,WR,SR,67,187,"Laurens, SC",2022,,,,,,,,,,,14.0,51.0,0.0,3.64,44.0,453.0,3.0,10.3,Jaylen Waddle,WR,Alabama,2020,"~28 rec, 591 yds, 4 TD (approx.)","Auto-match (approx. library): injury-shortened season, explosive per-touch profile. Verify exact line on Sports-Reference.",CFBD_SYNC
5147367,Joseph McVay,,Vanderbilt,SEC,WR,JR,73,200,"Earle, AR",2025,,,,,,,,,,,,,,,2.0,21.0,1.0,10.5,DK Metcalf,WR,Ole Miss,2018,"~26 rec, 569 yds, 5 TD (approx.)","Auto-match (approx. library): injury-shortened season, elite per-catch traits. Verify exact line on Sports-Reference.",CFBD_SYNC
5147367,Joseph McVay,,Vanderbilt,SEC,WR,JR,73,200,"Earle, AR",2024,,,,,,,,,,,,,,,1.0,65.0,1.0,65.0,DK Metcalf,WR,Ole Miss,2018,"~26 rec, 569 yds, 5 TD (approx.)","Auto-match (approx. library): injury-shortened season, elite per-catch traits. Verify exact line on Sports-Reference.",CFBD_SYNC
5078165,Junior Sherrill,,Vanderbilt,SEC,WR,SR,71,200,"Nashville, TN",2026,1,,,,,,,,,,1.0,3.0,0.0,3.0,4.0,70.0,0.0,17.5,DK Metcalf,WR,Ole Miss,2018,"~26 rec, 569 yds, 5 TD (approx.)","Auto-match (approx. library): injury-shortened season, elite per-catch traits. Verify exact line on Sports-Reference.",CFBD_SYNC
5078165,Junior Sherrill,,Vanderbilt,SEC,WR,SR,71,200,"Nashville, TN",2025,,,,,,,,,,,4.0,16.0,1.0,4.0,54.0,784.0,7.0,14.52,Stefon Diggs,WR,Maryland,2014,"~62 rec, 792 yds, 5 TD (approx.)","Auto-match (approx. library): moderate college volume, traits over production. Verify exact line on Sports-Reference.",CFBD_SYNC
5078165,Junior Sherrill,,Vanderbilt,SEC,WR,SR,71,200,"Nashville, TN",2024,,,,,,,,,,,7.0,16.0,0.0,2.29,29.0,411.0,3.0,14.17,Jaylen Waddle,WR,Alabama,2020,"~28 rec, 591 yds, 4 TD (approx.)","Auto-match (approx. library): injury-shortened season, explosive per-touch profile. Verify exact line on Sports-Reference.",CFBD_SYNC
5078165,Junior Sherrill,,Vanderbilt,SEC,WR,SR,71,200,"Nashville, TN",2023,,,,,,,,,,,4.0,29.0,0.0,7.25,20.0,293.0,3.0,14.65,DK Metcalf,WR,Ole Miss,2018,"~26 rec, 569 yds, 5 TD (approx.)","Auto-match (approx. library): injury-shortened season, elite per-catch traits. Verify exact line on Sports-Reference.",CFBD_SYNC
5257993,Kayleb Barnett,,Vanderbilt,SEC,WR,SO,68,155,"Broken Arrow, OK",2026,1,,,,,,,,,,,,,,3.0,31.0,0.0,10.33,DK Metcalf,WR,Ole Miss,2018,"~26 rec, 569 yds, 5 TD (approx.)","Auto-match (approx. library): injury-shortened season, elite per-catch traits. Verify exact line on Sports-Reference.",CFBD_SYNC
5257993,Kayleb Barnett,,Vanderbilt,SEC,WR,SO,68,155,"Broken Arrow, OK",2025,,,,,,,,,,,6.0,29.0,0.0,4.83,6.0,53.0,1.0,8.83,DK Metcalf,WR,Ole Miss,2018,"~26 rec, 569 yds, 5 TD (approx.)","Auto-match (approx. library): injury-shortened season, elite per-catch traits. Verify exact line on Sports-Reference.",CFBD_SYNC
5078453,London Humphreys,,Vanderbilt,SEC,WR,SR,74,200,"Nashville, TN",2023,,,,,,,,,,,1.0,5.0,0.0,5.0,22.0,439.0,4.0,19.95,DK Metcalf,WR,Ole Miss,2018,"~26 rec, 569 yds, 5 TD (approx.)","Auto-match (approx. library): injury-shortened season, elite per-catch traits. Verify exact line on Sports-Reference.",CFBD_SYNC
5294063,Tre Richardson,,Vanderbilt,SEC,WR,SR,70,175,"Topeka, KS",2025,,,,,,,,,,,11.0,62.0,0.0,5.64,47.0,810.0,7.0,17.23,Ladd McConkey,WR,Georgia,2022,"~58 rec, 762 yds, 7 TD (approx.)",Auto-match (approx. library): slot separator with gadget usage in run-first offense. Verify exact line on Sports-Reference.,CFBD_SYNC
5149910,Tristen Brown,,Vanderbilt,SEC,WR,JR,70,185,"Houston, TX",2026,1,,,,,,,,,,,,,,2.0,16.0,0.0,8.0,DK Metcalf,WR,Ole Miss,2018,"~26 rec, 569 yds, 5 TD (approx.)","Auto-match (approx. library): injury-shortened season, elite per-catch traits. Verify exact line on Sports-Reference.",CFBD_SYNC
5149910,Tristen Brown,,Vanderbilt,SEC,WR,JR,70,185,"Houston, TX",2025,,,,,,,,,,,1.0,2.0,0.0,2.0,10.0,137.0,0.0,13.7,Jaylen Waddle,WR,Alabama,2020,"~28 rec, 591 yds, 4 TD (approx.)","Auto-match (approx. library): injury-shortened season, explosive per-touch profile. Verify exact line on Sports-Reference.",CFBD_SYNC
5149910,Tristen Brown,,Vanderbilt,SEC,WR,JR,70,185,"Houston, TX",2024,,,,,,,,,,,1.0,1.0,0.0,1.0,3.0,27.0,0.0,9.0,DK Metcalf,WR,Ole Miss,2018,"~26 rec, 569 yds, 5 TD (approx.)","Auto-match (approx. library): injury-shortened season, elite per-catch traits. Verify exact line on Sports-Reference.",CFBD_SYNC
5222676,Brady Clough,,Boston College,ACC,TE,SO,75,240,"Scarborough, ME",2026,1,,,,,,,,,,,,,,4.0,31.0,0.0,7.75,George Kittle,TE,Iowa,2016,"~22 rec, 314 yds, 4 TD (approx.)","Auto-match (approx. library): low college volume, blocking-first usage. Verify exact line on Sports-Reference.",CFBD_SYNC
5222676,Brady Clough,,Boston College,ACC,TE,SO,75,240,"Scarborough, ME",2025,,,,,,,,,,,,,,,1.0,5.0,0.0,5.0,George Kittle,TE,Iowa,2016,"~22 rec, 314 yds, 4 TD (approx.)","Auto-match (approx. library): low college volume, blocking-first usage. Verify exact line on Sports-Reference.",CFBD_SYNC
5250264,Kaelan Chudzinski,,Boston College,ACC,TE,SO,75,240,"Needham, MA",2025,,,,,,,,,,,,,,,24.0,313.0,4.0,13.04,George Kittle,TE,Iowa,2016,"~22 rec, 314 yds, 4 TD (approx.)","Auto-match (approx. library): low college volume, blocking-first usage. Verify exact line on Sports-Reference.",CFBD_SYNC
4698471,Matt Ragan,,Boston College,ACC,TE,JR,77,246,"Westboro, MA",2024,,,,,,,,,,,,,,,1.0,11.0,0.0,11.0,George Kittle,TE,Iowa,2016,"~22 rec, 314 yds, 4 TD (approx.)","Auto-match (approx. library): low college volume, blocking-first usage. Verify exact line on Sports-Reference.",CFBD_SYNC
4870870,Ty Lockwood,,Boston College,ACC,TE,SR,76,246,"Thompsons Station, TN",2025,,,,,,,,,,,,,,,2.0,30.0,0.0,15.0,George Kittle,TE,Iowa,2016,"~22 rec, 314 yds, 4 TD (approx.)","Auto-match (approx. library): low college volume, blocking-first usage. Verify exact line on Sports-Reference.",CFBD_SYNC
5077304,Zeke Moore,,Boston College,ACC,TE,SR,73,245,"Roswell, GA",2026,1,,,,,,,,,,,,,,1.0,7.0,0.0,7.0,George Kittle,TE,Iowa,2016,"~22 rec, 314 yds, 4 TD (approx.)","Auto-match (approx. library): low college volume, blocking-first usage. Verify exact line on Sports-Reference.",CFBD_SYNC
5077304,Zeke Moore,,Boston College,ACC,TE,SR,73,245,"Roswell, GA",2025,,,,,,,,,,,,,,,2.0,7.0,0.0,3.5,George Kittle,TE,Iowa,2016,"~22 rec, 314 yds, 4 TD (approx.)","Auto-match (approx. library): low college volume, blocking-first usage. Verify exact line on Sports-Reference.",CFBD_SYNC
4683306,Landon Morris,,California,ACC,TE,SR,77,240,"Indianapolis, IN",2025,,,,,,,,,,,,,,,7.0,94.0,2.0,13.43,George Kittle,TE,Iowa,2016,"~22 rec, 314 yds, 4 TD (approx.)","Auto-match (approx. library): low college volume, blocking-first usage. Verify exact line on Sports-Reference.",CFBD_SYNC
5165154,Mason Mini,,California,ACC,TE,JR,76,245,"Pacifica, CA",2026,1,,,,,,,,,,,,,,4.0,58.0,1.0,14.5,George Kittle,TE,Iowa,2016,"~22 rec, 314 yds, 4 TD (approx.)","Auto-match (approx. library): low college volume, blocking-first usage. Verify exact line on Sports-Reference.",CFBD_SYNC
5165154,Mason Mini,,California,ACC,TE,JR,76,245,"Pacifica, CA",2025,,,2.0,2.0,100.0,58.0,1.0,0.0,29.0,508.6,1.0,0.0,0.0,0.0,35.0,387.0,4.0,11.06,Jake Ferguson,TE,Wisconsin,2021,"~46 rec, 450 yds, 3 TD (approx.)",Auto-match (approx. library): possession Y in run-heavy offense. Verify exact line on Sports-Reference.,CFBD_SYNC
5079324,Christian Bentancur,,Clemson,ACC,TE,JR,76,250,"Lakemoor, IL",2026,1,,,,,,,,,,,,,,1.0,-3.0,0.0,-3.0,George Kittle,TE,Iowa,2016,"~22 rec, 314 yds, 4 TD (approx.)","Auto-match (approx. library): low college volume, blocking-first usage. Verify exact line on Sports-Reference.",CFBD_SYNC
5079324,Christian Bentancur,,Clemson,ACC,TE,JR,76,250,"Lakemoor, IL",2025,,,,,,,,,,,,,,,20.0,215.0,3.0,10.75,George Kittle,TE,Iowa,2016,"~22 rec, 314 yds, 4 TD (approx.)","Auto-match (approx. library): low college volume, blocking-first usage. Verify exact line on Sports-Reference.",CFBD_SYNC
5079324,Christian Bentancur,,Clemson,ACC,TE,JR,76,250,"Lakemoor, IL",2024,,,,,,,,,,,,,,,1.0,7.0,0.0,7.0,George Kittle,TE,Iowa,2016,"~22 rec, 314 yds, 4 TD (approx.)","Auto-match (approx. library): low college volume, blocking-first usage. Verify exact line on Sports-Reference.",CFBD_SYNC
4898018,Josh Sapp,,Clemson,ACC,TE,SR,74,238,"Greenville, SC",2025,,,,,,,,,,,,,,,11.0,150.0,0.0,13.64,George Kittle,TE,Iowa,2016,"~22 rec, 314 yds, 4 TD (approx.)","Auto-match (approx. library): low college volume, blocking-first usage. Verify exact line on Sports-Reference.",CFBD_SYNC
4898018,Josh Sapp,,Clemson,ACC,TE,SR,74,238,"Greenville, SC",2024,,,,,,,,,,,,,,,6.0,63.0,0.0,10.5,George Kittle,TE,Iowa,2016,"~22 rec, 314 yds, 4 TD (approx.)","Auto-match (approx. library): low college volume, blocking-first usage. Verify exact line on Sports-Reference.",CFBD_SYNC
4898018,Josh Sapp,,Clemson,ACC,TE,SR,74,238,"Greenville, SC",2023,,,,,,,,,,,,,,,7.0,60.0,2.0,8.57,George Kittle,TE,Iowa,2016,"~22 rec, 314 yds, 4 TD (approx.)","Auto-match (approx. library): low college volume, blocking-first usage. Verify exact line on Sports-Reference.",CFBD_SYNC
5148628,Logan Brooking,,Clemson,ACC,TE,SO,76,240,"Bluffton, SC",2025,,,,,,,,,,,,,,,1.0,4.0,1.0,4.0,George Kittle,TE,Iowa,2016,"~22 rec, 314 yds, 4 TD (approx.)","Auto-match (approx. library): low college volume, blocking-first usage. Verify exact line on Sports-Reference.",CFBD_SYNC
5150561,Olsen Patt-Henry,,Clemson,ACC,TE,SR,75,245,"Naples, FL",2026,1,,,,,,,,,,,,,,1.0,1.0,0.0,1.0,George Kittle,TE,Iowa,2016,"~22 rec, 314 yds, 4 TD (approx.)","Auto-match (approx. library): low college volume, blocking-first usage. Verify exact line on Sports-Reference.",CFBD_SYNC
5150561,Olsen Patt-Henry,,Clemson,ACC,TE,SR,75,245,"Naples, FL",2025,,,,,,,,,,,,,,,16.0,126.0,0.0,7.88,George Kittle,TE,Iowa,2016,"~22 rec, 314 yds, 4 TD (approx.)","Auto-match (approx. library): low college volume, blocking-first usage. Verify exact line on Sports-Reference.",CFBD_SYNC
5150561,Olsen Patt-Henry,,Clemson,ACC,TE,SR,75,245,"Naples, FL",2024,,,,,,,,,,,,,,,9.0,121.0,3.0,13.44,George Kittle,TE,Iowa,2016,"~22 rec, 314 yds, 4 TD (approx.)","Auto-match (approx. library): low college volume, blocking-first usage. Verify exact line on Sports-Reference.",CFBD_SYNC
5150561,Olsen Patt-Henry,,Clemson,ACC,TE,SR,75,245,"Naples, FL",2023,,,,,,,,,,,,,,,3.0,42.0,0.0,14.0,George Kittle,TE,Iowa,2016,"~22 rec, 314 yds, 4 TD (approx.)","Auto-match (approx. library): low college volume, blocking-first usage. Verify exact line on Sports-Reference.",CFBD_SYNC
3949586,Jake Taylor,,Duke,ACC,TE,SR,77,240,"Apex, NC",2026,1,,,,,,,,,,,,,,1.0,5.0,0.0,5.0,George Kittle,TE,Iowa,2016,"~22 rec, 314 yds, 4 TD (approx.)","Auto-match (approx. library): low college volume, blocking-first usage. Verify exact line on Sports-Reference.",CFBD_SYNC
3949586,Jake Taylor,,Duke,ACC,TE,SR,77,240,"Apex, NC",2025,,,,,,,,,,,,,,,2.0,20.0,0.0,10.0,George Kittle,TE,Iowa,2016,"~22 rec, 314 yds, 4 TD (approx.)","Auto-match (approx. library): low college volume, blocking-first usage. Verify exact line on Sports-Reference.",CFBD_SYNC
3949586,Jake Taylor,,Duke,ACC,TE,SR,77,240,"Apex, NC",2024,,,,,,,,,,,,,,,11.0,74.0,0.0,6.73,George Kittle,TE,Iowa,2016,"~22 rec, 314 yds, 4 TD (approx.)","Auto-match (approx. library): low college volume, blocking-first usage. Verify exact line on Sports-Reference.",CFBD_SYNC
3949586,Jake Taylor,,Duke,ACC,TE,SR,77,240,"Apex, NC",2023,,,,,,,,,,,,,,,1.0,14.0,0.0,14.0,George Kittle,TE,Iowa,2016,"~22 rec, 314 yds, 4 TD (approx.)","Auto-match (approx. library): low college volume, blocking-first usage. Verify exact line on Sports-Reference.",CFBD_SYNC
4869728,Jeremiah Hasley,,Duke,ACC,TE,SR,75,250,"Gibsonia, PA",2026,1,,,,,,,,,,,,,,2.0,36.0,0.0,18.0,George Kittle,TE,Iowa,2016,"~22 rec, 314 yds, 4 TD (approx.)","Auto-match (approx. library): low college volume, blocking-first usage. Verify exact line on Sports-Reference.",CFBD_SYNC
4869728,Jeremiah Hasley,,Duke,ACC,TE,SR,75,250,"Gibsonia, PA",2025,,,,,,,,,,,,,,,40.0,454.0,6.0,11.35,Cole Kmet,TE,Notre Dame,2019,"~43 rec, 515 yds, 6 TD (approx.)","Auto-match (approx. library): one-year producer, classic Y frame. Verify exact line on Sports-Reference.",CFBD_SYNC
4869728,Jeremiah Hasley,,Duke,ACC,TE,SR,75,250,"Gibsonia, PA",2024,,,,,,,,,,,,,,,3.0,11.0,1.0,3.67,George Kittle,TE,Iowa,2016,"~22 rec, 314 yds, 4 TD (approx.)","Auto-match (approx. library): low college volume, blocking-first usage. Verify exact line on Sports-Reference.",CFBD_SYNC
4869728,Jeremiah Hasley,,Duke,ACC,TE,SR,75,250,"Gibsonia, PA",2023,,,,,,,,,,,,,,,5.0,52.0,1.0,10.4,George Kittle,TE,Iowa,2016,"~22 rec, 314 yds, 4 TD (approx.)","Auto-match (approx. library): low college volume, blocking-first usage. Verify exact line on Sports-Reference.",CFBD_SYNC
5164345,Chase Loftin,,Florida State,ACC,TE,FR,78,235,"Omaha, NE",2025,,,,,,,,,,,,,,,1.0,6.0,0.0,6.0,George Kittle,TE,Iowa,2016,"~22 rec, 314 yds, 4 TD (approx.)","Auto-match (approx. library): low college volume, blocking-first usage. Verify exact line on Sports-Reference.",CFBD_SYNC
5160086,Desirrio Riles,,Florida State,ACC,TE,SR,75,235,"Jacksonville, FL",2026,1,,,,,,,,,,,,,,2.0,8.0,0.0,4.0,George Kittle,TE,Iowa,2016,"~22 rec, 314 yds, 4 TD (approx.)","Auto-match (approx. library): low college volume, blocking-first usage. Verify exact line on Sports-Reference.",CFBD_SYNC
5294076,Greyson Labiad,,Florida State,ACC,TE,SR,75,249,"Celebration, FL",2025,,,,,,,,,,,,,,,1.0,6.0,0.0,6.0,George Kittle,TE,Iowa,2016,"~22 rec, 314 yds, 4 TD (approx.)","Auto-match (approx. library): low college volume, blocking-first usage. Verify exact line on Sports-Reference.",CFBD_SYNC
5079738,Landen Thomas,,Florida State,ACC,TE,JR,76,234,"Moultrie, GA",2026,1,,,,,,,,,,,,,,1.0,11.0,0.0,11.0,George Kittle,TE,Iowa,2016,"~22 rec, 314 yds, 4 TD (approx.)","Auto-match (approx. library): low college volume, blocking-first usage. Verify exact line on Sports-Reference.",CFBD_SYNC
5079738,Landen Thomas,,Florida State,ACC,TE,JR,76,234,"Moultrie, GA",2025,,,,,,,,,,,,,,,3.0,35.0,2.0,11.67,George Kittle,TE,Iowa,2016,"~22 rec, 314 yds, 4 TD (approx.)","Auto-match (approx. library): low college volume, blocking-first usage. Verify exact line on Sports-Reference.",CFBD_SYNC
5079738,Landen Thomas,,Florida State,ACC,TE,JR,76,234,"Moultrie, GA",2024,,,,,,,,,,,,,,,14.0,173.0,1.0,12.36,George Kittle,TE,Iowa,2016,"~22 rec, 314 yds, 4 TD (approx.)","Auto-match (approx. library): low college volume, blocking-first usage. Verify exact line on Sports-Reference.",CFBD_SYNC
4870954,Randy Pittman,,Florida State,ACC,TE,SR,74,240,"Panama City, FL",2025,,,1.0,1.0,100.0,4.0,1.0,0.0,4.0,463.6,7.0,37.0,3.0,5.29,23.0,208.0,2.0,9.04,George Kittle,TE,Iowa,2016,"~22 rec, 314 yds, 4 TD (approx.)","Auto-match (approx. library): low college volume, blocking-first usage. Verify exact line on Sports-Reference.",CFBD_SYNC
5215629,Kevin Roche Jr.,,Georgia Tech,ACC,TE,SO,81,270,"Darien, CT",2026,1,,,,,,,,,,,,,,4.0,37.0,0.0,9.25,George Kittle,TE,Iowa,2016,"~22 rec, 314 yds, 4 TD (approx.)","Auto-match (approx. library): low college volume, blocking-first usage. Verify exact line on Sports-Reference.",CFBD_SYNC
5218907,Luke Harpring,,Georgia Tech,ACC,TE,JR,75,237,"Atlanta, GA",2025,,,,,,,,,,,,,,,13.0,158.0,0.0,12.15,George Kittle,TE,Iowa,2016,"~22 rec, 314 yds, 4 TD (approx.)","Auto-match (approx. library): low college volume, blocking-first usage. Verify exact line on Sports-Reference.",CFBD_SYNC
5218907,Luke Harpring,,Georgia Tech,ACC,TE,JR,75,237,"Atlanta, GA",2024,,,,,,,,,,,,,,,3.0,43.0,0.0,14.33,George Kittle,TE,Iowa,2016,"~22 rec, 314 yds, 4 TD (approx.)","Auto-match (approx. library): low college volume, blocking-first usage. Verify exact line on Sports-Reference.",CFBD_SYNC
4819226,Brody Foley,,Louisville,ACC,TE,SR,78,260,"Cincinnati, OH",2026,1,,,,,,,,,,,,,,1.0,3.0,0.0,3.0,George Kittle,TE,Iowa,2016,"~22 rec, 314 yds, 4 TD (approx.)","Auto-match (approx. library): low college volume, blocking-first usage. Verify exact line on Sports-Reference.",CFBD_SYNC
4685560,Jaleel Skinner,,Louisville,ACC,TE,SR,77,230,"Greer, SC",2026,1,,,,,,,,,,,,,,3.0,55.0,0.0,18.33,George Kittle,TE,Iowa,2016,"~22 rec, 314 yds, 4 TD (approx.)","Auto-match (approx. library): low college volume, blocking-first usage. Verify exact line on Sports-Reference.",CFBD_SYNC
4685560,Jaleel Skinner,,Louisville,ACC,TE,SR,77,230,"Greer, SC",2025,,,,,,,,,,,,,,,21.0,204.0,2.0,9.71,George Kittle,TE,Iowa,2016,"~22 rec, 314 yds, 4 TD (approx.)","Auto-match (approx. library): low college volume, blocking-first usage. Verify exact line on Sports-Reference.",CFBD_SYNC
4685560,Jaleel Skinner,,Louisville,ACC,TE,SR,77,230,"Greer, SC",2024,,,,,,,,,,,,,,,1.0,4.0,0.0,4.0,George Kittle,TE,Iowa,2016,"~22 rec, 314 yds, 4 TD (approx.)","Auto-match (approx. library): low college volume, blocking-first usage. Verify exact line on Sports-Reference.",CFBD_SYNC
4922988,Jamari Johnson,,Louisville,ACC,TE,JR,77,257,"Inglewood, CA",2024,,,,,,,,,,,,,,,13.0,158.0,1.0,12.15,George Kittle,TE,Iowa,2016,"~22 rec, 314 yds, 4 TD (approx.)","Auto-match (approx. library): low college volume, blocking-first usage. Verify exact line on Sports-Reference.",CFBD_SYNC
4816323,Nate Kurisky,,Louisville,ACC,TE,SR,75,245,"Leesburg, VA",2025,,,,,,,,,,,,,,,20.0,157.0,2.0,7.85,George Kittle,TE,Iowa,2016,"~22 rec, 314 yds, 4 TD (approx.)","Auto-match (approx. library): low college volume, blocking-first usage. Verify exact line on Sports-Reference.",CFBD_SYNC
4816323,Nate Kurisky,,Louisville,ACC,TE,SR,75,245,"Leesburg, VA",2024,,,,,,,,,,,,,,,13.0,117.0,3.0,9.0,George Kittle,TE,Iowa,2016,"~22 rec, 314 yds, 4 TD (approx.)","Auto-match (approx. library): low college volume, blocking-first usage. Verify exact line on Sports-Reference.",CFBD_SYNC
4816323,Nate Kurisky,,Louisville,ACC,TE,SR,75,245,"Leesburg, VA",2023,,,,,,,,,,,,,,,18.0,141.0,2.0,7.83,George Kittle,TE,Iowa,2016,"~22 rec, 314 yds, 4 TD (approx.)","Auto-match (approx. library): low college volume, blocking-first usage. Verify exact line on Sports-Reference.",CFBD_SYNC
5151017,Travis Egan,,Louisville,ACC,TE,JR,74,220,"Louisville, KY",2024,,,,,,,,,,,2.0,11.0,0.0,5.5,,,,,George Kittle,TE,Iowa,2016,"~22 rec, 314 yds, 4 TD (approx.)","Auto-match (approx. library): low college volume, blocking-first usage. Verify exact line on Sports-Reference.",CFBD_SYNC
5142604,Brock Schott,,Miami,ACC,TE,FR,75,241,"Fort Wayne, IN",2025,,,,,,,,,,,,,,,2.0,24.0,0.0,12.0,George Kittle,TE,Iowa,2016,"~22 rec, 314 yds, 4 TD (approx.)","Auto-match (approx. library): low college volume, blocking-first usage. Verify exact line on Sports-Reference.",CFBD_SYNC
5079503,Elija Lofton,,Miami,ACC,TE,JR,75,242,"Las Vegas, NV",2026,1,,,,,,,,,,,,,,1.0,14.0,0.0,14.0,George Kittle,TE,Iowa,2016,"~22 rec, 314 yds, 4 TD (approx.)","Auto-match (approx. library): low college volume, blocking-first usage. Verify exact line on Sports-Reference.",CFBD_SYNC
5079503,Elija Lofton,,Miami,ACC,TE,JR,75,242,"Las Vegas, NV",2025,,,,,,,,,,,3.0,11.0,0.0,3.67,23.0,218.0,3.0,9.48,George Kittle,TE,Iowa,2016,"~22 rec, 314 yds, 4 TD (approx.)","Auto-match (approx. library): low college volume, blocking-first usage. Verify exact line on Sports-Reference.",CFBD_SYNC
5079503,Elija Lofton,,Miami,ACC,TE,JR,75,242,"Las Vegas, NV",2024,,,,,,,,,,,2.0,30.0,1.0,15.0,9.0,150.0,1.0,16.67,George Kittle,TE,Iowa,2016,"~22 rec, 314 yds, 4 TD (approx.)","Auto-match (approx. library): low college volume, blocking-first usage. Verify exact line on Sports-Reference.",CFBD_SYNC
5276674,Gavin Mueller,,Miami,ACC,TE,FR,77,255,"Wayne, IL",2026,1,,,,,,,,,,,,,,1.0,4.0,0.0,4.0,George Kittle,TE,Iowa,2016,"~22 rec, 314 yds, 4 TD (approx.)","Auto-match (approx. library): low college volume, blocking-first usage. Verify exact line on Sports-Reference.",CFBD_SYNC
4685560,Jaleel Skinner,,Miami,ACC,TE,SR,77,230,"Greer, SC",2023,,,,,,,,,,,,,,,1.0,9.0,0.0,9.0,George Kittle,TE,Iowa,2016,"~22 rec, 314 yds, 4 TD (approx.)","Auto-match (approx. library): low college volume, blocking-first usage. Verify exact line on Sports-Reference.",CFBD_SYNC
4685560,Jaleel Skinner,,Miami,ACC,TE,SR,77,230,"Greer, SC",2022,,,,,,,,,,,,,,,9.0,129.0,1.0,14.33,George Kittle,TE,Iowa,2016,"~22 rec, 314 yds, 4 TD (approx.)","Auto-match (approx. library): low college volume, blocking-first usage. Verify exact line on Sports-Reference.",CFBD_SYNC
5141467,Luka Gilbert,,Miami,ACC,TE,SO,79,255,"West Chester, OH",2025,,,,,,,,,,,,,,,2.0,37.0,0.0,18.5,George Kittle,TE,Iowa,2016,"~22 rec, 314 yds, 4 TD (approx.)","Auto-match (approx. library): low college volume, blocking-first usage. Verify exact line on Sports-Reference.",CFBD_SYNC
4871054,Riley Williams,,Miami,ACC,TE,JR,77,250,"Portland, OR",2024,,,,,,,,,,,,,,,7.0,115.0,0.0,16.43,George Kittle,TE,Iowa,2016,"~22 rec, 314 yds, 4 TD (approx.)","Auto-match (approx. library): low college volume, blocking-first usage. Verify exact line on Sports-Reference.",CFBD_SYNC
4871054,Riley Williams,,Miami,ACC,TE,JR,77,250,"Portland, OR",2023,,,,,,,,,,,,,,,8.0,72.0,1.0,9.0,George Kittle,TE,Iowa,2016,"~22 rec, 314 yds, 4 TD (approx.)","Auto-match (approx. library): low college volume, blocking-first usage. Verify exact line on Sports-Reference.",CFBD_SYNC
5151802,Griffin Reimer,,NC State,ACC,TE,SO,75,245,"Matthews, NC",2025,,,,,,,,,,,,,,,1.0,7.0,0.0,7.0,George Kittle,TE,Iowa,2016,"~22 rec, 314 yds, 4 TD (approx.)","Auto-match (approx. library): low college volume, blocking-first usage. Verify exact line on Sports-Reference.",CFBD_SYNC
5172608,Hunter Provience,,NC State,ACC,TE,SR,77,245,"San Diego, CA",2026,1,,,,,,,,,,,,,,1.0,6.0,0.0,6.0,George Kittle,TE,Iowa,2016,"~22 rec, 314 yds, 4 TD (approx.)","Auto-match (approx. library): low college volume, blocking-first usage. Verify exact line on Sports-Reference.",CFBD_SYNC
4899418,Juice Vereen,,NC State,ACC,TE,SR,76,220,"Havelock, NC",2023,,,,,,,,,,,,,,,4.0,65.0,0.0,16.25,George Kittle,TE,Iowa,2016,"~22 rec, 314 yds, 4 TD (approx.)","Auto-match (approx. library): low college volume, blocking-first usage. Verify exact line on Sports-Reference.",CFBD_SYNC
5215337,Preston Douglas,,NC State,ACC,TE,SO,75,228,"Jupiter, FL",2026,1,,,,,,,,,,,,,,3.0,13.0,0.0,4.33,George Kittle,TE,Iowa,2016,"~22 rec, 314 yds, 4 TD (approx.)","Auto-match (approx. library): low college volume, blocking-first usage. Verify exact line on Sports-Reference.",CFBD_SYNC
5215337,Preston Douglas,,NC State,ACC,TE,SO,75,228,"Jupiter, FL",2025,,,,,,,,,,,1.0,2.0,0.0,2.0,1.0,18.0,0.0,18.0,George Kittle,TE,Iowa,2016,"~22 rec, 314 yds, 4 TD (approx.)","Auto-match (approx. library): low college volume, blocking-first usage. Verify exact line on Sports-Reference.",CFBD_SYNC
5201877,Vander Ploog,,NC State,ACC,TE,SO,78,230,"Fullerton, CA",2026,1,,,,,,,,,,,,,,2.0,25.0,0.0,12.5,George Kittle,TE,Iowa,2016,"~22 rec, 314 yds, 4 TD (approx.)","Auto-match (approx. library): low college volume, blocking-first usage. Verify exact line on Sports-Reference.",CFBD_SYNC
4923057,Connor Cox,,North Carolina,ACC,TE,SR,78,250,"Jacksonville, FL",2025,,,,,,,,,,,,,,,5.0,21.0,0.0,4.2,George Kittle,TE,Iowa,2016,"~22 rec, 314 yds, 4 TD (approx.)","Auto-match (approx. library): low college volume, blocking-first usage. Verify exact line on Sports-Reference.",CFBD_SYNC
5081426,Deems May,,North Carolina,ACC,TE,SR,74,230,"Charlotte, NC",2023,,,,,,,,,,,,,,,1.0,12.0,0.0,12.0,George Kittle,TE,Iowa,2016,"~22 rec, 314 yds, 4 TD (approx.)","Auto-match (approx. library): low college volume, blocking-first usage. Verify exact line on Sports-Reference.",CFBD_SYNC
4685414,Jake Johnson,,North Carolina,ACC,TE,SR,78,245,"Athens, GA",2025,,,,,,,,,,,,,,,16.0,149.0,1.0,9.31,George Kittle,TE,Iowa,2016,"~22 rec, 314 yds, 4 TD (approx.)","Auto-match (approx. library): low college volume, blocking-first usage. Verify exact line on Sports-Reference.",CFBD_SYNC
4685414,Jake Johnson,,North Carolina,ACC,TE,SR,78,245,"Athens, GA",2024,,,,,,,,,,,,,,,2.0,21.0,0.0,10.5,George Kittle,TE,Iowa,2016,"~22 rec, 314 yds, 4 TD (approx.)","Auto-match (approx. library): low college volume, blocking-first usage. Verify exact line on Sports-Reference.",CFBD_SYNC
4871039,Jelani Thurman,,North Carolina,ACC,TE,JR,78,250,"Fairburn, GA",2026,1,,,,,,,,,,,,,,4.0,94.0,0.0,23.5,George Kittle,TE,Iowa,2016,"~22 rec, 314 yds, 4 TD (approx.)","Auto-match (approx. library): low college volume, blocking-first usage. Verify exact line on Sports-Reference.",CFBD_SYNC
4870709,Shamar Easter,,North Carolina,ACC,TE,JR,77,215,"Ashdown, AR",2026,1,,,,,,,,,,,,,,1.0,9.0,0.0,9.0,George Kittle,TE,Iowa,2016,"~22 rec, 314 yds, 4 TD (approx.)","Auto-match (approx. library): low college volume, blocking-first usage. Verify exact line on Sports-Reference.",CFBD_SYNC
4870709,Shamar Easter,,North Carolina,ACC,TE,JR,77,215,"Ashdown, AR",2025,,,,,,,,,,,,,,,2.0,17.0,0.0,8.5,George Kittle,TE,Iowa,2016,"~22 rec, 314 yds, 4 TD (approx.)","Auto-match (approx. library): low college volume, blocking-first usage. Verify exact line on Sports-Reference.",CFBD_SYNC
5083135,Carson Kent,,Pittsburgh,ACC,TE,SR,76,250,"Milton, GA",2026,1,,,,,,,,,,,,,,2.0,29.0,0.0,14.5,George Kittle,TE,Iowa,2016,"~22 rec, 314 yds, 4 TD (approx.)","Auto-match (approx. library): low college volume, blocking-first usage. Verify exact line on Sports-Reference.",CFBD_SYNC
5296040,Elijah Lagg,,Pittsburgh,ACC,TE,SR,74,235,"Mountain Home, AR",2026,1,,,,,,,,,,,,,,3.0,23.0,1.0,7.67,George Kittle,TE,Iowa,2016,"~22 rec, 314 yds, 4 TD (approx.)","Auto-match (approx. library): low college volume, blocking-first usage. Verify exact line on Sports-Reference.",CFBD_SYNC
4684551,Jake Renda,,Pittsburgh,ACC,TE,SR,77,225,"Princeton, NJ",2023,,,,,,,,,,,,,,,2.0,14.0,0.0,7.0,George Kittle,TE,Iowa,2016,"~22 rec, 314 yds, 4 TD (approx.)","Auto-match (approx. library): low college volume, blocking-first usage. Verify exact line on Sports-Reference.",CFBD_SYNC
5197034,Malachi Thomas,,Pittsburgh,ACC,TE,JR,75,242,"Thomasville, GA",2025,,,,,,,,,,,,,,,13.0,192.0,2.0,14.77,George Kittle,TE,Iowa,2016,"~22 rec, 314 yds, 4 TD (approx.)","Auto-match (approx. library): low college volume, blocking-first usage. Verify exact line on Sports-Reference.",CFBD_SYNC
5197034,Malachi Thomas,,Pittsburgh,ACC,TE,JR,75,242,"Thomasville, GA",2024,,,,,,,,,,,,,,,2.0,22.0,1.0,11.0,George Kittle,TE,Iowa,2016,"~22 rec, 314 yds, 4 TD (approx.)","Auto-match (approx. library): low college volume, blocking-first usage. Verify exact line on Sports-Reference.",CFBD_SYNC
4870954,Randy Pittman,,SMU,ACC,TE,SR,74,240,"Panama City, FL",2026,1,,,,,,,,,,,,,,5.0,75.0,1.0,15.0,George Kittle,TE,Iowa,2016,"~22 rec, 314 yds, 4 TD (approx.)","Auto-match (approx. library): low college volume, blocking-first usage. Verify exact line on Sports-Reference.",CFBD_SYNC
5146764,Benji Blackburn,,Stanford,ACC,TE,JR,78,260,"Miami, FL",2026,2,,,,,,,,,,,,,,12.0,101.0,0.0,8.42,George Kittle,TE,Iowa,2016,"~22 rec, 314 yds, 4 TD (approx.)","Auto-match (approx. library): low college volume, blocking-first usage. Verify exact line on Sports-Reference.",CFBD_SYNC
5146764,Benji Blackburn,,Stanford,ACC,TE,JR,78,260,"Miami, FL",2025,,,,,,,,,,,,,,,9.0,109.0,1.0,12.11,George Kittle,TE,Iowa,2016,"~22 rec, 314 yds, 4 TD (approx.)","Auto-match (approx. library): low college volume, blocking-first usage. Verify exact line on Sports-Reference.",CFBD_SYNC
5146764,Benji Blackburn,,Stanford,ACC,TE,JR,78,260,"Miami, FL",2024,,,,,,,,,,,,,,,2.0,18.0,0.0,9.0,George Kittle,TE,Iowa,2016,"~22 rec, 314 yds, 4 TD (approx.)","Auto-match (approx. library): low college volume, blocking-first usage. Verify exact line on Sports-Reference.",CFBD_SYNC
5077804,Chico Holt,,Stanford,ACC,TE,JR,77,255,"Houston, TX",2026,1,,,,,,,,,,,,,,1.0,7.0,0.0,7.0,George Kittle,TE,Iowa,2016,"~22 rec, 314 yds, 4 TD (approx.)","Auto-match (approx. library): low college volume, blocking-first usage. Verify exact line on Sports-Reference.",CFBD_SYNC
5077804,Chico Holt,,Stanford,ACC,TE,JR,77,255,"Houston, TX",2025,,,,,,,,,,,,,,,1.0,36.0,0.0,36.0,George Kittle,TE,Iowa,2016,"~22 rec, 314 yds, 4 TD (approx.)","Auto-match (approx. library): low college volume, blocking-first usage. Verify exact line on Sports-Reference.",CFBD_SYNC
5210515,Daunte Bacheyie,,Syracuse,ACC,TE,SO,77,210,"Sylvan Beach, NY",2026,1,,,,,,,,,,,,,,2.0,12.0,1.0,6.0,George Kittle,TE,Iowa,2016,"~22 rec, 314 yds, 4 TD (approx.)","Auto-match (approx. library): low college volume, blocking-first usage. Verify exact line on Sports-Reference.",CFBD_SYNC
5210515,Daunte Bacheyie,,Syracuse,ACC,TE,SO,77,210,"Sylvan Beach, NY",2025,,,,,,,,,,,,,,,5.0,42.0,0.0,8.4,George Kittle,TE,Iowa,2016,"~22 rec, 314 yds, 4 TD (approx.)","Auto-match (approx. library): low college volume, blocking-first usage. Verify exact line on Sports-Reference.",CFBD_SYNC
5004520,David Clement,,Syracuse,ACC,TE,SR,78,260,"Albany, NY",2026,1,,,,,,,,,,,,,,2.0,35.0,1.0,17.5,George Kittle,TE,Iowa,2016,"~22 rec, 314 yds, 4 TD (approx.)","Auto-match (approx. library): low college volume, blocking-first usage. Verify exact line on Sports-Reference.",CFBD_SYNC
5004520,David Clement,,Syracuse,ACC,TE,SR,78,260,"Albany, NY",2025,,,,,,,,,,,,,,,3.0,30.0,0.0,10.0,George Kittle,TE,Iowa,2016,"~22 rec, 314 yds, 4 TD (approx.)","Auto-match (approx. library): low college volume, blocking-first usage. Verify exact line on Sports-Reference.",CFBD_SYNC
5220893,Elijah Washington-Baker,,Syracuse,ACC,TE,SO,79,245,"Norfolk, VA",2026,1,,,,,,,,,,,,,,1.0,6.0,0.0,6.0,George Kittle,TE,Iowa,2016,"~22 rec, 314 yds, 4 TD (approx.)","Auto-match (approx. library): low college volume, blocking-first usage. Verify exact line on Sports-Reference.",CFBD_SYNC
5220893,Elijah Washington-Baker,,Syracuse,ACC,TE,SO,79,245,"Norfolk, VA",2025,,,,,,,,,,,,,,,1.0,17.0,1.0,17.0,George Kittle,TE,Iowa,2016,"~22 rec, 314 yds, 4 TD (approx.)","Auto-match (approx. library): low college volume, blocking-first usage. Verify exact line on Sports-Reference.",CFBD_SYNC
5121720,Noah Meyers,,Syracuse,ACC,TE,JR,77,240,"Louisville, KY",2026,1,,,,,,,,,,,,,,1.0,10.0,0.0,10.0,George Kittle,TE,Iowa,2016,"~22 rec, 314 yds, 4 TD (approx.)","Auto-match (approx. library): low college volume, blocking-first usage. Verify exact line on Sports-Reference.",CFBD_SYNC
4923057,Connor Cox,,Virginia,ACC,TE,SR,78,250,"Jacksonville, FL",2026,1,,,,,,,,,,,,,,1.0,7.0,0.0,7.0,George Kittle,TE,Iowa,2016,"~22 rec, 314 yds, 4 TD (approx.)","Auto-match (approx. library): low college volume, blocking-first usage. Verify exact line on Sports-Reference.",CFBD_SYNC
4685594,Dakota Twitty,,Virginia,ACC,TE,SR,77,247,"Columbus, NC",2025,,,,,,,,,,,,,,,11.0,129.0,0.0,11.73,George Kittle,TE,Iowa,2016,"~22 rec, 314 yds, 4 TD (approx.)","Auto-match (approx. library): low college volume, blocking-first usage. Verify exact line on Sports-Reference.",CFBD_SYNC
4685594,Dakota Twitty,,Virginia,ACC,TE,SR,77,247,"Columbus, NC",2024,,,,,,,,,,,,,,,10.0,78.0,1.0,7.8,George Kittle,TE,Iowa,2016,"~22 rec, 314 yds, 4 TD (approx.)","Auto-match (approx. library): low college volume, blocking-first usage. Verify exact line on Sports-Reference.",CFBD_SYNC
4685594,Dakota Twitty,,Virginia,ACC,TE,SR,77,247,"Columbus, NC",2023,,,,,,,,,,,,,,,1.0,7.0,0.0,7.0,George Kittle,TE,Iowa,2016,"~22 rec, 314 yds, 4 TD (approx.)","Auto-match (approx. library): low college volume, blocking-first usage. Verify exact line on Sports-Reference.",CFBD_SYNC
5143920,John Rogers,,Virginia,ACC,TE,SO,76,239,"The Plains, VA",2025,,,,,,,,,,,,,,,9.0,101.0,1.0,11.22,George Kittle,TE,Iowa,2016,"~22 rec, 314 yds, 4 TD (approx.)","Auto-match (approx. library): low college volume, blocking-first usage. Verify exact line on Sports-Reference.",CFBD_SYNC
4685366,Benji Gosnell,,Virginia Tech,ACC,TE,SR,76,250,"Meadows Of Dan, VA",2025,,,,,,,,,,,,,,,12.0,86.0,0.0,7.17,George Kittle,TE,Iowa,2016,"~22 rec, 314 yds, 4 TD (approx.)","Auto-match (approx. library): low college volume, blocking-first usage. Verify exact line on Sports-Reference.",CFBD_SYNC
4685366,Benji Gosnell,,Virginia Tech,ACC,TE,SR,76,250,"Meadows Of Dan, VA",2024,,,,,,,,,,,,,,,32.0,341.0,2.0,10.66,George Kittle,TE,Iowa,2016,"~22 rec, 314 yds, 4 TD (approx.)","Auto-match (approx. library): low college volume, blocking-first usage. Verify exact line on Sports-Reference.",CFBD_SYNC
4685366,Benji Gosnell,,Virginia Tech,ACC,TE,SR,76,250,"Meadows Of Dan, VA",2023,,,,,,,,,,,,,,,12.0,137.0,1.0,11.42,George Kittle,TE,Iowa,2016,"~22 rec, 314 yds, 4 TD (approx.)","Auto-match (approx. library): low college volume, blocking-first usage. Verify exact line on Sports-Reference.",CFBD_SYNC
4726129,Harrison Saint Germain,,Virginia Tech,ACC,TE,SR,76,246,"Centreville, VA",2026,1,,,,,,,,,,,,,,1.0,10.0,0.0,10.0,George Kittle,TE,Iowa,2016,"~22 rec, 314 yds, 4 TD (approx.)","Auto-match (approx. library): low college volume, blocking-first usage. Verify exact line on Sports-Reference.",CFBD_SYNC
4726129,Harrison Saint Germain,,Virginia Tech,ACC,TE,SR,76,246,"Centreville, VA",2025,,,,,,,,,,,,,,,4.0,28.0,0.0,7.0,George Kittle,TE,Iowa,2016,"~22 rec, 314 yds, 4 TD (approx.)","Auto-match (approx. library): low college volume, blocking-first usage. Verify exact line on Sports-Reference.",CFBD_SYNC
4726129,Harrison Saint Germain,,Virginia Tech,ACC,TE,SR,76,246,"Centreville, VA",2024,,,,,,,,,,,,,,,4.0,25.0,0.0,6.25,George Kittle,TE,Iowa,2016,"~22 rec, 314 yds, 4 TD (approx.)","Auto-match (approx. library): low college volume, blocking-first usage. Verify exact line on Sports-Reference.",CFBD_SYNC
4726129,Harrison Saint Germain,,Virginia Tech,ACC,TE,SR,76,246,"Centreville, VA",2023,,,,,,,,,,,,,,,2.0,13.0,1.0,6.5,George Kittle,TE,Iowa,2016,"~22 rec, 314 yds, 4 TD (approx.)","Auto-match (approx. library): low college volume, blocking-first usage. Verify exact line on Sports-Reference.",CFBD_SYNC
5161652,Ja'Ricous Hairston,,Virginia Tech,ACC,TE,JR,74,251,"Bassett, VA",2026,1,,,,,,,,,,,,,,1.0,33.0,0.0,33.0,George Kittle,TE,Iowa,2016,"~22 rec, 314 yds, 4 TD (approx.)","Auto-match (approx. library): low college volume, blocking-first usage. Verify exact line on Sports-Reference.",CFBD_SYNC
5161652,Ja'Ricous Hairston,,Virginia Tech,ACC,TE,JR,74,251,"Bassett, VA",2025,,,,,,,,,,,,,,,12.0,112.0,3.0,9.33,George Kittle,TE,Iowa,2016,"~22 rec, 314 yds, 4 TD (approx.)","Auto-match (approx. library): low college volume, blocking-first usage. Verify exact line on Sports-Reference.",CFBD_SYNC
5138451,Luke Reynolds,,Virginia Tech,ACC,TE,JR,76,250,"Westford, MA",2026,1,,,,,,,,,,,,,,5.0,50.0,1.0,10.0,George Kittle,TE,Iowa,2016,"~22 rec, 314 yds, 4 TD (approx.)","Auto-match (approx. library): low college volume, blocking-first usage. Verify exact line on Sports-Reference.",CFBD_SYNC
5276063,Pierce Petersohn,,Virginia Tech,ACC,TE,FR,76,220,"Dodge Center, MN",2026,1,,,,,,,,,,,,,,2.0,6.0,0.0,3.0,George Kittle,TE,Iowa,2016,"~22 rec, 314 yds, 4 TD (approx.)","Auto-match (approx. library): low college volume, blocking-first usage. Verify exact line on Sports-Reference.",CFBD_SYNC
4917270,Harry Lodge,,Wake Forest,ACC,TE,SR,79,247,"Cambridge, MA",2024,,,,,,,,,,,,,,,12.0,110.0,0.0,9.17,George Kittle,TE,Iowa,2016,"~22 rec, 314 yds, 4 TD (approx.)","Auto-match (approx. library): low college volume, blocking-first usage. Verify exact line on Sports-Reference.",CFBD_SYNC
5086448,Kamrean Johnson,,Wake Forest,ACC,TE,SR,77,230,"Birmingham, AL",2026,1,,,,,,,,,,,,,,2.0,8.0,0.0,4.0,George Kittle,TE,Iowa,2016,"~22 rec, 314 yds, 4 TD (approx.)","Auto-match (approx. library): low college volume, blocking-first usage. Verify exact line on Sports-Reference.",CFBD_SYNC
5086448,Kamrean Johnson,,Wake Forest,ACC,TE,SR,77,230,"Birmingham, AL",2025,,,,,,,,,,,,,,,11.0,122.0,1.0,11.09,George Kittle,TE,Iowa,2016,"~22 rec, 314 yds, 4 TD (approx.)","Auto-match (approx. library): low college volume, blocking-first usage. Verify exact line on Sports-Reference.",CFBD_SYNC
4683306,Landon Morris,,Wake Forest,ACC,TE,SR,77,240,"Indianapolis, IN",2026,1,,,,,,,,,,,,,,1.0,13.0,0.0,13.0,George Kittle,TE,Iowa,2016,"~22 rec, 314 yds, 4 TD (approx.)","Auto-match (approx. library): low college volume, blocking-first usage. Verify exact line on Sports-Reference.",CFBD_SYNC
5079647,Caleb Odom,,Alabama,SEC,TE,JR,77,240,"Carrollton, GA",2024,,,,,,,,,,,,,,,7.0,65.0,0.0,9.29,George Kittle,TE,Iowa,2016,"~22 rec, 314 yds, 4 TD (approx.)","Auto-match (approx. library): low college volume, blocking-first usage. Verify exact line on Sports-Reference.",CFBD_SYNC
4888707,Danny Lewis,,Alabama,SEC,TE,SR,77,260,"New Iberia, LA",2026,1,,,,,,,,,,,,,,1.0,4.0,0.0,4.0,George Kittle,TE,Iowa,2016,"~22 rec, 314 yds, 4 TD (approx.)","Auto-match (approx. library): low college volume, blocking-first usage. Verify exact line on Sports-Reference.",CFBD_SYNC
4888707,Danny Lewis,,Alabama,SEC,TE,SR,77,260,"New Iberia, LA",2025,,,,,,,,,,,,,,,2.0,17.0,0.0,8.5,George Kittle,TE,Iowa,2016,"~22 rec, 314 yds, 4 TD (approx.)","Auto-match (approx. library): low college volume, blocking-first usage. Verify exact line on Sports-Reference.",CFBD_SYNC
4888707,Danny Lewis,,Alabama,SEC,TE,SR,77,260,"New Iberia, LA",2023,,,,,,,,,,,,,,,1.0,5.0,0.0,5.0,George Kittle,TE,Iowa,2016,"~22 rec, 314 yds, 4 TD (approx.)","Auto-match (approx. library): low college volume, blocking-first usage. Verify exact line on Sports-Reference.",CFBD_SYNC
5142264,Jay Lindsey,,Alabama,SEC,TE,JR,77,258,"Butler, AL",2025,,,,,,,,,,,,,,,2.0,7.0,0.0,3.5,George Kittle,TE,Iowa,2016,"~22 rec, 314 yds, 4 TD (approx.)","Auto-match (approx. library): low college volume, blocking-first usage. Verify exact line on Sports-Reference.",CFBD_SYNC
5142264,Jay Lindsey,,Alabama,SEC,TE,JR,77,258,"Butler, AL",2024,,,,,,,,,,,,,,,1.0,5.0,0.0,5.0,George Kittle,TE,Iowa,2016,"~22 rec, 314 yds, 4 TD (approx.)","Auto-match (approx. library): low college volume, blocking-first usage. Verify exact line on Sports-Reference.",CFBD_SYNC
5142591,Kaleb Edwards,,Alabama,SEC,TE,SO,78,264,"El Dorado Hills, CA",2026,1,,,,,,,,,,,,,,2.0,21.0,0.0,10.5,George Kittle,TE,Iowa,2016,"~22 rec, 314 yds, 4 TD (approx.)","Auto-match (approx. library): low college volume, blocking-first usage. Verify exact line on Sports-Reference.",CFBD_SYNC
5142591,Kaleb Edwards,,Alabama,SEC,TE,SO,78,264,"El Dorado Hills, CA",2025,,,,,,,,,,,,,,,11.0,150.0,1.0,13.64,George Kittle,TE,Iowa,2016,"~22 rec, 314 yds, 4 TD (approx.)","Auto-match (approx. library): low college volume, blocking-first usage. Verify exact line on Sports-Reference.",CFBD_SYNC
5164343,Marshall Pritchett,,Alabama,SEC,TE,SO,77,246,"Charleston, SC",2025,,,,,,,,,,,,,,,7.0,57.0,0.0,8.14,George Kittle,TE,Iowa,2016,"~22 rec, 314 yds, 4 TD (approx.)","Auto-match (approx. library): low college volume, blocking-first usage. Verify exact line on Sports-Reference.",CFBD_SYNC
4870870,Ty Lockwood,,Alabama,SEC,TE,SR,76,246,"Thompsons Station, TN",2024,,,,,,,,,,,,,,,1.0,5.0,0.0,5.0,George Kittle,TE,Iowa,2016,"~22 rec, 314 yds, 4 TD (approx.)","Auto-match (approx. library): low college volume, blocking-first usage. Verify exact line on Sports-Reference.",CFBD_SYNC
4899360,Jaden Platt,,Arkansas,SEC,TE,JR,77,255,"Haslet, TX",2026,1,,,,,,,,,,,,,,1.0,10.0,1.0,10.0,George Kittle,TE,Iowa,2016,"~22 rec, 314 yds, 4 TD (approx.)","Auto-match (approx. library): low college volume, blocking-first usage. Verify exact line on Sports-Reference.",CFBD_SYNC
4899360,Jaden Platt,,Arkansas,SEC,TE,JR,77,255,"Haslet, TX",2025,,,,,,,,,,,,,,,21.0,296.0,2.0,14.1,George Kittle,TE,Iowa,2016,"~22 rec, 314 yds, 4 TD (approx.)","Auto-match (approx. library): low college volume, blocking-first usage. Verify exact line on Sports-Reference.",CFBD_SYNC
4870797,Luke Hasz,,Arkansas,SEC,TE,SR,74,240,"Bixby, OK",2024,,,,,,,,,,,,,,,26.0,324.0,4.0,12.46,George Kittle,TE,Iowa,2016,"~22 rec, 314 yds, 4 TD (approx.)","Auto-match (approx. library): low college volume, blocking-first usage. Verify exact line on Sports-Reference.",CFBD_SYNC
4870797,Luke Hasz,,Arkansas,SEC,TE,SR,74,240,"Bixby, OK",2023,,,,,,,,,,,,,,,16.0,253.0,3.0,15.81,George Kittle,TE,Iowa,2016,"~22 rec, 314 yds, 4 TD (approx.)","Auto-match (approx. library): low college volume, blocking-first usage. Verify exact line on Sports-Reference.",CFBD_SYNC
5150266,Maddox Lassiter,,Arkansas,SEC,TE,SR,75,248,"Warren, AR",2025,,,,,,,,,,,1.0,1.0,0.0,1.0,1.0,2.0,0.0,2.0,George Kittle,TE,Iowa,2016,"~22 rec, 314 yds, 4 TD (approx.)","Auto-match (approx. library): low college volume, blocking-first usage. Verify exact line on Sports-Reference.",CFBD_SYNC
5295366,Matt Adcock,,Arkansas,SEC,TE,SR,75,258,"Raleigh, MS",2026,1,,,,,,,,,,,,,,1.0,2.0,1.0,2.0,George Kittle,TE,Iowa,2016,"~22 rec, 314 yds, 4 TD (approx.)","Auto-match (approx. library): low college volume, blocking-first usage. Verify exact line on Sports-Reference.",CFBD_SYNC
4870709,Shamar Easter,,Arkansas,SEC,TE,JR,77,215,"Ashdown, AR",2024,,,,,,,,,,,,,,,1.0,16.0,0.0,16.0,George Kittle,TE,Iowa,2016,"~22 rec, 314 yds, 4 TD (approx.)","Auto-match (approx. library): low college volume, blocking-first usage. Verify exact line on Sports-Reference.",CFBD_SYNC
4870870,Ty Lockwood,,Arkansas,SEC,TE,SR,76,246,"Thompsons Station, TN",2026,1,,,,,,,,,,,,,,2.0,22.0,0.0,11.0,George Kittle,TE,Iowa,2016,"~22 rec, 314 yds, 4 TD (approx.)","Auto-match (approx. library): low college volume, blocking-first usage. Verify exact line on Sports-Reference.",CFBD_SYNC
4837392,Ty Washington,,Arkansas,SEC,TE,SR,76,253,"Leesburg, GA",2024,,,,,,,,,,,,,,,2.0,25.0,1.0,12.5,George Kittle,TE,Iowa,2016,"~22 rec, 314 yds, 4 TD (approx.)","Auto-match (approx. library): low college volume, blocking-first usage. Verify exact line on Sports-Reference.",CFBD_SYNC
4837392,Ty Washington,,Arkansas,SEC,TE,SR,76,253,"Leesburg, GA",2023,,,,,,,,,,,,,,,11.0,170.0,2.0,15.45,George Kittle,TE,Iowa,2016,"~22 rec, 314 yds, 4 TD (approx.)","Auto-match (approx. library): low college volume, blocking-first usage. Verify exact line on Sports-Reference.",CFBD_SYNC
4837392,Ty Washington,,Arkansas,SEC,TE,SR,76,253,"Leesburg, GA",2022,,,,,,,,,,,,,,,1.0,17.0,1.0,17.0,George Kittle,TE,Iowa,2016,"~22 rec, 314 yds, 4 TD (approx.)","Auto-match (approx. library): low college volume, blocking-first usage. Verify exact line on Sports-Reference.",CFBD_SYNC
4685414,Jake Johnson,,Auburn,SEC,TE,SR,78,245,"Athens, GA",2026,1,,,,,,,,,,,,,,3.0,20.0,0.0,6.67,George Kittle,TE,Iowa,2016,"~22 rec, 314 yds, 4 TD (approx.)","Auto-match (approx. library): low college volume, blocking-first usage. Verify exact line on Sports-Reference.",CFBD_SYNC
5079382,Jonathan Echols,,Auburn,SEC,TE,SO,78,235,"Franklin, GA",2026,1,,,,,,,,,,,,,,1.0,7.0,0.0,7.0,George Kittle,TE,Iowa,2016,"~22 rec, 314 yds, 4 TD (approx.)","Auto-match (approx. library): low college volume, blocking-first usage. Verify exact line on Sports-Reference.",CFBD_SYNC
5081054,Micah Riley,,Auburn,SEC,TE,SR,77,263,"Omaha, NE",2024,,,,,,,,,,,,,,,1.0,3.0,1.0,3.0,George Kittle,TE,Iowa,2016,"~22 rec, 314 yds, 4 TD (approx.)","Auto-match (approx. library): low college volume, blocking-first usage. Verify exact line on Sports-Reference.",CFBD_SYNC
5081054,Micah Riley,,Auburn,SEC,TE,SR,77,263,"Omaha, NE",2023,,,,,,,,,,,,,,,2.0,40.0,1.0,20.0,George Kittle,TE,Iowa,2016,"~22 rec, 314 yds, 4 TD (approx.)","Auto-match (approx. library): low college volume, blocking-first usage. Verify exact line on Sports-Reference.",CFBD_SYNC
4685393,Preston Howard,,Auburn,SEC,TE,SR,77,236,"Arbutus, MD",2025,,,,,,,,,,,,,,,10.0,84.0,0.0,8.4,George Kittle,TE,Iowa,2016,"~22 rec, 314 yds, 4 TD (approx.)","Auto-match (approx. library): low college volume, blocking-first usage. Verify exact line on Sports-Reference.",CFBD_SYNC
5141461,Ryan Ghea,,Auburn,SEC,TE,SO,77,250,"Milton, GA",2025,,,,,,,,,,,,,,,2.0,20.0,0.0,10.0,George Kittle,TE,Iowa,2016,"~22 rec, 314 yds, 4 TD (approx.)","Auto-match (approx. library): low college volume, blocking-first usage. Verify exact line on Sports-Reference.",CFBD_SYNC
5139093,Amir Jackson,,Florida,SEC,TE,JR,77,232,"Statesboro, GA",2026,1,,,,,,,,,,,,,,1.0,14.0,0.0,14.0,George Kittle,TE,Iowa,2016,"~22 rec, 314 yds, 4 TD (approx.)","Auto-match (approx. library): low college volume, blocking-first usage. Verify exact line on Sports-Reference.",CFBD_SYNC
5139093,Amir Jackson,,Florida,SEC,TE,JR,77,232,"Statesboro, GA",2025,,,,,,,,,,,,,,,3.0,29.0,1.0,9.67,George Kittle,TE,Iowa,2016,"~22 rec, 314 yds, 4 TD (approx.)","Auto-match (approx. library): low college volume, blocking-first usage. Verify exact line on Sports-Reference.",CFBD_SYNC
4702556,Arlis Boardingham,,Florida,SEC,TE,SR,75,250,"Van Nuys, CA",2024,,,,,,,,,,,,,,,18.0,128.0,2.0,7.11,George Kittle,TE,Iowa,2016,"~22 rec, 314 yds, 4 TD (approx.)","Auto-match (approx. library): low college volume, blocking-first usage. Verify exact line on Sports-Reference.",CFBD_SYNC
4702556,Arlis Boardingham,,Florida,SEC,TE,SR,75,250,"Van Nuys, CA",2023,,,,,,,,,,,0.0,-2.0,0.0,,26.0,289.0,4.0,11.12,George Kittle,TE,Iowa,2016,"~22 rec, 314 yds, 4 TD (approx.)","Auto-match (approx. library): low college volume, blocking-first usage. Verify exact line on Sports-Reference.",CFBD_SYNC
4878109,Hayden Hansen,,Florida,SEC,TE,SR,80,270,"Weatherford, TX",2025,,,,,,,,,,,,,,,30.0,254.0,2.0,8.47,George Kittle,TE,Iowa,2016,"~22 rec, 314 yds, 4 TD (approx.)","Auto-match (approx. library): low college volume, blocking-first usage. Verify exact line on Sports-Reference.",CFBD_SYNC
4878109,Hayden Hansen,,Florida,SEC,TE,SR,80,270,"Weatherford, TX",2024,,,,,,,,,,,,,,,15.0,207.0,1.0,13.8,George Kittle,TE,Iowa,2016,"~22 rec, 314 yds, 4 TD (approx.)","Auto-match (approx. library): low college volume, blocking-first usage. Verify exact line on Sports-Reference.",CFBD_SYNC
4878109,Hayden Hansen,,Florida,SEC,TE,SR,80,270,"Weatherford, TX",2023,,,,,,,,,,,,,,,12.0,150.0,2.0,12.5,George Kittle,TE,Iowa,2016,"~22 rec, 314 yds, 4 TD (approx.)","Auto-match (approx. library): low college volume, blocking-first usage. Verify exact line on Sports-Reference.",CFBD_SYNC
5218907,Luke Harpring,,Florida,SEC,TE,JR,75,237,"Atlanta, GA",2026,1,,,,,,,,,,,,,,1.0,19.0,0.0,19.0,George Kittle,TE,Iowa,2016,"~22 rec, 314 yds, 4 TD (approx.)","Auto-match (approx. library): low college volume, blocking-first usage. Verify exact line on Sports-Reference.",CFBD_SYNC
5195483,Micah Jones,,Florida,SEC,TE,SO,76,254,"Madison, MS",2026,1,,,,,,,,,,,,,,1.0,6.0,1.0,6.0,George Kittle,TE,Iowa,2016,"~22 rec, 314 yds, 4 TD (approx.)","Auto-match (approx. library): low college volume, blocking-first usage. Verify exact line on Sports-Reference.",CFBD_SYNC
5121893,Tony Livingston,,Florida,SEC,TE,SR,78,255,"Tampa, FL",2025,,,,,,,,,,,,,,,11.0,119.0,2.0,10.82,George Kittle,TE,Iowa,2016,"~22 rec, 314 yds, 4 TD (approx.)","Auto-match (approx. library): low college volume, blocking-first usage. Verify exact line on Sports-Reference.",CFBD_SYNC
5121893,Tony Livingston,,Florida,SEC,TE,SR,78,255,"Tampa, FL",2024,,,,,,,,,,,,,,,10.0,109.0,2.0,10.9,George Kittle,TE,Iowa,2016,"~22 rec, 314 yds, 4 TD (approx.)","Auto-match (approx. library): low college volume, blocking-first usage. Verify exact line on Sports-Reference.",CFBD_SYNC
5121893,Tony Livingston,,Florida,SEC,TE,SR,78,255,"Tampa, FL",2023,,,,,,,,,,,,,,,1.0,4.0,0.0,4.0,George Kittle,TE,Iowa,2016,"~22 rec, 314 yds, 4 TD (approx.)","Auto-match (approx. library): low college volume, blocking-first usage. Verify exact line on Sports-Reference.",CFBD_SYNC
5141756,Elyiss Williams,,Georgia,SEC,TE,SO,79,255,"Kingsland, GA",2026,1,,,,,,,,,,,,,,2.0,36.0,1.0,18.0,George Kittle,TE,Iowa,2016,"~22 rec, 314 yds, 4 TD (approx.)","Auto-match (approx. library): low college volume, blocking-first usage. Verify exact line on Sports-Reference.",CFBD_SYNC
5141756,Elyiss Williams,,Georgia,SEC,TE,SO,79,255,"Kingsland, GA",2025,,,,,,,,,,,,,,,7.0,117.0,1.0,16.71,George Kittle,TE,Iowa,2016,"~22 rec, 314 yds, 4 TD (approx.)","Auto-match (approx. library): low college volume, blocking-first usage. Verify exact line on Sports-Reference.",CFBD_SYNC
5141371,Ethan Barbour,,Georgia,SEC,TE,SO,75,235,"Alpharetta, GA",2026,1,,,,,,,,,,,,,,1.0,10.0,0.0,10.0,George Kittle,TE,Iowa,2016,"~22 rec, 314 yds, 4 TD (approx.)","Auto-match (approx. library): low college volume, blocking-first usage. Verify exact line on Sports-Reference.",CFBD_SYNC
5218582,Jaden Reddell,,Georgia,SEC,TE,JR,76,240,"Raymore, MO",2026,1,,,,,,,,,,1.0,29.0,0.0,29.0,2.0,38.0,1.0,19.0,George Kittle,TE,Iowa,2016,"~22 rec, 314 yds, 4 TD (approx.)","Auto-match (approx. library): low college volume, blocking-first usage. Verify exact line on Sports-Reference.",CFBD_SYNC
5218582,Jaden Reddell,,Georgia,SEC,TE,JR,76,240,"Raymore, MO",2025,,,,,,,,,,,,,,,1.0,9.0,0.0,9.0,George Kittle,TE,Iowa,2016,"~22 rec, 314 yds, 4 TD (approx.)","Auto-match (approx. library): low college volume, blocking-first usage. Verify exact line on Sports-Reference.",CFBD_SYNC
5218582,Jaden Reddell,,Georgia,SEC,TE,JR,76,240,"Raymore, MO",2024,,,,,,,,,,,,,,,2.0,18.0,0.0,9.0,George Kittle,TE,Iowa,2016,"~22 rec, 314 yds, 4 TD (approx.)","Auto-match (approx. library): low college volume, blocking-first usage. Verify exact line on Sports-Reference.",CFBD_SYNC
5182804,Kaiden Prothro,,Georgia,SEC,TE,FR,78,230,"Bowdon, GA",2026,1,,,,,,,,,,,,,,1.0,16.0,1.0,16.0,George Kittle,TE,Iowa,2016,"~22 rec, 314 yds, 4 TD (approx.)","Auto-match (approx. library): low college volume, blocking-first usage. Verify exact line on Sports-Reference.",CFBD_SYNC
4870874,Lawson Luckie,,Georgia,SEC,TE,SR,76,240,"Norcross, GA",2025,,,,,,,,,,,,,,,15.0,158.0,4.0,10.53,George Kittle,TE,Iowa,2016,"~22 rec, 314 yds, 4 TD (approx.)","Auto-match (approx. library): low college volume, blocking-first usage. Verify exact line on Sports-Reference.",CFBD_SYNC
4870874,Lawson Luckie,,Georgia,SEC,TE,SR,76,240,"Norcross, GA",2024,,,,,,,,,,,,,,,24.0,348.0,3.0,14.5,George Kittle,TE,Iowa,2016,"~22 rec, 314 yds, 4 TD (approx.)","Auto-match (approx. library): low college volume, blocking-first usage. Verify exact line on Sports-Reference.",CFBD_SYNC
4870874,Lawson Luckie,,Georgia,SEC,TE,SR,76,240,"Norcross, GA",2023,,,,,,,,,,,,,,,2.0,9.0,1.0,4.5,George Kittle,TE,Iowa,2016,"~22 rec, 314 yds, 4 TD (approx.)","Auto-match (approx. library): low college volume, blocking-first usage. Verify exact line on Sports-Reference.",CFBD_SYNC
4871061,Pearce Spurlin III,,Georgia,SEC,TE,JR,79,230,"Santa Rosa Beach, FL",2023,,,,,,,,,,,,,,,3.0,60.0,0.0,20.0,George Kittle,TE,Iowa,2016,"~22 rec, 314 yds, 4 TD (approx.)","Auto-match (approx. library): low college volume, blocking-first usage. Verify exact line on Sports-Reference.",CFBD_SYNC
4826637,Henry Boyer,,Kentucky,SEC,TE,SR,78,270,"Chicago, IL",2026,1,,,,,,,,,,,,,,1.0,31.0,0.0,31.0,George Kittle,TE,Iowa,2016,"~22 rec, 314 yds, 4 TD (approx.)","Auto-match (approx. library): low college volume, blocking-first usage. Verify exact line on Sports-Reference.",CFBD_SYNC
4826637,Henry Boyer,,Kentucky,SEC,TE,SR,78,270,"Chicago, IL",2025,,,,,,,,,,,,,,,5.0,62.0,0.0,12.4,George Kittle,TE,Iowa,2016,"~22 rec, 314 yds, 4 TD (approx.)","Auto-match (approx. library): low college volume, blocking-first usage. Verify exact line on Sports-Reference.",CFBD_SYNC
4917619,Khamari Anderson,,Kentucky,SEC,TE,SR,77,255,"Detroit, MI",2024,,,,,,,,,,,,,,,5.0,29.0,0.0,5.8,George Kittle,TE,Iowa,2016,"~22 rec, 314 yds, 4 TD (approx.)","Auto-match (approx. library): low college volume, blocking-first usage. Verify exact line on Sports-Reference.",CFBD_SYNC
4917619,Khamari Anderson,,Kentucky,SEC,TE,SR,77,255,"Detroit, MI",2023,,,,,,,,,,,,,,,1.0,11.0,0.0,11.0,George Kittle,TE,Iowa,2016,"~22 rec, 314 yds, 4 TD (approx.)","Auto-match (approx. library): low college volume, blocking-first usage. Verify exact line on Sports-Reference.",CFBD_SYNC
5212635,Mikkel Skinner,,Kentucky,SEC,TE,SO,76,234,"Greer, SC",2026,1,,,,,,,,,,1.0,3.0,0.0,3.0,4.0,61.0,1.0,15.25,George Kittle,TE,Iowa,2016,"~22 rec, 314 yds, 4 TD (approx.)","Auto-match (approx. library): low college volume, blocking-first usage. Verify exact line on Sports-Reference.",CFBD_SYNC
5136838,Willie Rodriguez,,Kentucky,SEC,TE,JR,76,249,"Taylor Mill, KY",2026,1,,,,,,,,,,,,,,4.0,48.0,1.0,12.0,George Kittle,TE,Iowa,2016,"~22 rec, 314 yds, 4 TD (approx.)","Auto-match (approx. library): low college volume, blocking-first usage. Verify exact line on Sports-Reference.",CFBD_SYNC
5136838,Willie Rodriguez,,Kentucky,SEC,TE,JR,76,249,"Taylor Mill, KY",2025,,,,,,,,,,,,,,,23.0,310.0,1.0,13.48,George Kittle,TE,Iowa,2016,"~22 rec, 314 yds, 4 TD (approx.)","Auto-match (approx. library): low college volume, blocking-first usage. Verify exact line on Sports-Reference.",CFBD_SYNC
5136838,Willie Rodriguez,,Kentucky,SEC,TE,JR,76,249,"Taylor Mill, KY",2024,,,,,,,,,,,,,,,5.0,94.0,0.0,18.8,George Kittle,TE,Iowa,2016,"~22 rec, 314 yds, 4 TD (approx.)","Auto-match (approx. library): low college volume, blocking-first usage. Verify exact line on Sports-Reference.",CFBD_SYNC
5086240,Donovan Green,,LSU,SEC,TE,SR,75,238,"Houston, TX",2025,,,,,,,,,,,,,,,2.0,40.0,0.0,20.0,George Kittle,TE,Iowa,2016,"~22 rec, 314 yds, 4 TD (approx.)","Auto-match (approx. library): low college volume, blocking-first usage. Verify exact line on Sports-Reference.",CFBD_SYNC
5084293,Ka'Morreun Pimpton,,LSU,SEC,TE,SR,78,250,"Fort Worth, TX",2024,,,,,,,,,,,,,,,6.0,79.0,0.0,13.17,George Kittle,TE,Iowa,2016,"~22 rec, 314 yds, 4 TD (approx.)","Auto-match (approx. library): low college volume, blocking-first usage. Verify exact line on Sports-Reference.",CFBD_SYNC
5084293,Ka'Morreun Pimpton,,LSU,SEC,TE,SR,78,250,"Fort Worth, TX",2023,,,,,,,,,,,,,,,1.0,1.0,0.0,1.0,George Kittle,TE,Iowa,2016,"~22 rec, 314 yds, 4 TD (approx.)","Auto-match (approx. library): low college volume, blocking-first usage. Verify exact line on Sports-Reference.",CFBD_SYNC
5079420,Trey'Dez Green,,LSU,SEC,TE,JR,79,237,"Jackson, LA",2026,1,,,,,,,,,,,,,,4.0,58.0,0.0,14.5,George Kittle,TE,Iowa,2016,"~22 rec, 314 yds, 4 TD (approx.)","Auto-match (approx. library): low college volume, blocking-first usage. Verify exact line on Sports-Reference.",CFBD_SYNC
5079420,Trey'Dez Green,,LSU,SEC,TE,JR,79,237,"Jackson, LA",2025,,,,,,,,,,,,,,,33.0,433.0,7.0,13.12,Pat Freiermuth,TE,Penn State,2019,"~43 rec, 507 yds, 7 TD (approx.)","Auto-match (approx. library): red-zone Y, moderate volume. Verify exact line on Sports-Reference.",CFBD_SYNC
5079420,Trey'Dez Green,,LSU,SEC,TE,JR,79,237,"Jackson, LA",2024,,,,,,,,,,,,,,,13.0,101.0,4.0,7.77,George Kittle,TE,Iowa,2016,"~22 rec, 314 yds, 4 TD (approx.)","Auto-match (approx. library): low college volume, blocking-first usage. Verify exact line on Sports-Reference.",CFBD_SYNC
4890881,Cam Ball,,Mississippi State,SEC,TE,SR,79,247,"Glenn Dale, MD",2025,,,,,,,,,,,,,,,2.0,12.0,0.0,6.0,George Kittle,TE,Iowa,2016,"~22 rec, 314 yds, 4 TD (approx.)","Auto-match (approx. library): low college volume, blocking-first usage. Verify exact line on Sports-Reference.",CFBD_SYNC
4827049,Max Reese,,Mississippi State,SEC,TE,SR,74,245,"Chicago, IL",2025,,,,,,,,,,,,,,,2.0,1.0,0.0,0.5,George Kittle,TE,Iowa,2016,"~22 rec, 314 yds, 4 TD (approx.)","Auto-match (approx. library): low college volume, blocking-first usage. Verify exact line on Sports-Reference.",CFBD_SYNC
4871054,Riley Williams,,Mississippi State,SEC,TE,JR,77,250,"Portland, OR",2026,1,,,,,,,,,,,,,,1.0,9.0,0.0,9.0,George Kittle,TE,Iowa,2016,"~22 rec, 314 yds, 4 TD (approx.)","Auto-match (approx. library): low college volume, blocking-first usage. Verify exact line on Sports-Reference.",CFBD_SYNC
4920164,Sam West,,Mississippi State,SEC,TE,JR,76,250,"Greensburg, IN",2026,1,,,,,,,,,,,,,,1.0,11.0,0.0,11.0,George Kittle,TE,Iowa,2016,"~22 rec, 314 yds, 4 TD (approx.)","Auto-match (approx. library): low college volume, blocking-first usage. Verify exact line on Sports-Reference.",CFBD_SYNC
4920164,Sam West,,Mississippi State,SEC,TE,JR,76,250,"Greensburg, IN",2025,,,,,,,,,,,1.0,15.0,0.0,15.0,5.0,41.0,1.0,8.2,George Kittle,TE,Iowa,2016,"~22 rec, 314 yds, 4 TD (approx.)","Auto-match (approx. library): low college volume, blocking-first usage. Verify exact line on Sports-Reference.",CFBD_SYNC
4870869,Brett Norfleet,,Missouri,SEC,TE,SR,78,255,"O' Fallon, MO",2026,1,,,,,,,,,,,,,,2.0,13.0,0.0,6.5,George Kittle,TE,Iowa,2016,"~22 rec, 314 yds, 4 TD (approx.)","Auto-match (approx. library): low college volume, blocking-first usage. Verify exact line on Sports-Reference.",CFBD_SYNC
4870869,Brett Norfleet,,Missouri,SEC,TE,SR,78,255,"O' Fallon, MO",2025,,,,,,,,,,,,,,,31.0,254.0,5.0,8.19,George Kittle,TE,Iowa,2016,"~22 rec, 314 yds, 4 TD (approx.)","Auto-match (approx. library): low college volume, blocking-first usage. Verify exact line on Sports-Reference.",CFBD_SYNC
4870869,Brett Norfleet,,Missouri,SEC,TE,SR,78,255,"O' Fallon, MO",2024,,,,,,,,,,,,,,,26.0,235.0,2.0,9.04,George Kittle,TE,Iowa,2016,"~22 rec, 314 yds, 4 TD (approx.)","Auto-match (approx. library): low college volume, blocking-first usage. Verify exact line on Sports-Reference.",CFBD_SYNC
4870869,Brett Norfleet,,Missouri,SEC,TE,SR,78,255,"O' Fallon, MO",2023,,,,,,,,,,,,,,,18.0,197.0,3.0,10.94,George Kittle,TE,Iowa,2016,"~22 rec, 314 yds, 4 TD (approx.)","Auto-match (approx. library): low college volume, blocking-first usage. Verify exact line on Sports-Reference.",CFBD_SYNC
5121468,Jordon Harris,,Missouri,SEC,TE,SR,76,268,"Pine Bluff, AR",2025,,,,,,,,,,,,,,,4.0,48.0,0.0,12.0,George Kittle,TE,Iowa,2016,"~22 rec, 314 yds, 4 TD (approx.)","Auto-match (approx. library): low college volume, blocking-first usage. Verify exact line on Sports-Reference.",CFBD_SYNC
5121468,Jordon Harris,,Missouri,SEC,TE,SR,76,268,"Pine Bluff, AR",2024,,,,,,,,,,,,,,,5.0,48.0,0.0,9.6,George Kittle,TE,Iowa,2016,"~22 rec, 314 yds, 4 TD (approx.)","Auto-match (approx. library): low college volume, blocking-first usage. Verify exact line on Sports-Reference.",CFBD_SYNC
5158245,Jude James,,Missouri,SEC,TE,JR,74,235,"Saint Charles, MO",2025,,,,,,,,,,,,,,,6.0,81.0,2.0,13.5,George Kittle,TE,Iowa,2016,"~22 rec, 314 yds, 4 TD (approx.)","Auto-match (approx. library): low college volume, blocking-first usage. Verify exact line on Sports-Reference.",CFBD_SYNC
5083135,Carson Kent,,Oklahoma,SEC,TE,SR,76,250,"Milton, GA",2025,,,,,,,,,,,,,,,3.0,26.0,0.0,8.67,George Kittle,TE,Iowa,2016,"~22 rec, 314 yds, 4 TD (approx.)","Auto-match (approx. library): low college volume, blocking-first usage. Verify exact line on Sports-Reference.",CFBD_SYNC
4878109,Hayden Hansen,,Oklahoma,SEC,TE,SR,80,270,"Weatherford, TX",2026,1,,,,,,,,,,,,,,1.0,15.0,0.0,15.0,George Kittle,TE,Iowa,2016,"~22 rec, 314 yds, 4 TD (approx.)","Auto-match (approx. library): low college volume, blocking-first usage. Verify exact line on Sports-Reference.",CFBD_SYNC
4873418,Kaden Helms,,Oklahoma,SEC,TE,SR,76,240,"Bellevue, NE",2025,,,,,,,,,,,,,,,5.0,35.0,1.0,7.0,George Kittle,TE,Iowa,2016,"~22 rec, 314 yds, 4 TD (approx.)","Auto-match (approx. library): low college volume, blocking-first usage. Verify exact line on Sports-Reference.",CFBD_SYNC
4873418,Kaden Helms,,Oklahoma,SEC,TE,SR,76,240,"Bellevue, NE",2024,,,,,,,,,,,,,,,2.0,19.0,1.0,9.5,George Kittle,TE,Iowa,2016,"~22 rec, 314 yds, 4 TD (approx.)","Auto-match (approx. library): low college volume, blocking-first usage. Verify exact line on Sports-Reference.",CFBD_SYNC
4907786,Rocky Beers,,Oklahoma,SEC,TE,SR,77,240,"Littleton, CO",2026,1,,,,,,,,,,,,,,2.0,43.0,1.0,21.5,George Kittle,TE,Iowa,2016,"~22 rec, 314 yds, 4 TD (approx.)","Auto-match (approx. library): low college volume, blocking-first usage. Verify exact line on Sports-Reference.",CFBD_SYNC
5079647,Caleb Odom,,Ole Miss,SEC,TE,JR,77,240,"Carrollton, GA",2026,1,,,,,,,,,,,,,,3.0,66.0,1.0,22.0,George Kittle,TE,Iowa,2016,"~22 rec, 314 yds, 4 TD (approx.)","Auto-match (approx. library): low college volume, blocking-first usage. Verify exact line on Sports-Reference.",CFBD_SYNC
5079647,Caleb Odom,,Ole Miss,SEC,TE,JR,77,240,"Carrollton, GA",2025,,,,,,,,,,,,,,,19.0,197.0,2.0,10.37,George Kittle,TE,Iowa,2016,"~22 rec, 314 yds, 4 TD (approx.)","Auto-match (approx. library): low college volume, blocking-first usage. Verify exact line on Sports-Reference.",CFBD_SYNC
5041960,Jayvontay Conner,,Ole Miss,SEC,TE,JR,76,235,"Winston-Salem, NC",2023,,,,,,,,,,,,,,,1.0,7.0,0.0,7.0,George Kittle,TE,Iowa,2016,"~22 rec, 314 yds, 4 TD (approx.)","Auto-match (approx. library): low college volume, blocking-first usage. Verify exact line on Sports-Reference.",CFBD_SYNC
4870797,Luke Hasz,,Ole Miss,SEC,TE,SR,74,240,"Bixby, OK",2026,1,,,,,,,,,,,,,,1.0,11.0,0.0,11.0,George Kittle,TE,Iowa,2016,"~22 rec, 314 yds, 4 TD (approx.)","Auto-match (approx. library): low college volume, blocking-first usage. Verify exact line on Sports-Reference.",CFBD_SYNC
4870797,Luke Hasz,,Ole Miss,SEC,TE,SR,74,240,"Bixby, OK",2025,,,,,,,,,,,,,,,3.0,28.0,1.0,9.33,George Kittle,TE,Iowa,2016,"~22 rec, 314 yds, 4 TD (approx.)","Auto-match (approx. library): low college volume, blocking-first usage. Verify exact line on Sports-Reference.",CFBD_SYNC
5150436,Wyatt Smalley,,Ole Miss,SEC,TE,JR,74,220,"Milton, GA",2024,,,,,,,,,,,,,,,1.0,8.0,0.0,8.0,George Kittle,TE,Iowa,2016,"~22 rec, 314 yds, 4 TD (approx.)","Auto-match (approx. library): low college volume, blocking-first usage. Verify exact line on Sports-Reference.",CFBD_SYNC
4683210,Brady Hunt,,South Carolina,SEC,TE,SR,77,251,"Muncie, IN",2026,1,,,,,,,,,,,,,,1.0,10.0,0.0,10.0,George Kittle,TE,Iowa,2016,"~22 rec, 314 yds, 4 TD (approx.)","Auto-match (approx. library): low college volume, blocking-first usage. Verify exact line on Sports-Reference.",CFBD_SYNC
4683210,Brady Hunt,,South Carolina,SEC,TE,SR,77,251,"Muncie, IN",2025,,,,,,,,,,,3.0,3.0,2.0,1.0,21.0,168.0,0.0,8.0,George Kittle,TE,Iowa,2016,"~22 rec, 314 yds, 4 TD (approx.)","Auto-match (approx. library): low college volume, blocking-first usage. Verify exact line on Sports-Reference.",CFBD_SYNC
4683210,Brady Hunt,,South Carolina,SEC,TE,SR,77,251,"Muncie, IN",2024,,,,,,,,,,,,,,,2.0,22.0,0.0,11.0,George Kittle,TE,Iowa,2016,"~22 rec, 314 yds, 4 TD (approx.)","Auto-match (approx. library): low college volume, blocking-first usage. Verify exact line on Sports-Reference.",CFBD_SYNC
4923057,Connor Cox,,South Carolina,SEC,TE,SR,78,250,"Jacksonville, FL",2024,,,,,,,,,,,,,,,1.0,9.0,1.0,9.0,George Kittle,TE,Iowa,2016,"~22 rec, 314 yds, 4 TD (approx.)","Auto-match (approx. library): low college volume, blocking-first usage. Verify exact line on Sports-Reference.",CFBD_SYNC
5154341,Maurice Brown II,,South Carolina,SEC,TE,SR,76,250,"Upper Marlboro, MD",2025,,,,,,,,,,,,,,,2.0,24.0,0.0,12.0,George Kittle,TE,Iowa,2016,"~22 rec, 314 yds, 4 TD (approx.)","Auto-match (approx. library): low college volume, blocking-first usage. Verify exact line on Sports-Reference.",CFBD_SYNC
5154341,Maurice Brown II,,South Carolina,SEC,TE,SR,76,250,"Upper Marlboro, MD",2024,,,,,,,,,,,1.0,0.0,0.0,0.0,1.0,1.0,1.0,1.0,George Kittle,TE,Iowa,2016,"~22 rec, 314 yds, 4 TD (approx.)","Auto-match (approx. library): low college volume, blocking-first usage. Verify exact line on Sports-Reference.",CFBD_SYNC
5079592,Michael Smith,,South Carolina,SEC,TE,SO,76,260,"Savannah, GA",2025,,,,,,,,,,,,,,,2.0,20.0,0.0,10.0,George Kittle,TE,Iowa,2016,"~22 rec, 314 yds, 4 TD (approx.)","Auto-match (approx. library): low college volume, blocking-first usage. Verify exact line on Sports-Reference.",CFBD_SYNC
5079592,Michael Smith,,South Carolina,SEC,TE,SO,76,260,"Savannah, GA",2024,,,,,,,,,,,,,,,10.0,106.0,1.0,10.6,George Kittle,TE,Iowa,2016,"~22 rec, 314 yds, 4 TD (approx.)","Auto-match (approx. library): low college volume, blocking-first usage. Verify exact line on Sports-Reference.",CFBD_SYNC
5214451,Mike Tyler,,South Carolina,SEC,TE,SO,76,245,"Columbia, SC",2026,1,,,,,,,,,,,,,,3.0,7.0,1.0,2.33,George Kittle,TE,Iowa,2016,"~22 rec, 314 yds, 4 TD (approx.)","Auto-match (approx. library): low college volume, blocking-first usage. Verify exact line on Sports-Reference.",CFBD_SYNC
5214451,Mike Tyler,,South Carolina,SEC,TE,SO,76,245,"Columbia, SC",2025,,,,,,,,,,,,,,,1.0,13.0,0.0,13.0,George Kittle,TE,Iowa,2016,"~22 rec, 314 yds, 4 TD (approx.)","Auto-match (approx. library): low college volume, blocking-first usage. Verify exact line on Sports-Reference.",CFBD_SYNC
5193481,Cole Harrison,,Tennessee,SEC,TE,SO,77,239,"San Mateo, CA",2025,,,,,,,,,,,,,,,1.0,17.0,0.0,17.0,George Kittle,TE,Iowa,2016,"~22 rec, 314 yds, 4 TD (approx.)","Auto-match (approx. library): low college volume, blocking-first usage. Verify exact line on Sports-Reference.",CFBD_SYNC
5141391,DaSaahn Brame,,Tennessee,SEC,TE,SO,77,240,"Derby, KS",2025,,,,,,,,,,,,,,,6.0,63.0,0.0,10.5,George Kittle,TE,Iowa,2016,"~22 rec, 314 yds, 4 TD (approx.)","Auto-match (approx. library): low college volume, blocking-first usage. Verify exact line on Sports-Reference.",CFBD_SYNC
4870683,Ethan Davis,,Tennessee,SEC,TE,JR,77,247,"Atlanta, GA",2026,1,,,,,,,,,,,,,,1.0,17.0,1.0,17.0,George Kittle,TE,Iowa,2016,"~22 rec, 314 yds, 4 TD (approx.)","Auto-match (approx. library): low college volume, blocking-first usage. Verify exact line on Sports-Reference.",CFBD_SYNC
4870683,Ethan Davis,,Tennessee,SEC,TE,JR,77,247,"Atlanta, GA",2025,,,,,,,,,,,,,,,21.0,257.0,2.0,12.24,George Kittle,TE,Iowa,2016,"~22 rec, 314 yds, 4 TD (approx.)","Auto-match (approx. library): low college volume, blocking-first usage. Verify exact line on Sports-Reference.",CFBD_SYNC
4870683,Ethan Davis,,Tennessee,SEC,TE,JR,77,247,"Atlanta, GA",2024,,,,,,,,,,,,,,,13.0,100.0,2.0,7.69,George Kittle,TE,Iowa,2016,"~22 rec, 314 yds, 4 TD (approx.)","Auto-match (approx. library): low college volume, blocking-first usage. Verify exact line on Sports-Reference.",CFBD_SYNC
4870683,Ethan Davis,,Tennessee,SEC,TE,JR,77,247,"Atlanta, GA",2023,,,,,,,,,,,,,,,2.0,33.0,0.0,16.5,George Kittle,TE,Iowa,2016,"~22 rec, 314 yds, 4 TD (approx.)","Auto-match (approx. library): low college volume, blocking-first usage. Verify exact line on Sports-Reference.",CFBD_SYNC
5141744,Jack Van Dorselaer,,Tennessee,SEC,TE,SO,76,250,"Southlake, TX",2025,,,,,,,,,,,,,,,5.0,23.0,1.0,4.6,George Kittle,TE,Iowa,2016,"~22 rec, 314 yds, 4 TD (approx.)","Auto-match (approx. library): low college volume, blocking-first usage. Verify exact line on Sports-Reference.",CFBD_SYNC
5119659,Trent Thomas,,Tennessee,SEC,TE,JR,77,252,"Mobile, AL",2026,1,,,,,,,,,,,,,,2.0,13.0,0.0,6.5,George Kittle,TE,Iowa,2016,"~22 rec, 314 yds, 4 TD (approx.)","Auto-match (approx. library): low college volume, blocking-first usage. Verify exact line on Sports-Reference.",CFBD_SYNC
5141757,Emaree Winston,,Texas,SEC,TE,SO,73,245,"Calhoun, GA",2026,1,,,,,,,,,,,,,,2.0,25.0,0.0,12.5,George Kittle,TE,Iowa,2016,"~22 rec, 314 yds, 4 TD (approx.)","Auto-match (approx. library): low college volume, blocking-first usage. Verify exact line on Sports-Reference.",CFBD_SYNC
5141757,Emaree Winston,,Texas,SEC,TE,SO,73,245,"Calhoun, GA",2025,,,,,,,,,,,,,,,2.0,47.0,0.0,23.5,George Kittle,TE,Iowa,2016,"~22 rec, 314 yds, 4 TD (approx.)","Auto-match (approx. library): low college volume, blocking-first usage. Verify exact line on Sports-Reference.",CFBD_SYNC
5146756,Jordan Washington,,Texas,SEC,TE,SO,76,264,"Houston, TX",2025,,,,,,,,,,,,,,,7.0,109.0,1.0,15.57,George Kittle,TE,Iowa,2016,"~22 rec, 314 yds, 4 TD (approx.)","Auto-match (approx. library): low college volume, blocking-first usage. Verify exact line on Sports-Reference.",CFBD_SYNC
5195299,Nick Townsend,,Texas,SEC,TE,SO,75,250,"Houston, TX",2026,1,,,,,,,,,,,,,,1.0,9.0,0.0,9.0,George Kittle,TE,Iowa,2016,"~22 rec, 314 yds, 4 TD (approx.)","Auto-match (approx. library): low college volume, blocking-first usage. Verify exact line on Sports-Reference.",CFBD_SYNC
5195299,Nick Townsend,,Texas,SEC,TE,SO,75,250,"Houston, TX",2025,,,,,,,,,,,2.0,0.0,1.0,0.0,2.0,7.0,0.0,3.5,George Kittle,TE,Iowa,2016,"~22 rec, 314 yds, 4 TD (approx.)","Auto-match (approx. library): low college volume, blocking-first usage. Verify exact line on Sports-Reference.",CFBD_SYNC
4921318,Spencer Shannon,,Texas,SEC,TE,JR,79,260,"San Clemente, CA",2026,1,,,,,,,,,,,,,,1.0,11.0,0.0,11.0,George Kittle,TE,Iowa,2016,"~22 rec, 314 yds, 4 TD (approx.)","Auto-match (approx. library): low college volume, blocking-first usage. Verify exact line on Sports-Reference.",CFBD_SYNC
4685157,Blake Smith,,Texas A&M,SEC,TE,SR,76,250,"Southlake, TX",2022,,,,,,,,,,,,,,,2.0,1.0,0.0,0.5,George Kittle,TE,Iowa,2016,"~22 rec, 314 yds, 4 TD (approx.)","Auto-match (approx. library): low college volume, blocking-first usage. Verify exact line on Sports-Reference.",CFBD_SYNC
5086240,Donovan Green,,Texas A&M,SEC,TE,SR,75,238,"Houston, TX",2022,,,,,,,,,,,,,,,22.0,233.0,2.0,10.59,George Kittle,TE,Iowa,2016,"~22 rec, 314 yds, 4 TD (approx.)","Auto-match (approx. library): low college volume, blocking-first usage. Verify exact line on Sports-Reference.",CFBD_SYNC
4899360,Jaden Platt,,Texas A&M,SEC,TE,JR,77,255,"Haslet, TX",2023,,,,,,,,,,,,,,,2.0,52.0,1.0,26.0,George Kittle,TE,Iowa,2016,"~22 rec, 314 yds, 4 TD (approx.)","Auto-match (approx. library): low college volume, blocking-first usage. Verify exact line on Sports-Reference.",CFBD_SYNC
4685414,Jake Johnson,,Texas A&M,SEC,TE,SR,78,245,"Athens, GA",2023,,,,,,,,,,,,,,,24.0,235.0,4.0,9.79,George Kittle,TE,Iowa,2016,"~22 rec, 314 yds, 4 TD (approx.)","Auto-match (approx. library): low college volume, blocking-first usage. Verify exact line on Sports-Reference.",CFBD_SYNC
4685414,Jake Johnson,,Texas A&M,SEC,TE,SR,78,245,"Athens, GA",2022,,,,,,,,,,,,,,,1.0,2.0,0.0,2.0,George Kittle,TE,Iowa,2016,"~22 rec, 314 yds, 4 TD (approx.)","Auto-match (approx. library): low college volume, blocking-first usage. Verify exact line on Sports-Reference.",CFBD_SYNC
5081054,Micah Riley,,Texas A&M,SEC,TE,SR,77,263,"Omaha, NE",2026,1,,,,,,,,,,,,,,2.0,13.0,0.0,6.5,George Kittle,TE,Iowa,2016,"~22 rec, 314 yds, 4 TD (approx.)","Auto-match (approx. library): low college volume, blocking-first usage. Verify exact line on Sports-Reference.",CFBD_SYNC
4870843,Theo Melin Ohrstrom,,Texas A&M,SEC,TE,SR,78,257,Stockholm,2025,,,,,,,,,,,,,,,19.0,168.0,1.0,8.84,George Kittle,TE,Iowa,2016,"~22 rec, 314 yds, 4 TD (approx.)","Auto-match (approx. library): low college volume, blocking-first usage. Verify exact line on Sports-Reference.",CFBD_SYNC
4870843,Theo Melin Ohrstrom,,Texas A&M,SEC,TE,SR,78,257,Stockholm,2024,,,,,,,,,,,,,,,10.0,184.0,2.0,18.4,George Kittle,TE,Iowa,2016,"~22 rec, 314 yds, 4 TD (approx.)","Auto-match (approx. library): low college volume, blocking-first usage. Verify exact line on Sports-Reference.",CFBD_SYNC
4799991,Cole Spence,,Vanderbilt,SEC,TE,SR,79,255,"Roswell, GA",2025,,,,,,,,,,,,,,,15.0,233.0,2.0,15.53,George Kittle,TE,Iowa,2016,"~22 rec, 314 yds, 4 TD (approx.)","Auto-match (approx. library): low college volume, blocking-first usage. Verify exact line on Sports-Reference.",CFBD_SYNC
4799991,Cole Spence,,Vanderbilt,SEC,TE,SR,79,255,"Roswell, GA",2024,,,,,,,,,,,,,,,10.0,101.0,2.0,10.1,George Kittle,TE,Iowa,2016,"~22 rec, 314 yds, 4 TD (approx.)","Auto-match (approx. library): low college volume, blocking-first usage. Verify exact line on Sports-Reference.",CFBD_SYNC
5041960,Jayvontay Conner,,Vanderbilt,SEC,TE,JR,76,235,"Winston-Salem, NC",2026,1,,,,,,,,,,,,,,4.0,30.0,0.0,7.5,George Kittle,TE,Iowa,2016,"~22 rec, 314 yds, 4 TD (approx.)","Auto-match (approx. library): low college volume, blocking-first usage. Verify exact line on Sports-Reference.",CFBD_SYNC
5086448,Kamrean Johnson,,Vanderbilt,SEC,TE,SR,77,230,"Birmingham, AL",2024,,,,,,,,,,,,,,,1.0,6.0,1.0,6.0,George Kittle,TE,Iowa,2016,"~22 rec, 314 yds, 4 TD (approx.)","Auto-match (approx. library): low college volume, blocking-first usage. Verify exact line on Sports-Reference.",CFBD_SYNC
5086448,Kamrean Johnson,,Vanderbilt,SEC,TE,SR,77,230,"Birmingham, AL",2023,,,,,,,,,,,,,,,10.0,99.0,2.0,9.9,George Kittle,TE,Iowa,2016,"~22 rec, 314 yds, 4 TD (approx.)","Auto-match (approx. library): low college volume, blocking-first usage. Verify exact line on Sports-Reference.",CFBD_SYNC
5169215,Maurice Veney,,Vanderbilt,SEC,TE,JR,76,270,"Philadelphia, PA",2026,1,,,,,,,,,,,,,,1.0,20.0,0.0,20.0,George Kittle,TE,Iowa,2016,"~22 rec, 314 yds, 4 TD (approx.)","Auto-match (approx. library): low college volume, blocking-first usage. Verify exact line on Sports-Reference.",CFBD_SYNC
4915713,Walter Taylor,,Vanderbilt,SEC,TE,SR,79,235,"Jackson, AL",2023,,,15.0,5.0,33.3,44.0,0.0,1.0,2.93,44.6,30.0,102.0,1.0,3.4,,,,,George Kittle,TE,Iowa,2016,"~22 rec, 314 yds, 4 TD (approx.)","Auto-match (approx. library): low college volume, blocking-first usage. Verify exact line on Sports-Reference.",CFBD_SYNC
